taxsimid,year,state,mstat,page,sage,depx,pwages,psemp,swages,ssemp,dividends,intrec,stcg,ltcg,otherprop,nonprop,pensions,gssi,pui,sui,transfers,rentpaid,proptax,otheritem,childcare,mortgage,scorp,idtl,age1,age2,age3,age4,age5,age6,age7,age8,age9,age10,age11
88052,2025,1,1,85,0,0,0.0,-24784772.0,0.0,0.0,0.0,0.0,-1521430.75,-438936.84375,0,0,0.0,817.2284644194756,1.1333333333333333,0.0,0,0.0,0.0,0,0.0,0.0,-4117041.0,2,,,,,,,,,,,
88053,2025,1,1,49,0,0,43684.51953125,0.0,0.0,0.0,0.0,0.0,0.0,0.0,0,0,0.0,0.0,0.0,0.0,0,0.0,0.0,0,0.0,0.0,0.0,2,,,,,,,,,,,
88054,2025,1,1,69,0,0,0.0,0.0,0.0,0.0,0.0,40.41845703125,0.0,0.0,0,0,6295.4267578125,37682.40449438202,0.0,0.0,0,0.0,0.0,0,0.0,0.0,0.0,2,,,,,,,,,,,
88055,2025,1,1,53,0,0,232786.25,44023.078125,0.0,0.0,28209.28515625,3021.27978515625,0.0,240961.0,0,0,0.0,0.0,0.0,0.0,0,0.0,0.0,0,0.0,0.0,247715.5625,2,,,,,,,,,,,
88056,2025,1,2,62,61,0,652506.1875,67352.59375,5657.69482421875,0.0,97214.0078125,41890.33203125,-10.945213317871094,213211.28125,0,0,29009.912109375,0.0,1360.0,0.0,0,0.0,0.0,0,0.0,0.0,416942.875,2,,,,,,,,,,,
88057,2025,1,2,28,27,2,143992.859375,211828.09375,3861.18408203125,0.0,7079.53369140625,1547.9935302734375,0.0,56399.9296875,0,0,0.0,0.0,0.0,0.0,0,0.0,0.0,0,20787.848101265823,0.0,496034.40625,2,4.0,1.0,,,,,,,,,
88058,2025,1,1,66,0,0,0.0,0.0,0.0,0.0,0.0,0.0,-433.9196472167969,-108.47991180419922,0,0,0.0,10051.91011235955,0.0,0.0,0,0.0,0.0,0,0.0,0.0,0.0,2,,,,,,,,,,,
88059,2025,1,2,34,32,1,64029.31640625,0.0,60566.703124999985,0.0,117.63349914550744,50.633449077606194,0.0,0.0,0,0,0.0,0.0,0.0,0.0,0,0.0,0.0,0,649.620253164557,0.0,3145.084228515598,2,4.0,,,,,,,,,,
88060,2025,1,1,68,0,0,0.0,0.0,0.0,0.0,1567.1824951171875,323.34765625,0.0,0.0,0,0,4515.01953125,0.0,0.0,0.0,0,0.0,0.0,0,0.0,0.0,0.0,2,,,,,,,,,,,
88061,2025,1,2,71,73,0,0.0,0.0,113841.0078125,0.0,20009.486328125,12455.405273437498,-5.799521446228027,249621.93749999927,0,0,32503.583984374884,18369.252808988764,0.0,0.0,0,0.0,0.0,0,0.0,0.0,72674.30468749987,2,,,,,,,,,,,
88062,2025,1,1,35,0,3,29558.275390625,0.0,0.0,0.0,0.0,0.0,0.0,0.0,0,0,0.0,0.0,0.0,0.0,0,0.0,0.0,0,0.0,0.0,0.0,2,14.0,12.0,9.0,,,,,,,,
88063,2025,1,1,59,0,0,103750.72656249985,0.0,0.0,0.0,0.0,101.046142578125,0.0,759.3593749999898,0,0,0.0,0.0,0.0,0.0,0,0.0,0.0,0,0.0,0.0,0.0,2,,,,,,,,,,,
88064,2025,1,2,38,33,3,2118186.75,4288.03564453125,97304.390625,0.0,90009.396484375,62138.2702331543,338.5226135253906,2743066.7294921875,0,0,0.0,0.0,0.0,0.0,0,0.0,0.0,0,0.0,0.0,2103600.8325195312,2,13.0,9.0,9.0,,,,,,,,
88065,2025,1,2,59,53,1,215333.65625,35567.4296875,15410.6591796875,0.0,15994.98046875,6410.77880859375,0.0,384154.5,0,0,3147.2314453125,0.0,0.0,0.0,0,0.0,0.0,0,0.0,0.0,170377.234375,2,18.0,,,,,,,,,,
88066,2025,1,2,36,32,0,134707.78125,0.0,33767.01953125,0.0,4099.986831665039,1270.0738096237183,0.0,9457.4091796875,0,0,0.0,0.0,0.0,0.0,0,0.0,0.0,0,0.0,0.0,16715.591796875,2,,,,,,,,,,,
88067,2025,1,2,61,59,0,110044.1796875,0.0,12175.333984375,0.0,5004.83203125,2805.542236328125,0.0,4406.99658203125,0,0,0.0,0.0,0.0,0.0,0,0.0,0.0,0,0.0,0.0,26167.5078125,2,,,,,,,,,,,
88068,2025,1,2,45,43,1,111541.4609375,2275.3498535156173,0.0,-143540.625,2135.904541015625,404.31643676757585,-524197.875,-521572.0673828125,0,0,0.0,0.0,0.0,0.0,0,0.0,0.0,0,0.0,0.0,-690083.9296875002,2,14.0,,,,,,,,,,
88069,2025,1,1,33,0,3,3430.6591796875,0.0,0.0,0.0,0.0,0.0,0.0,0.0,0,0,0.0,0.0,0.0,0.0,0,0.0,0.0,0,0.0,0.0,0.0,2,8.0,6.0,1.0,,,,,,,,
88070,2025,1,2,66,61,0,0.0,-2643263.5,57242.94921875,0.0,843.356201171875,141.3330841064453,-497453.125,-142691.49850463867,0,0,7.63417387008667,0.0,0.0,0.0,0,0.0,0.0,0,0.0,0.0,-42486176.0,2,,,,,,,,,,,
88071,2025,1,1,76,0,0,46177.3828125,301.29864501953125,0.0,0.0,30798.54296875,16874.70703125,0.0,48137.9609375,0,0,37470.0078125,2206.516853932584,0.0,0.0,0,0.0,0.0,0,0.0,0.0,83.05635070800781,2,,,,,,,,,,,
88072,2025,1,2,85,85,0,0.0,0.0,730.2445678710938,0.0,157.05437469482422,174.24079275131226,0.0,0.0,0,0,0.0,32411.2808988764,0.0,0.0,0,0.0,0.0,0,0.0,0.0,0.0,2,,,,,,,,,,,
88073,2025,1,1,64,0,0,40954.234375,0.0,0.0,0.0,0.0,0.0,0.0,0.0,0,0,0.0,0.0,0.0,0.0,0,0.0,0.0,0,0.0,0.0,0.0,2,,,,,,,,,,,
88074,2025,1,2,68,68,0,0.0,0.0,9933.30078125,0.0,44.85200500488281,94.06587219238281,-0.08496805280447006,0.0,0,0,0.0,31553.19101123595,0.0,0.0,0,0.0,0.0,0,0.0,0.0,0.0,2,,,,,,,,,,,
88075,2025,1,1,30,0,1,9164.251953125,0.0,0.0,0.0,0.0,0.0,0.0,0.0,0,0,0.0,0.0,0.0,0.0,0,6733.274802458296,0.0,0,0.0,0.0,0.0,2,5.0,,,,,,,,,,
88076,2025,1,2,68,68,0,591.3352661132812,0.0,0.0,0.0,2003.26806640625,195.739501953125,0.0,2798.156982421875,0,0,0.0,53937.078651685384,0.0,0.0,0,0.0,0.0,0,0.0,0.0,0.0,2,,,,,,,,,,,
88077,2025,1,2,63,59,0,61114.78515625,0.0,12175.333984375,0.0,1362.73046875,361.61285400390625,0.0,212.35232543945312,0,0,0.0,0.0,0.0,0.0,0,0.0,0.0,0,0.0,0.0,0.0,2,,,,,,,,,,,
88078,2025,1,2,61,61,0,300188.0,408726.40625,35051.13671875,0.0,650725.0625,203717.42300605774,50890.34765625,60685544.0,0,0,83239.1328125,0.0,0.0,0.0,0,0.0,0.0,0,0.0,0.0,3240094.25,2,,,,,,,,,,,
88079,2025,1,1,66,0,0,0.0,0.0,0.0,0.0,0.0,40.41845703125,0.0,0.0,0,0,0.0,7220.213483146066,0.0,0.0,0,0.0,0.0,0,0.0,0.0,0.0,2,,,,,,,,,,,
88080,2025,1,2,56,51,0,102728.296875,0.0,0.0,-26773.91796875,1329.2425537109375,273.5704650878906,-1559320.875,-34644.517028808594,0,0,0.0,0.0,0.0,0.0,0,0.0,0.0,0,0.0,0.0,-779328.75,2,,,,,,,,,,,
88081,2025,1,2,39,18,1,641365.0,0.0,2937.52001953125,0.0,10995.845703125,2493.68408203125,0.0,26734.421875,0,0,0.0,0.0,0.0,0.0,0,0.0,0.0,0,0.0,0.0,0.0,2,12.0,,,,,,,,,,
88082,2025,1,1,25,0,0,18399.728515625,0.0,0.0,0.0,0.0,0.0,0.0,0.0,0,0,0.0,0.0,0.0,0.0,0,0.0,0.0,0,0.0,0.0,0.0,2,,,,,,,,,,,
88083,2025,1,1,40,0,2,0.0,-41864.6640625,0.0,0.0,0.0,0.0,0.0,0.0,0,0,0.0,0.0,0.0,0.0,0,0.0,0.0,0,0.0,0.0,0.0,2,15.0,13.0,,,,,,,,,
88084,2025,1,2,25,25,0,10269.8486328125,-878.0256958007812,61065.4375,21754.330078125,3588.650634765625,25.704288482666016,3105.066650390625,3881.33349609375,0,0,1682.0968017578125,0.0,0.0,0.0,0,10773.239683933274,0.0,0,0.0,0.0,7924.5244140625,2,,,,,,,,,,,
88085,2025,1,2,56,57,0,63111.01171874996,834.6610107421872,7935654.0,19428864.0,12147285.610839844,528341.0546875,27247.609375,35528704.42480469,0,0,132138.2446899414,0.0,0.0,0.0,0,0.0,0.0,0,0.0,0.0,15977015.889160156,2,,,,,,,,,,,
88086,2025,1,2,34,41,2,6098.09765625,0.0,250614.96874999994,18292.451171874935,7370.905273437492,1140.1662597656248,0.0,6210.950195312461,0,0,0.0,0.0,0.0,0.0,0,0.0,0.0,0,0.0,0.0,90398.56249999967,2,11.0,8.0,,,,,,,,,
88087,2025,1,2,44,44,1,864547.1875,5858.97705078125,6552770.0,1365212.875,3091959.63671875,632533.9418945312,3034806.4430618286,22821952.3515625,0,0,37842.05859375,0.0,0.0,0.0,0,0.0,0.0,0,0.0,0.0,35934293.76269531,2,10.0,,,,,,,,,,
88088,2025,1,1,68,0,0,395297.40625,2365194.25,0.0,0.0,46579388.0,2277580.25,438530.0625,20706104.0,0,0,621513.375,19809.617977528087,0.0,0.0,0,0.0,0.0,0,0.0,0.0,8149904.5,2,,,,,,,,,,,
88089,2025,1,2,74,73,0,11731.8251953125,0.0,145636.578125,0.0,12099.976745605469,2229.6385498046875,-5.214606285095215,19217.018310546875,0,0,0.0,2717.2846441947563,0.0,23120.0,0,0.0,0.0,0,0.0,0.0,3061.836669921875,2,,,,,,,,,,,
88090,2025,1,1,53,0,0,38461.37109375,0.0,0.0,0.0,0.0,0.0,0.0,0.0,0,0,0.0,0.0,0.0,0.0,0,0.0,0.0,0,0.0,0.0,0.0,2,,,,,,,,,,,
88091,2025,1,1,43,0,1,0.0,0.0,0.0,0.0,0.0,0.0,0.0,0.0,0,0,0.0,0.0,0.0,0.0,0,0.0,0.0,0,0.0,0.0,0.0,2,11.0,,,,,,,,,,
88092,2025,1,1,69,0,0,0.0,0.0,0.0,0.0,5164.888671874998,1768.3076171874936,0.0,10888.67089843749,0,0,28858.88867187498,18277.314606741573,0.0,0.0,0,0.0,0.0,0,0.0,0.0,0.0,2,,,,,,,,,,,
88093,2025,1,2,23,20,1,41469.38671875,280.3244934082031,1653.920654296875,0.0,0.0,0.0,0.0,0.0,0,0,0.0,0.0,0.0,0.0,0,12242.317822651446,0.0,0,0.0,0.0,0.0,2,0.0,,,,,,,,,,
88094,2025,1,2,61,39,0,172128.234375,9821.5625,6839.48046875,0.0,64196.68359375,16918.359375,-3705.12744140625,381243.2607421875,0,0,20215.796875,0.0,0.0,0.0,0,0.0,0.0,0,0.0,0.0,357760.25,2,,,,,,,,,,,
88095,2025,1,1,43,0,0,34306.58984375,0.0,0.0,0.0,0.0,0.0,0.0,0.0,0,0,0.0,0.0,0.0,0.0,0,8569.622475856013,0.0,0,0.0,0.0,0.0,2,,,,,,,,,,,
88096,2025,1,1,32,0,2,82976.84375,28288.59375,0.0,0.0,27.255348205566406,131.3599853515625,0.0,0.0,0,0,5748.50439453125,0.0,0.0,0.0,0,13466.549604916592,0.0,0,0.0,0.0,0.0,2,8.0,6.0,,,,,,,,,
88097,2025,1,2,35,40,3,52107.26953125,0.0,0.0,0.0,75.83316040039062,86.0767822265625,-14509.1884765625,12.197587013244629,0,0,0.0,0.0,0.0,0.0,0,0.0,0.0,0,0.0,0.0,-75016.8359375,2,16.0,15.0,2.0,,,,,,,,
88098,2025,1,2,79,80,0,1961957.25,3773489.75,0.0,0.0,643396.875,887019.0625,332075.609375,9111912.592041016,0,0,50864.73046875,33024.20224719101,0.0,0.0,0,0.0,0.0,0,0.0,0.0,1429277.40625,2,,,,,,,,,,,
88099,2025,1,1,47,0,0,15550.73828125,0.0,0.0,0.0,0.0,0.0,-745.7993774414062,0.0,0,0,0.0,0.0,0.0,0.0,0,0.0,0.0,0,0.0,0.0,0.0,2,,,,,,,,,,,
88100,2025,1,2,74,77,0,5444309.0,464674.40625,0.0,-1067.2535400390625,4082669.5,1386773.0,44686.875,8212671.0,0,0,82722.84375,38033.81273408239,0.0,0.0,0,0.0,0.0,0,0.0,0.0,9064519.034667969,2,,,,,,,,,,,
88101,2025,1,2,58,58,1,140772.85937499994,3611.7702636718745,480087.5,1197792.5,310832.15185546875,711372.9159545898,404.7371520996094,4128709.546875,0,0,134544.9231109619,0.0,0.0,0.0,0,0.0,0.0,0,0.0,0.0,1018896.171875,2,10.0,,,,,,,,,,
88102,2025,1,1,69,0,0,0.0,0.0,0.0,0.0,0.0,30.313844680786133,0.0,0.0,0,0,0.0,19172.179775280896,0.0,0.0,0,3305.425812115891,0.0,0,0.0,0.0,0.0,2,,,,,,,,,,,
88103,2025,1,2,22,25,0,1000.9407348632812,0.0,121647.53125,2259594.25,8085151.5,1077730.75,50281.21875,70559344.0,0,0,152809.484375,0.0,0.0,0.0,0,0.0,0.0,0,0.0,0.0,12937957.0,2,,,,,,,,,,,
88104,2025,1,2,38,42,2,114287.71874999997,0.0,222288.82812499985,0.0,6660.901000976562,2549.5687255859234,0.0,32319.94384765619,0,0,0.0,0.0,0.0,0.0,0,0.0,0.0,0,0.0,0.0,83844.56933593715,2,15.0,11.0,,,,,,,,,
88105,2025,1,2,49,28,2,120002.6796875,0.0,12518.48046875,0.0,344.176513671875,21.325576782226562,-12.552250862121582,24.299224853515625,0,0,0.0,0.0,0.0,0.0,0,0.0,0.0,0,0.0,0.0,0.0,2,18.0,6.0,,,,,,,,,
88106,2025,1,1,64,0,0,2522543.5,2703318.25,0.0,0.0,3735345.5,1802663.25,1632622.75,31296456.0,0,0,124744.875,15494.651685393257,0.0,0.0,0,0.0,0.0,0,0.0,0.0,20678954.0,2,,,,,,,,,,,
88107,2025,1,1,21,0,1,34425.30078125,0.0,0.0,0.0,0.0,0.0,0.0,0.0,0,0,0.0,0.0,0.0,0.0,0,0.0,0.0,0,0.0,0.0,0.0,2,12.0,,,,,,,,,,
88108,2025,1,1,78,0,0,0.0,0.0,0.0,0.0,0.0,0.0,0.0,0.0,0,0,0.0,52968.66292134831,0.0,0.0,0,0.0,0.0,0,0.0,0.0,0.0,2,,,,,,,,,,,
88109,2025,1,1,26,0,0,71224.7578125,0.0,0.0,0.0,0.0,70.7322998046875,0.0,0.0,0,0,0.0,0.0,0.0,0.0,0,0.0,0.0,0,0.0,0.0,0.0,2,,,,,,,,,,,
88110,2025,1,2,55,77,0,81731.1484375,0.0,2388.702392578125,0.0,243.21665573120117,96.3654088973999,-6199.88916015625,323.7104797363281,0,0,0.0,19061.85393258427,0.0,0.0,0,6121.158911325723,0.0,0,0.0,0.0,0.0,2,,,,,,,,,,,
88111,2025,1,1,54,0,0,9116.7685546875,0.0,0.0,0.0,0.0,0.0,0.0,0.0,0,0,0.0,0.0,0.0,0.0,0,1101.8086040386302,0.0,0,0.0,0.0,0.0,2,,,,,,,,,,,
88112,2025,1,1,69,0,0,0.0,0.0,0.0,0.0,0.0,0.0,0.0,0.0,0,0,0.0,3187.1910112359546,0.0,0.0,0,6733.274802458296,0.0,0,0.0,0.0,0.0,2,,,,,,,,,,,
88113,2025,1,1,32,0,3,0.0,0.0,0.0,0.0,0.0,0.0,0.0,0.0,0,0,0.0,0.0,0.0,0.0,0,3427.848990342405,0.0,0,0.0,0.0,0.0,2,6.0,5.0,5.0,,,,,,,,
88114,2025,1,1,32,0,0,3038.923095703125,0.0,0.0,0.0,0.0,0.0,0.0,0.0,0,0,0.0,0.0,0.0,0.0,0,0.0,0.0,0,0.0,0.0,0.0,2,,,,,,,,,,,
88115,2025,1,1,43,0,0,0.0,-54112.3046875,0.0,0.0,0.0,0.0,-1024864.0,-184009.046875,0,0,0.0,0.0,0.0,0.0,0,0.0,0.0,0,0.0,0.0,-2901533.75,2,,,,,,,,,,,
88116,2025,1,2,43,54,1,0.0,-143540.625,36886.03515625,0.0,0.0,0.0,-524197.875,-523912.53125,0,0,0.0,0.0,0.0,0.0,0,0.0,0.0,0,0.0,0.0,-750580.375,2,4.0,,,,,,,,,,
88117,2025,1,2,59,72,0,151789.265625,1553.5103759765625,11599.0380859375,0.0,38298.65234375,17529.9169921875,0.0,148868.615234375,0,0,20103.105346679688,29052.471910112356,0.0,0.0,0,0.0,0.0,0,0.0,0.0,224133.71875,2,,,,,,,,,,,
88118,2025,1,2,66,65,0,1651.303466796875,0.0,161.9669952392578,0.0,1116.924072265625,576.8115844726562,0.0,0.0,0,0,1150.0804443359375,35157.16853932584,0.0,0.0,0,0.0,0.0,0,0.0,0.0,0.0,2,,,,,,,,,,,
88119,2025,1,1,74,0,0,0.0,0.0,0.0,0.0,0.0,0.0,-13.559988975524902,0.0,0,0,0.0,16731.731273408237,0.0,0.0,0,0.0,0.0,0,0.0,0.0,0.0,2,,,,,,,,,,,
88120,2025,1,2,35,31,2,7021.36083984375,0.0,6830.04541015625,0.0,0.0,0.0,-18364.341796875,0.0,0,0,0.0,0.0,0.0,0.0,0,0.0,0.0,0,0.0,0.0,0.0,2,10.0,7.0,,,,,,,,,
88121,2025,1,1,33,0,0,116333.7734375,83.6940689086914,0.0,0.0,831.2880859375,980.1476440429688,0.0,0.0,0,0,0.0,0.0,0.0,0.0,0,10283.546971027215,0.0,0,0.0,0.0,0.0,2,,,,,,,,,,,
88122,2025,1,2,75,79,0,76576.3515625,0.0,35214.90625,0.0,8767.839233398438,828.5839233398438,-34.485172271728516,6502.887939453125,0,0,0.0,44130.33707865168,0.0,0.0,0,0.0,0.0,0,0.0,0.0,0.0,2,,,,,,,,,,,
88123,2025,1,1,28,0,1,0.0,-19195.392578125,0.0,0.0,0.0,0.0,0.0,0.0,0,0,0.0,0.0,0.0,0.0,0,0.0,0.0,0,2706.7510548523205,0.0,0.0,2,4.0,,,,,,,,,,
88124,2025,1,1,69,0,0,0.0,0.0,0.0,0.0,0.0,0.0,0.0,0.0,0,0,0.0,36162.35955056179,0.0,0.0,0,0.0,0.0,0,0.0,0.0,0.0,2,,,,,,,,,,,
88125,2025,1,2,48,50,0,13366.6201171875,0.0,312806.21875,0.0,21722.162109374844,12369.393554687496,-294.5638122558594,139506.23437499997,0,0,170.3684082031233,0.0,0.0,0.0,0,0.0,0.0,0,0.0,0.0,61309.51171874928,2,,,,,,,,,,,
88126,2025,1,1,39,0,3,68138.3515625,4469.26318359375,0.0,0.0,0.0,0.0,0.0,0.0,0,0,0.0,0.0,0.0,0.0,0,0.0,0.0,0,0.0,0.0,0.0,2,17.0,16.0,10.0,,,,,,,,
88127,2025,1,1,67,0,0,0.0,0.0,0.0,0.0,449.7132263183594,434.4984436035156,0.0,0.0,0,0,20945.966796875,17995.37078651685,0.0,0.0,0,0.0,0.0,0,0.0,0.0,0.0,2,,,,,,,,,,,
88128,2025,1,2,62,64,1,36979.56640625,0.0,39885.86328125,0.0,0.0,65.93869984149933,0.0,0.0,0,0,0.0,12907.102059925091,0.0,0.0,0,2448.4635645302897,0.0,0,0.0,0.0,0.0,2,42.0,,,,,,,,,,
88129,2025,1,2,33,34,4,1079.8980712890625,0.0,15815.4833984375,0.0,0.0,0.0,0.0,0.0,0,0,0.0,0.0,0.0,0.0,0,0.0,0.0,0,18189.367088607592,0.0,0.0,2,8.0,6.0,4.0,0.0,,,,,,,
88130,2025,1,2,83,79,0,669661.75,53396.81640625,136434.109375,34.85406494140625,288165.796875,64558.27673339844,15960.8515625,1054137.89453125,0,0,65244.00830078125,22860.944756554305,0.0,0.0,0,0.0,0.0,0,0.0,0.0,2205159.3862304688,2,,,,,,,,,,,
88131,2025,1,2,46,42,1,0.0,0.0,8273097.5,6250782.0,2004472.75,336412.0,110884.0185546875,10993643.0,0,0,154017.484375,0.0,0.0,0.0,0,11630.201931518875,0.0,0,0.0,0.0,1976180.75,2,12.0,,,,,,,,,,
88132,2025,1,2,64,62,0,57525.87890625,0.0,0.0,-127695.34375,447.1241149902344,171.7784423828125,-75248.546875,-407932.71875,0,0,0.0,14280.045880149812,0.0,0.0,0,0.0,0.0,0,0.0,0.0,-1545673.375,2,,,,,,,,,,,
88133,2025,1,1,70,0,0,0.0,0.0,0.0,0.0,0.0,10.1046142578125,0.0,0.0,0,0,0.0,13484.269662921346,0.0,0.0,0,0.0,0.0,0,0.0,0.0,0.0,2,,,,,,,,,,,
88134,2025,1,2,48,35,4,27004.42578125,0.0,13199.73828125,0.0,0.0,1.8971229791641235,0.0,0.0,0,0,0.0,0.0,0.0,0.0,0,0.0,0.0,0,0.0,0.0,0.0,2,15.0,13.0,11.0,9.0,,,,,,,
88135,2025,1,2,52,50,0,155840.0,0.0,5408.49072265625,0.0,1763.6551513671875,330.97467041015625,-10401.896484375,2947.790771484375,0,0,209.39645385742188,0.0,0.0,0.0,0,0.0,0.0,0,0.0,0.0,0.0,2,,,,,,,,,,,
88136,2025,1,2,76,72,0,0.0,0.0,4584754.5,1448700.0,7455122.0,186521.65907406807,74940.998046875,31684428.0,0,0,588723.8125,28500.84269662921,0.0,0.0,0,0.0,0.0,0,0.0,0.0,24645903.301757812,2,,,,,,,,,,,
88137,2025,1,1,85,0,0,0.0,0.0,0.0,0.0,0.0,0.0,0.0,0.0,0,0,0.0,16719.472846441946,0.0,0.0,0,0.0,0.0,0,0.0,0.0,0.0,2,,,,,,,,,,,
88138,2025,1,1,74,0,0,32668422.0,1315670.75,0.0,0.0,6691188.0,1760223.875,150787.078125,6064027.0,0,0,166054.96875,14881.73033707865,0.0,0.0,0,0.0,0.0,0,0.0,0.0,18779040.0,2,,,,,,,,,,,
88139,2025,1,1,38,0,2,42497.4375,0.0,0.0,0.0,0.0,0.0,0.0,0.0,0,0,0.0,0.0,0.0,0.0,0,0.0,0.0,0,5630.042194092826,0.0,0.0,2,17.0,2.0,,,,,,,,,
88140,2025,1,2,36,30,2,144606.390625,0.0,7892.9609375,0.0,484.4718322753906,161.30029296875,0.0,1861.3233642578125,0,0,0.0,0.0,0.0,0.0,0,0.0,0.0,0,0.0,0.0,5448.677734375,2,7.0,5.0,,,,,,,,,
88141,2025,1,2,52,53,1,86389.7890625,455.6608276367181,0.0,-706836.8125,107.64819335937494,32.17689514160151,-2370286.0,-212756.234375,0,0,0.0,0.0,0.0,0.0,0,0.0,0.0,0,0.0,0.0,-840769.2091064453,2,20.0,,,,,,,,,,
88142,2025,1,1,28,0,0,24335.125,0.0,0.0,0.0,0.0,0.0,0.0,0.0,0,0,0.0,0.0,0.0,0.0,0,0.0,0.0,0,5348.540084388185,0.0,0.0,2,,,,,,,,,,,
88143,2025,1,1,33,0,0,51281.82421875,0.0,0.0,0.0,0.0,0.0,0.0,0.0,0,0,0.0,0.0,0.0,0.0,0,0.0,0.0,0,0.0,0.0,0.0,2,,,,,,,,,,,
88144,2025,1,1,23,0,0,15906.8623046875,0.0,0.0,0.0,0.0,0.0,0.0,0.0,0,0,0.0,0.0,0.0,0.0,0,10528.393327480244,0.0,0,0.0,0.0,0.0,2,,,,,,,,,,,
88145,2025,1,1,74,0,0,0.0,0.0,0.0,0.0,0.0,0.0,-13.559988975524902,0.0,0,0,0.0,2237.1629213483143,0.0,0.0,0,0.0,0.0,0,0.0,0.0,0.0,2,,,,,,,,,,,
88146,2025,1,1,36,0,2,44634.1796875,0.0,0.0,0.0,0.0,0.0,0.0,0.0,0,0,0.0,0.0,0.0,0.0,0,0.0,0.0,0,18189.367088607592,0.0,0.0,2,7.0,1.0,,,,,,,,,
88147,2025,1,1,80,0,0,0.0,0.0,0.0,0.0,11133.8095703125,3061.6982421874877,0.0,28611.57812499986,0,0,29091.621093749938,19538.911048689137,0.0,0.0,0,0.0,0.0,0,0.0,0.0,0.0,2,,,,,,,,,,,
88148,2025,1,1,78,0,0,0.0,0.0,0.0,0.0,0.0,0.0,0.0,0.0,0,0,0.0,9806.741573033707,0.0,0.0,0,1591.5013169446881,0.0,0,0.0,0.0,0.0,2,,,,,,,,,,,
88149,2025,1,1,71,0,0,463435.75,760611.6875,0.0,0.0,8594974.0,1632905.75,2748609.75,34916972.0,0,0,153138.296875,29824.75280898876,0.0,0.0,0,1469.0781387181737,0.0,0,0.0,0.0,2620427.75,2,,,,,,,,,,,
88150,2025,1,1,76,0,0,0.0,-525089.75,0.0,0.0,0.0,0.0,-1762798.625,-3563565.25,0,0,0.0,41641.876404494375,0.0,0.0,0,2448.4635645302897,0.0,0,0.0,0.0,-20888428.0,2,,,,,,,,,,,
88151,2025,1,1,77,0,0,0.0,0.0,0.0,0.0,313.4364929199219,202.09228515625,0.0,0.0,0,0,3281.534912109375,21819.999999999996,0.0,0.0,0,11997.471466198418,0.0,0,0.0,0.0,0.0,2,,,,,,,,,,,
88152,2025,1,1,31,0,4,13057.8720703125,0.0,0.0,0.0,0.0,0.0,0.0,0.0,0,0,0.0,0.0,0.0,0.0,0,8569.622475856013,0.0,0,1299.240506329114,0.0,0.0,2,10.0,7.0,5.0,1.0,,,,,,,
88153,2025,1,2,54,23,0,359159.78125,23469.14453125,16237.001953125,0.0,4758132.0,100866.5703125,77933.1953125,2296061.5,0,0,101238.84375,0.0,0.0,0.0,0,0.0,0.0,0,0.0,0.0,16975660.0,2,,,,,,,,,,,
88154,2025,1,1,75,0,0,0.0,0.0,0.0,0.0,0.0,0.0,0.0,0.0,0,0,0.0,20839.325842696628,0.0,0.0,0,0.0,0.0,0,0.0,0.0,0.0,2,,,,,,,,,,,
88155,2025,1,1,70,0,0,0.0,0.0,0.0,0.0,0.0,0.0,-2.7119977474212646,0.0,0,0,0.0,24210.393258426964,0.0,0.0,0,0.0,0.0,0,0.0,0.0,0.0,2,,,,,,,,,,,
88156,2025,1,2,73,66,0,802025.5625,19082.248046875,6910.25537109375,0.0,138962.5687942505,29306.110538482666,420.3596496582031,1143242.75,0,0,58297.5,0.0,0.0,0.0,0,0.0,0.0,0,0.0,0.0,935632.875,2,,,,,,,,,,,
88157,2025,1,1,33,0,2,17093.94140625,0.0,0.0,0.0,0.0,0.0,0.0,0.0,0,0,0.0,0.0,0.0,0.0,0,48.96927129060579,0.0,0,0.0,0.0,0.0,2,12.0,6.0,,,,,,,,,
88158,2025,1,1,59,0,0,105768.76562499996,0.0,0.0,0.0,9307.701171875,3516.406005859373,0.0,8258.03320312498,0,0,0.0,0.0,0.0,0.0,0,8569.622475856013,0.0,0,0.0,0.0,0.0,2,,,,,,,,,,,
88159,2025,1,1,53,0,2,0.0,-32511.919921875,0.0,0.0,0.0,0.0,-238520.203125,-1379050.875,0,0,0.0,0.0,0.0,0.0,0,0.0,0.0,0,0.0,0.0,-306098.71875,2,14.0,6.0,,,,,,,,,
88160,2025,1,1,53,0,0,113959.609375,0.0,0.0,0.0,9593.882812499893,404.18457031249943,0.0,27.11997795104942,0,0,0.0,0.0,0.0,0.0,0,0.0,0.0,0,0.0,0.0,0.0,2,,,,,,,,,,,
88161,2025,1,2,60,69,0,77523.5078125,0.0,8392432.0,461743.78125,4996915.05090332,660307.1420288086,143848.75,93211230.08343506,0,0,162538.1875,10602.51779026217,0.0,0.0,0,0.0,0.0,0,0.0,0.0,26235998.40625,2,,,,,,,,,,,
88162,2025,1,1,77,0,0,28608.611328125,0.0,0.0,0.0,79313.0625,19097.720703125,0.0,234587.8125,0,0,38168.20703125,15935.955056179773,0.0,0.0,0,0.0,0.0,0,0.0,0.0,68313.8515625,2,,,,,,,,,,,
88163,2025,1,2,51,51,0,61140.82421875,0.0,4895263.0,288660.78125,977070.5625,386851.0628709793,26826.66796875,3953318.75,0,0,620220.25,0.0,0.0,0.0,0,0.0,0.0,0,0.0,0.0,6541676.0,2,,,,,,,,,,,
88164,2025,1,1,71,0,0,0.0,0.0,0.0,0.0,0.0,0.0,-9098.7529296875,0.0,0,0,0.0,34323.595505617974,0.0,0.0,0,0.0,0.0,0,0.0,0.0,0.0,2,,,,,,,,,,,
88165,2025,1,2,64,66,0,7531.35546875,0.0,0.0,0.0,159.20957946777344,80.8369140625,-384.1357116699219,0.0,0,0,0.0,18546.999999999996,0.0,0.0,0,0.0,0.0,0,0.0,0.0,0.0,2,,,,,,,,,,,
88166,2025,1,2,42,47,1,364733.6875,0.0,9296770.0,390926.375,569232.3645019531,338959.10567474365,1447736.1051635742,15608786.172851562,0,0,83862.8515625,0.0,0.0,0.0,0,0.0,0.0,0,0.0,0.0,13292391.0,2,18.0,,,,,,,,,,
88167,2025,1,1,22,0,0,21960.966796875,0.0,0.0,0.0,0.0,0.0,0.0,0.0,0,0,0.0,0.0,0.0,0.0,0,1836.347673397717,0.0,0,0.0,0.0,0.0,2,,,,,,,,,,,
88168,2025,1,2,46,45,0,28039.71875,0.0,76640.9609375,2367.711669921857,4445.831542968746,990.4274902343741,-10284.81640625,22274.310546874964,0,0,215.62322998046832,0.0,0.0,0.0,0,0.0,0.0,0,0.0,0.0,7176.300781249983,2,,,,,,,,,,,
88169,2025,1,2,64,62,0,5719.5166015625,0.0,0.0,-127695.34375,0.0,4.615286350250244,-77026.10217285156,-407932.71875,0,0,0.0,15616.214419475653,0.0,0.0,0,0.0,0.0,0,0.0,0.0,-1545673.375,2,,,,,,,,,,,
88170,2025,1,1,75,0,0,14684171.0,3433130.75,0.0,0.0,364404.0,1004398.6875,0.0,175466.265625,0,0,114737.3515625,0.0,0.0,0.0,0,1836.347673397717,0.0,0,0.0,0.0,1294225.625,2,,,,,,,,,,,
88171,2025,1,2,50,65,0,581581.1875,108893.2734375,553206.3124999995,818.6010131835908,3703688.55859375,261952.3564453125,303710.6454706192,17412105.6875,0,0,24993.602539062493,0.0,0.0,0.0,0,0.0,0.0,0,0.0,0.0,13380596.6875,2,,,,,,,,,,,
88172,2025,1,1,31,0,1,26827.9921875,0.0,0.0,0.0,0.0,0.0,0.0,0.0,0,0,0.0,0.0,0.0,0.0,0,0.0,0.0,0,5348.540084388185,0.0,0.0,2,9.0,,,,,,,,,,
88173,2025,1,2,35,33,3,252017.734375,0.0,9101.005859375,0.0,2480.236572265625,218.4969024658203,0.0,641.652099609375,0,0,0.0,0.0,0.0,0.0,0,0.0,0.0,0,757.8902953586497,0.0,0.0,2,8.0,6.0,3.0,,,,,,,,
88174,2025,1,2,49,48,3,0.0,0.0,23.7867374420166,0.0,0.0,0.0,0.0,0.0,0,0,0.0,0.0,0.0,0.0,0,0.0,0.0,0,0.0,0.0,0.0,2,22.0,14.0,11.0,,,,,,,,
88175,2025,1,1,38,0,5,40123.281249999956,0.0,0.0,0.0,0.0,0.0,0.0,0.0,0,0,0.0,0.0,0.0,0.0,0,0.0,0.0,0,0.0,0.0,0.0,2,14.0,12.0,9.0,3.0,0.0,,,,,,
88176,2025,1,2,33,32,3,0.0,-75935.375,3247965.25,676306.9375,1041836.0,304234.09375,137969.65625,5715217.65625,0,0,19741.53515625,0.0,0.0,0.0,0,0.0,0.0,0,0.0,0.0,-48864887.75,2,13.0,9.0,7.0,,,,,,,,
88177,2025,1,1,42,0,0,57335.9296875,0.0,0.0,0.0,0.0,0.0,0.0,0.0,0,0,0.0,0.0,0.0,0.0,0,6121.158911325723,0.0,0,0.0,0.0,0.0,2,,,,,,,,,,,
88178,2025,1,1,21,0,1,34425.30078125,0.0,0.0,0.0,0.0,0.0,0.0,0.0,0,0,0.0,0.0,0.0,0.0,0,0.0,0.0,0,0.0,0.0,0.0,2,0.0,,,,,,,,,,
88179,2025,1,2,17,35,1,0.0,0.0,63390.03515625,24773.443359375,0.0,40.41845703125,0.0,0.0,0,0,0.0,0.0,0.0,0.0,0,0.0,0.0,0,0.0,0.0,0.0,2,12.0,,,,,,,,,,
88180,2025,1,2,48,43,2,47511.5703125,0.0,3226.118896484375,0.0,0.0,0.0,-2934.429931640625,0.0,0,0,0.0,0.0,0.0,0.0,0,0.0,0.0,0,0.0,0.0,0.0,2,16.0,13.0,,,,,,,,,
88181,2025,1,1,59,0,0,65289.359375,0.0,0.0,0.0,0.0,10.1046142578125,0.0,0.0,0,0,0.0,0.0,0.0,0.0,0,0.0,0.0,0,0.0,0.0,0.0,2,,,,,,,,,,,
88182,2025,1,2,64,58,0,393147.40625,1510733.0,1416.2117919921875,0.0,553241.5,630671.6875,28147.77490234375,14566090.0,0,0,108220.828125,0.0,0.0,0.0,0,0.0,0.0,0,0.0,0.0,32511944.0,2,,,,,,,,,,,
88183,2025,1,2,61,63,0,85482.1796875,0.0,8204.6337890625,0.0,3224.084716796875,340.33294677734375,-11993.6806640625,8581.998046875,0,0,190.72105407714844,0.0,0.0,0.0,0,0.0,0.0,0,0.0,0.0,271.21185302734375,2,,,,,,,,,,,
88184,2025,1,1,50,0,0,0.0,-97090.390625,0.0,0.0,0.0,0.0,-2324182.25,-1662454.625,0,0,0.0,0.0,0.0,0.0,0,0.0,0.0,0,0.0,0.0,-13135321.0,2,,,,,,,,,,,
88185,2025,1,1,35,0,1,13176.580078125,0.0,0.0,0.0,0.0,0.0,0.0,0.0,0,0,0.0,0.0,0.0,0.0,0,10283.546971027215,0.0,0,7319.054852320674,0.0,0.0,2,3.0,,,,,,,,,,
88186,2025,1,2,57,49,1,22147.8671875,0.0,20412.53515625,0.0,0.0,0.0,0.0,0.0,0,0,0.0,0.0,0.0,0.0,0,0.0,0.0,0,0.0,0.0,0.0,2,22.0,,,,,,,,,,
88187,2025,1,1,35,0,1,52468.90625,0.0,0.0,0.0,0.0,0.0,0.0,0.0,0,0,0.0,0.0,0.0,0.0,0,6733.274802458296,0.0,0,4222.53164556962,0.0,0.0,2,14.0,,,,,,,,,,
88188,2025,1,1,77,0,0,0.0,0.0,0.0,0.0,0.0,0.0,-29831.9765625,0.0,0,0,0.0,20888.359550561796,0.0,0.0,0,0.0,0.0,0,0.0,0.0,-5.2279887199401855,2,,,,,,,,,,,
88189,2025,1,1,50,0,0,0.0,-346719.5625,0.0,0.0,0.0,0.0,-202043.84375,-193501.046875,0,0,0.0,0.0,0.0,0.0,0,0.0,0.0,0,0.0,0.0,-5612246.0,2,,,,,,,,,,,
88190,2025,1,1,45,0,0,510.444091796875,0.0,0.0,0.0,0.0,0.0,0.0,0.0,0,0,0.0,0.0,0.0,0.0,0,0.0,0.0,0,0.0,0.0,0.0,2,,,,,,,,,,,
88191,2025,1,1,65,0,0,0.0,0.0,0.0,0.0,13232.471679687495,1182.2398681640625,0.0,7146.114257812484,0,0,20015.03515625,20275.438202247187,0.0,0.0,0,4284.811237928006,0.0,0,0.0,0.0,0.0,2,,,,,,,,,,,
88192,2025,1,1,67,0,0,595320.25,1476530.75,0.0,0.0,1392748.25,565252.125,949063.625,10506280.0,0,0,766971.5,24933.6404494382,0.0,0.0,0,0.0,0.0,0,0.0,0.0,4952235.0,2,,,,,,,,,,,
88193,2025,1,1,60,0,0,38817.4921875,0.0,0.0,0.0,0.0,10.1046142578125,0.0,0.0,0,0,0.0,0.0,0.0,0.0,0,0.0,0.0,0,0.0,0.0,0.0,2,,,,,,,,,,,
88194,2025,1,2,27,26,2,105722.15625,0.0,175012.828125,74043.40625,97591.77462673187,42529.55145263672,55083.1796875,14774401.0,0,0,28721.9609375,0.0,0.0,0.0,0,0.0,0.0,0,2923.2911392405063,0.0,5000232.0,2,2.0,0.0,,,,,,,,,
88195,2025,1,1,26,0,4,0.0,0.0,0.0,0.0,0.0,0.0,0.0,0.0,0,0,0.0,0.0,0.0,0.0,0,9181.738366988586,0.0,0,0.0,0.0,0.0,2,6.0,5.0,4.0,2.0,,,,,,,
88196,2025,1,2,47,50,1,0.0,0.0,18065.2265625,0.0,0.0,0.0,0.0,0.0,0,0,0.0,0.0,0.0,0.0,0,0.0,0.0,0,0.0,0.0,0.0,2,17.0,,,,,,,,,,
88197,2025,1,1,46,0,0,0.0,-705686.8125,0.0,0.0,0.0,0.0,-232825.015625,-16949.986328125,0,0,0.0,0.0,0.0,0.0,0,9181.738366988586,0.0,0,0.0,0.0,-34112624.0,2,,,,,,,,,,,
88198,2025,1,1,39,0,1,45583.84375,0.0,0.0,0.0,0.0,0.0,0.0,0.0,0,0,0.0,0.0,0.0,0.0,0,9793.854258121159,0.0,0,0.0,0.0,0.0,2,13.0,,,,,,,,,,
88199,2025,1,2,68,61,0,0.0,0.0,95472.46093749987,0.0,3155.913574218748,740.3491821289047,-26984.37890625,6392.3095703125,0,0,2480.9374999999877,0.0,0.0,0.0,0,0.0,0.0,0,0.0,0.0,12638.1584472656,2,,,,,,,,,,,
88200,2025,1,1,73,0,0,56386.265625,0.0,0.0,0.0,4251.83447265625,1808.72607421875,0.0,5220.595703125,0,0,54924.98046875,18068.921348314605,0.0,0.0,0,0.0,0.0,0,0.0,0.0,0.0,2,,,,,,,,,,,
88201,2025,1,2,36,47,6,73525.75,0.0,0.0,0.0,254.54299926757812,177.28196716308594,-1246.1837158203125,232.96604919433594,0,0,0.0,0.0,0.0,0.0,0,10405.97014925373,0.0,0,0.0,0.0,0.0,2,16.0,14.0,12.0,9.0,5.0,1.0,,,,,
88202,2025,1,2,49,45,3,0.0,0.0,350043.78125,282496.90625,2009720.125,585340.5625,30191.83984375,4569484.5,0,0,46949.33203125,0.0,0.0,0.0,0,0.0,0.0,0,0.0,0.0,2851971.5,2,17.0,14.0,8.0,,,,,,,,
88203,2025,1,2,44,31,1,38864.328125,0.0,6932.58544921875,0.0,0.0,7.452800750732422,-887.2273559570312,0.0,0,0,0.0,0.0,0.0,0.0,0,48.96927129060579,0.0,0,0.0,0.0,0.0,2,5.0,,,,,,,,,,
88204,2025,1,2,61,60,0,172128.234375,9821.5625,77523.5078125,0.0,65587.23449707031,17630.188903808594,0.0,386665.4584350586,0,0,20215.796875,0.0,0.0,0.0,0,0.0,0.0,0,0.0,0.0,471760.65625,2,,,,,,,,,,,
88205,2025,1,1,37,0,1,36324.625,0.0,0.0,0.0,0.0,0.0,0.0,0.0,0,0,0.0,0.0,0.0,0.0,0,0.0,0.0,0,0.0,0.0,0.0,2,12.0,,,,,,,,,,
88206,2025,1,1,49,0,0,33475.63671875,0.0,0.0,0.0,0.0,0.0,0.0,0.0,0,0,0.0,0.0,0.0,0.0,0,0.0,0.0,0,0.0,0.0,0.0,2,,,,,,,,,,,
88207,2025,1,2,45,21,1,71252.640625,0.0,22104.14453125,0.0,4.397457599639893,27.8792667388916,0.0,0.0,0,0,0.0,0.0,0.0,0.0,0,0.0,0.0,0,0.0,0.0,0.0,2,19.0,,,,,,,,,,
88208,2025,1,1,32,0,0,11182.287109375,0.0,0.0,0.0,0.0,0.0,0.0,0.0,0,0,0.0,0.0,0.0,0.0,0,0.0,0.0,0,0.0,0.0,0.0,2,,,,,,,,,,,
88209,2025,1,2,50,69,0,97665.10937499999,174.09014892578054,123105.41406249991,0.0,60596.451904296846,17563.56896972656,0.0,163625.34326171828,0,0,26880.658203124964,0.0,0.0,0.0,0,0.0,0.0,0,0.0,0.0,402121.15624999994,2,,,,,,,,,,,
88210,2025,1,1,64,0,0,13568316.0,5274400.0,0.0,0.0,18029412.0,805539.875,208281.4375,96804760.0,0,0,107057.1640625,0.0,0.0,0.0,0,0.0,0.0,0,0.0,0.0,35215892.0,2,,,,,,,,,,,
88211,2025,1,1,83,0,0,0.0,0.0,0.0,0.0,0.0,293.0338134765625,0.0,0.0,0,0,11985.748046875,27262.741573033705,0.0,0.0,0,0.0,0.0,0,0.0,0.0,0.0,2,,,,,,,,,,,
88212,2025,1,2,47,44,2,786499.6874999999,0.0,38892.79296875,0.0,36524.60156249984,4943.95321941375,0.0,196991.14062499898,0,0,0.0,0.0,0.0,0.0,0,0.0,0.0,0,0.0,0.0,220156.1093749992,2,19.0,15.0,,,,,,,,,
88213,2025,1,1,68,0,0,21604.84375,0.0,0.0,0.0,289451.78125,40620.55078125,2.7119977474212646,894416.875,0,0,53295.8515625,9488.022471910112,0.0,0.0,0,0.0,0.0,0,0.0,0.0,24709.263671875,2,,,,,,,,,,,
88214,2025,1,1,38,0,4,8570.712890625,0.0,0.0,0.0,0.0,0.0,0.0,0.0,0,0,0.0,0.0,0.0,0.0,0,10405.97014925373,0.0,0,0.0,0.0,0.0,2,9.0,7.0,2.0,0.0,,,,,,,
88215,2025,1,1,31,0,1,0.0,-734.8584594726562,0.0,0.0,0.0,0.0,0.0,-3810357.0,0,0,0.0,0.0,0.0,0.0,0,5876.312554872695,0.0,0,0.0,0.0,0.0,2,0.0,,,,,,,,,,
88216,2025,1,2,36,32,5,194823.265625,0.0,103440.625,0.0,2768.428955078125,638.0919189453125,0.0,10262.154340744019,0,0,0.0,0.0,0.0,0.0,0,0.0,0.0,0,0.0,0.0,2.771954298019409,2,16.0,15.0,14.0,11.0,7.0,,,,,,
88217,2025,1,1,50,0,0,1521835.625,805639.0625,0.0,0.0,27909476.0,9652938.0,1009270.0,20028104.0,0,0,100191.546875,0.0,0.0,0.0,0,0.0,0.0,0,0.0,0.0,56852072.0,2,,,,,,,,,,,
88218,2025,1,1,33,0,2,31813.724609375,0.0,0.0,0.0,0.0,0.0,0.0,0.0,0,0,0.0,0.0,0.0,0.0,0,4896.927129060579,0.0,0,0.0,0.0,0.0,2,13.0,5.0,,,,,,,,,
88219,2025,1,1,51,0,2,1892204.375,490112.46875,0.0,0.0,459252.625,480373.375,639353.5,3033369.5,0,0,280443.21875,0.0,0.0,0.0,0,10773.239683933274,0.0,0,0.0,0.0,23608768.0,2,2.0,1.0,,,,,,,,,
88220,2025,1,2,72,67,0,619196.0625,15901.873046875,0.0,0.0,126873.6484375,31223.259765625,2.585559129714966,1079646.375,0,0,76016.8203125,12441.281835205991,0.0,0.0,0,4284.811237928006,0.0,0,0.0,0.0,656975.75,2,,,,,,,,,,,
88221,2025,1,2,49,48,0,39327.84765625,0.0,13366.6201171875,0.0,0.0,0.0,-294.5638122558594,0.0,0,0,0.0,0.0,0.0,0.0,0,0.0,0.0,0,0.0,0.0,0.0,2,,,,,,,,,,,
88222,2025,1,2,60,57,0,8018.40234375,0.0,12696.517578125,0.0,0.0,1.8272765278816223,-90.66200256347656,0.0,0,0,0.0,0.0,0.0,0.0,0,0.0,0.0,0,0.0,0.0,0.0,2,,,,,,,,,,,
88223,2025,1,1,71,0,0,0.0,0.0,0.0,0.0,0.0,80.8369140625,0.0,0.0,0,0,21062.333984375,12404.506554307114,0.0,0.0,0,0.0,0.0,0,0.0,0.0,0.0,2,,,,,,,,,,,
88224,2025,1,1,28,0,0,8368.9091796875,0.0,0.0,0.0,0.0,0.0,0.0,0.0,0,0,0.0,0.0,0.0,0.0,0,9793.854258121159,0.0,0,0.0,0.0,0.0,2,,,,,,,,,,,
88225,2025,1,1,23,0,0,24572.541015625,0.0,0.0,0.0,0.0,0.0,0.0,0.0,0,0,0.0,0.0,0.0,0.0,0,20811.94029850746,0.0,0,0.0,0.0,0.0,2,,,,,,,,,,,
88226,2025,1,1,43,0,0,0.0,0.0,0.0,0.0,0.0,0.0,-9519.1123046875,0.0,0,0,0.0,0.0,0.0,0.0,0,0.0,0.0,0,0.0,0.0,0.0,2,,,,,,,,,,,
88227,2025,1,2,39,50,1,0.0,-5591302.5,18065.2265625,0.0,0.0,0.0,-176398.828125,-1302216.25,0,0,0.0,0.0,0.0,0.0,0,0.0,0.0,0,4222.53164556962,0.0,-706070.0,2,7.0,,,,,,,,,,
88228,2025,1,2,85,84,0,18840568.0,1550516.25,0.0,0.0,9563902.0,1228782.125,775840.375,11175988.0,0,0,320429.3125,0.0,0.0,0.0,0,0.0,0.0,0,0.0,0.0,22927134.0,2,,,,,,,,,,,
88229,2025,1,1,54,0,0,88318.70312499994,0.0,0.0,0.0,95.39371490478516,10.104614257812385,0.0,0.0,0,0,0.0,0.0,0.0,0.0,0,0.0,0.0,0,0.0,0.0,0.0,2,,,,,,,,,,,
88230,2025,1,1,78,0,0,0.0,0.0,0.0,0.0,40.88302230834961,131.3599853515625,0.0,0.0,0,0,1198.5748291015625,36775.2808988764,0.0,0.0,0,0.0,0.0,0,0.0,0.0,0.0,2,,,,,,,,,,,
88231,2025,1,2,42,37,0,0.0,-1786173.625,39258.25390625,0.0,54.13127899169922,90.18290710449219,-2396215.75,-70112.73071289062,0,0,0.0,0.0,0.0,0.0,0,0.0,0.0,0,0.0,0.0,-13027702.0,2,,,,,,,,,,,
88232,2025,1,1,66,0,0,0.0,0.0,0.0,0.0,0.0,0.0,0.0,0.0,0,0,0.0,0.0,0.0,0.0,0,6610.851624231782,0.0,0,0.0,0.0,0.0,2,,,,,,,,,,,
88233,2025,1,1,50,0,0,413815.84375,520744.5,0.0,0.0,149631.859375,1453043.625,1727542.625,47053164.0,0,0,55623.1796875,0.0,0.0,0.0,0,0.0,0.0,0,0.0,0.0,65614516.0,2,,,,,,,,,,,
88234,2025,1,2,55,50,0,15196177.0,1502141.125,59121.62890625,0.0,2111640.5774230957,1700939.901649475,530595.8125,34586426.81535339,0,0,262798.4375,0.0,0.0,0.0,0,0.0,0.0,0,0.0,0.0,25048922.0,2,,,,,,,,,,,
88235,2025,1,2,55,50,2,1089.8682861328125,-5983.78271484375,2051396.499999999,1.9210335016250337,38710.714843749935,12308.526367187493,-179140.875,215837.234375,0,0,0.0,0.0,0.0,0.0,0,0.0,0.0,0,1786.4556962025315,0.0,131602.49999999983,2,5.0,4.0,,,,,,,,,
88236,2025,1,1,39,0,0,3264.468017578125,0.0,0.0,0.0,0.0,0.0,0.0,0.0,0,0,0.0,0.0,0.0,0.0,0,4039.9648814749776,0.0,0,0.0,0.0,0.0,2,,,,,,,,,,,
88237,2025,1,2,65,66,0,7000.244140625,0.0,8431.03515625,0.0,3180.2498168945312,1494.8193321228027,0.0,4477.2216796875,0,0,8474.9453125,9376.675093632957,0.0,0.0,0,0.0,0.0,0,0.0,0.0,0.0,2,,,,,,,,,,,
88238,2025,1,1,72,0,0,3715.55810546875,0.0,0.0,0.0,327.0641784667969,50.5230712890625,0.0,0.0,0,0,17222.240234375,10419.662921348314,0.0,0.0,0,0.0,0.0,0,0.0,0.0,0.0,2,,,,,,,,,,,
88239,2025,1,2,75,77,0,76963.32031249999,0.0,43402.39453124995,0.0,13934.837890624989,11001.935729980458,0.0,176440.5810546873,0,0,24577.451965332013,34985.55056179775,0.0,0.0,0,0.0,0.0,0,0.0,0.0,65552.84155654872,2,,,,,,,,,,,
88240,2025,1,1,71,0,0,0.0,0.0,0.0,0.0,13409.630859374936,3253.685791015616,0.0,12258.230468749985,0,0,16291.307617187489,20409.259363295878,0.0,0.0,0,0.0,0.0,0,0.0,0.0,1827.2397460937311,2,,,,,,,,,,,
88241,2025,1,1,47,0,1,605.4104614257812,0.0,0.0,0.0,0.0,0.0,-3525.59716796875,0.0,0,0,0.0,0.0,0.0,0.0,0,0.0,0.0,0,0.0,0.0,-339.81927490234375,2,11.0,,,,,,,,,,
88242,2025,1,2,52,52,0,42617.08203125,0.0,130385.1328125,8965.53125,2776.751953125,367.989990234375,0.0,16051.673828125,0,0,3646.949462890625,0.0,0.0,0.0,0,0.0,0.0,0,0.0,0.0,16461.95703125,2,,,,,,,,,,,
88243,2025,1,2,33,33,0,0.0,-468973.3125,15512.4853515625,0.0,0.0,0.0,-1276106.875,-2793357.75,0,0,0.0,0.0,0.0,0.0,0,0.0,0.0,0,0.0,0.0,-3176003.0,2,,,,,,,,,,,
88244,2025,1,1,72,0,0,1651227.25,530620.375,0.0,0.0,2521119.75,1060984.5,5762.99560546875,16841506.0,0,0,148483.640625,20226.40449438202,0.0,0.0,0,0.0,0.0,0,0.0,0.0,22695148.0,2,,,,,,,,,,,
88245,2025,1,2,85,83,0,0.0,0.0,1961957.25,3773489.75,644527.9719238281,887480.8941650391,382111.96875,9115451.0,0,0,50864.73046875,51791.85393258426,0.0,0.0,0,0.0,0.0,0,0.0,0.0,1523662.5,2,,,,,,,,,,,
88246,2025,1,1,66,0,0,0.0,0.0,0.0,0.0,381.5748596191406,111.15076446533203,0.0,0.0,0,0,6260.51708984375,18130.213483146064,0.0,0.0,0,0.0,0.0,0,0.0,0.0,0.0,2,,,,,,,,,,,
88247,2025,1,2,35,37,0,73472.84375,0.0,135854.875,0.0,1984.6868896484375,365.852294921875,0.0,232.7984161376953,0,0,0.0,0.0,0.0,0.0,0,6121.158911325723,0.0,0,0.0,0.0,0.0,2,,,,,,,,,,,
88248,2025,1,2,67,68,0,0.0,0.0,0.0,0.0,44.85200500488281,60.80192184448242,-0.08496805280447006,0.0,0,0,0.0,53324.15730337078,0.0,0.0,0,0.0,0.0,0,0.0,0.0,0.0,2,,,,,,,,,,,
88249,2025,1,2,63,60,1,0.0,0.0,0.0,-15208.4912109375,0.0,0.0,-1495341.0234375,-227595.015625,0,0,0.0,0.0,0.0,0.0,0,0.0,0.0,0,0.0,0.0,-3450462.75,2,3.0,,,,,,,,,,
88250,2025,1,1,62,0,0,0.0,0.0,0.0,0.0,0.0,0.0,0.0,0.0,0,0,0.0,6129.213483146067,0.0,0.0,0,0.0,0.0,0,0.0,0.0,0.0,2,,,,,,,,,,,
88251,2025,1,2,72,65,0,0.0,-68933.671875,0.0,-3150.27392578125,0.0,0.0,-3191192.828125,-3153559.5126953125,0,0,0.0,36775.2808988764,0.0,0.0,0,0.0,0.0,0,0.0,0.0,-1337648.5625,2,,,,,,,,,,,
88252,2025,1,2,71,67,0,259844.4218749993,175.3269805908178,34294.35546875,0.0,34098.359954833926,4592.099906921383,0.0,48732.37901306149,0,0,7984.182617187468,73244.1011235955,0.0,0.0,0,0.0,0.0,0,0.0,0.0,42873.640624999985,2,,,,,,,,,,,
88253,2025,1,2,62,58,0,0.0,0.0,6699.8583984375,0.0,0.0,0.0,-10390.755859375,0.0,0,0,0.0,0.0,0.0,0.0,0,0.0,0.0,0,0.0,0.0,0.0,2,,,,,,,,,,,
88254,2025,1,1,61,0,0,0.0,-3213335.5,0.0,0.0,0.0,0.0,-309167.75,-34577.97265625,0,0,0.0,0.0,0.0,0.0,0,0.0,0.0,0,0.0,0.0,-5316864.5,2,,,,,,,,,,,
88255,2025,1,2,76,74,0,5429.77392578125,0.0,38373.625,0.0,7495.473388671875,1895.2225341796875,-8.774630546569824,15652.25634765625,0,0,0.0,15935.955056179773,0.0,0.0,0,0.0,0.0,0,0.0,0.0,95.5304183959961,2,,,,,,,,,,,
88256,2025,1,1,51,0,1,45821.26171875,0.0,0.0,0.0,0.0,0.0,0.0,0.0,0,0,0.0,0.0,0.0,0.0,0,7957.506584723441,0.0,0,0.0,0.0,0.0,2,1.0,,,,,,,,,,
88257,2025,1,1,72,0,0,0.0,0.0,0.0,0.0,0.0,0.0,-13.559988975524902,0.0,0,0,0.0,16731.731273408237,0.0,0.0,0,3427.848990342405,0.0,0,0.0,0.0,0.0,2,,,,,,,,,,,
88258,2025,1,2,66,64,0,0.0,0.0,67.63548278808594,0.0,0.0,0.0,-23349.57373046875,0.0,0,0,0.0,0.0,0.0,0.0,0,0.0,0.0,0,0.0,0.0,-7078.4873046875,2,,,,,,,,,,,
88259,2025,1,2,39,41,0,3291.665771484375,0.0,68270.625,0.0,0.0,0.0,-101.30150604248047,0.0,0,0,0.0,0.0,0.0,0.0,0,0.0,0.0,0,0.0,0.0,0.0,2,,,,,,,,,,,
88260,2025,1,2,63,60,0,61114.78515625,0.0,0.0,-1300516.375,1362.73046875,361.61285400390625,-190943.109375,-11789.129119873047,0,0,0.0,8880.208801498125,0.0,0.0,0,0.0,0.0,0,0.0,0.0,-589396.0,2,,,,,,,,,,,
88261,2025,1,1,30,0,0,168327.84375,0.0,0.0,0.0,1717.0869140625,505.2307434082031,0.0,0.0,0,0,0.0,0.0,0.0,0.0,0,19587.708516242317,0.0,0,0.0,0.0,0.0,2,,,,,,,,,,,
88262,2025,1,1,25,0,1,3691.816650390625,0.0,0.0,0.0,0.0,0.0,0.0,0.0,0,0,0.0,0.0,0.0,0.0,0,9549.007901668128,0.0,0,0.0,0.0,0.0,2,7.0,,,,,,,,,,
88263,2025,1,2,28,44,0,0.0,-419449.59375,132891.359375,3588.304443359375,389.2882080078125,25.13260841369629,-456667.375,-35181.91796875,0,0,0.0,0.0,0.0,0.0,0,11018.086040386303,0.0,0,0.0,0.0,-1752550.0,2,,,,,,,,,,,
88264,2025,1,1,20,0,1,24809.95703125,0.0,0.0,0.0,0.0,0.0,0.0,0.0,0,0,0.0,0.0,0.0,0.0,0,6610.851624231782,0.0,0,0.0,0.0,0.0,2,11.0,,,,,,,,,,
88265,2025,1,2,37,36,1,126148.1796875,0.0,39339860.0,6934220.0,6089426.247982025,547900.1614379883,116859.71875,28301328.0,0,0,145411.140625,0.0,0.0,0.0,0,0.0,0.0,0,0.0,0.0,12040367.0,2,9.0,,,,,,,,,,
88266,2025,1,1,48,0,1,0.0,0.0,0.0,0.0,0.0,0.0,0.0,0.0,0,0,0.0,0.0,0.0,0.0,0,0.0,0.0,0,0.0,0.0,0.0,2,16.0,,,,,,,,,,
88267,2025,1,2,35,38,1,6690.080078125,0.0,107737.6875,0.0,356.0318298339844,43.3201789855957,-861.1363525390625,0.0,0,0,0.0,0.0,0.0,0.0,0,0.0,0.0,0,0.0,0.0,0.0,2,6.0,,,,,,,,,,
88268,2025,1,1,55,0,0,76210.4921875,0.0,0.0,0.0,0.0,40.41845703125,0.0,0.0,0,0,0.0,0.0,0.0,0.0,0,0.0,0.0,0,0.0,0.0,0.0,2,,,,,,,,,,,
88269,2025,1,2,72,76,0,131185.59375,245.0867462158203,2395.274169921875,0.0,13063.81396484375,8633.258666992188,0.0,36116.52734375,0,0,4756.169097900391,26538.472846441946,0.0,0.0,0,0.0,0.0,0,0.0,0.0,119340.6328125,2,,,,,,,,,,,
88270,2025,1,1,74,0,0,32668422.0,1315670.75,0.0,0.0,6691188.0,1760223.875,150787.078125,6064027.0,0,0,166054.96875,27765.337078651683,0.0,0.0,0,0.0,0.0,0,0.0,0.0,18779040.0,2,,,,,,,,,,,
88271,2025,1,2,73,72,0,113841.0078125,0.0,19378.787109375,0.0,20009.486328125,12481.570655822752,0.0,249621.93749999927,0,0,32503.583984374884,35978.48314606741,0.0,0.0,0,0.0,0.0,0,0.0,0.0,72674.30468749987,2,,,,,,,,,,,
88272,2025,1,2,73,76,0,677964.875,5324.47509765625,475580.40625,16547.5546875,158971.171875,45734.35791015625,3095.681327819824,2966889.4375,0,0,47204.15869140625,37306.47940074906,0.0,0.0,0,0.0,0.0,0,0.0,0.0,1100230.0,2,,,,,,,,,,,
88273,2025,1,1,53,0,0,49263.7890625,0.0,0.0,0.0,0.0,0.0,0.0,0.0,0,0,0.0,0.0,0.0,0.0,0,10038.700614574187,0.0,0,0.0,0.0,0.0,2,,,,,,,,,,,
88274,2025,1,2,26,24,3,1053556.8749999984,0.0,2081.50634765625,0.0,28242.00976562493,8636.7568359375,0.0,179818.85937499945,0,0,0.0,0.0,0.0,0.0,0,0.0,0.0,0,8120.253164556962,0.0,528553.1249999977,2,5.0,3.0,1.0,,,,,,,,
88275,2025,1,2,53,48,2,167215.40625,0.0,636016.8125,4142.68701171875,23480.085487365723,19095.695991516113,3796.31640625,254056.875,0,0,0.0,0.0,0.0,0.0,0,0.0,0.0,0,0.0,0.0,599402.3125,2,18.0,14.0,,,,,,,,,
88276,2025,1,1,54,0,0,48195.41796875,0.0,0.0,0.0,0.0,0.0,0.0,0.0,0,0,0.0,0.0,0.0,0.0,0,0.0,0.0,0,0.0,0.0,0.0,2,,,,,,,,,,,
88277,2025,1,2,78,76,0,0.0,0.0,0.0,0.0,0.0,0.0,-12517.2021484375,0.0,0,0,0.0,29935.07865168539,0.0,0.0,0,0.0,0.0,0,0.0,0.0,-29465.900390625,2,,,,,,,,,,,
88278,2025,1,2,55,53,1,81378.328125,0.0,4917.693359375,0.0,136.09249877929688,33.524383544921875,0.0,0.0,0,0,0.0,0.0,0.0,0.0,0,0.0,0.0,0,2679.683544303797,0.0,0.0,2,11.0,,,,,,,,,,
88279,2025,1,1,70,0,0,0.0,0.0,0.0,0.0,31888.75781249993,4132.787597656242,0.0,74173.14062499955,0,0,19433.203124999996,5516.29213483146,0.0,0.0,0,0.0,0.0,0,0.0,0.0,0.0,2,,,,,,,,,,,
88280,2025,1,2,53,56,0,3488.782958984375,-38.05912399291992,5199.0791015625,-3451.494873046875,0.0,0.0,-12454.925170898438,0.0,0,0,0.0,0.0,0.0,0.0,0,0.0,0.0,0,0.0,0.0,-21976.6328125,2,,,,,,,,,,,
88281,2025,1,1,36,0,0,26827.9921875,0.0,0.0,0.0,0.0,0.0,0.0,0.0,0,0,0.0,0.0,0.0,0.0,0,4039.9648814749776,0.0,0,0.0,0.0,0.0,2,,,,,,,,,,,
88282,2025,1,1,45,0,2,15716930.0,155001.40625,0.0,0.0,1362767.375,60930.828125,44205.56640625,1015507.5625,0,0,22575.09765625,0.0,0.0,0.0,0,0.0,0.0,0,16890.12658227848,0.0,5539858.5,2,3.0,2.0,,,,,,,,,
88283,2025,1,1,65,0,0,0.0,0.0,0.0,0.0,0.0,0.0,0.0,0.0,0,0,0.0,0.0,0.0,0.0,0,0.0,0.0,0,0.0,0.0,0.0,2,,,,,,,,,,,
88284,2025,1,1,28,0,1,735.9891357421875,0.0,0.0,0.0,0.0,0.0,0.0,0.0,0,0,0.0,0.0,0.0,0.0,0,10528.393327480244,0.0,0,0.0,0.0,0.0,2,5.0,,,,,,,,,,
88285,2025,1,2,28,64,0,85324.10156249996,0.0,18408.361328125,0.0,1871.9556884765584,884.8119716644287,0.0,3684.097656249999,0,0,21.329837799072266,0.0,0.0,0.0,0,0.0,0.0,0,0.0,0.0,33719.179687499956,2,,,,,,,,,,,
88286,2025,1,2,28,64,2,15739.546875,0.0,16701.271484375,0.0,177.75457763671875,65.42803955078125,0.0,0.0,0,0,0.0,0.0,0.0,0.0,0,0.0,0.0,0,4504.033755274261,0.0,0.0,2,17.0,4.0,,,,,,,,,
88287,2025,1,1,35,0,1,110873.203125,8704.1826171875,0.0,0.0,0.0,2.020922899246216,0.0,0.0,0,0,0.0,0.0,0.0,0.0,0,2448.4635645302897,0.0,0,0.0,0.0,0.0,2,14.0,,,,,,,,,,
88288,2025,1,2,41,33,1,72744.296875,0.0,27645.39453125,0.0,0.0,25.23500967025757,-10.553791046142578,0.0,0,0,0.0,0.0,0.0,0.0,0,13466.549604916592,0.0,0,0.0,0.0,0.0,2,4.0,,,,,,,,,,
88289,2025,1,1,34,0,4,0.0,0.0,0.0,0.0,0.0,0.0,-2138410.25,0.0,0,0,0.0,0.0,0.0,0.0,0,0.0,0.0,0,4060.126582278481,0.0,0.0,2,15.0,11.0,1.0,12.0,,,,,,,
88290,2025,1,1,78,0,0,368113.28125,2000288.25,0.0,0.0,1212454.125,856467.125,15282108.0,24530020.0,0,0,243322.328125,23291.011235955055,0.0,0.0,0,0.0,0.0,0,0.0,0.0,9065601.0,2,,,,,,,,,,,
88291,2025,1,1,74,0,0,0.0,-857112.1875,0.0,0.0,0.0,0.0,-748918.1875,-1449562.875,0,0,0.0,8172.284644194756,0.0,0.0,0,0.0,0.0,0,0.0,0.0,-11198352.0,2,,,,,,,,,,,
88292,2025,1,2,71,85,0,884366.6875,525970.1875,0.0,0.0,369665.3469238281,95323.18322753906,84749.2890625,1011479.9375,0,0,128903.859375,33857.77528089887,0.0,0.0,0,0.0,0.0,0,0.0,0.0,4520918.0,2,,,,,,,,,,,
88293,2025,1,2,36,36,2,254031.51562499977,3776.5495605468386,2477.74755859375,0.0,4369.293945312495,821.9866333007784,0.0,20238.367187499967,0,0,0.0,0.0,0.0,0.0,0,0.0,0.0,0,0.0,0.0,116950.78124999983,2,3.0,0.0,,,,,,,,,
88294,2025,1,1,61,0,0,32407.265625,0.0,0.0,0.0,0.0,0.0,0.0,0.0,0,0,0.0,0.0,0.0,0.0,0,0.0,0.0,0,0.0,0.0,0.0,2,,,,,,,,,,,
88295,2025,1,2,32,33,1,32495.404296875,0.0,95889.6015625,22130.740234375,26.21919059753418,18.55489730834961,0.0,6.327819347381592,0,0,0.0,0.0,0.0,0.0,0,0.0,0.0,0,0.0,0.0,0.0,2,8.0,,,,,,,,,,
88296,2025,1,1,35,0,0,31220.185546875,0.0,0.0,0.0,0.0,0.0,0.0,0.0,0,0,0.0,0.0,0.0,0.0,0,14690.781387181736,0.0,0,0.0,0.0,0.0,2,,,,,,,,,,,
88297,2025,1,1,71,0,0,0.0,0.0,0.0,0.0,2725.5349121093695,747.7414550781243,0.0,0.0,0,0,44102.8984375,13275.87640449438,0.0,0.0,0,5509.043020193151,0.0,0,0.0,0.0,0.0,2,,,,,,,,,,,
88298,2025,1,1,37,0,2,247743.453125,494129.78125,0.0,0.0,558.734619140625,9316.455078125,0.0,18414466.0,0,0,8774.033203125,0.0,0.0,0.0,0,0.0,0.0,0,0.0,0.0,292358.34375,2,15.0,10.0,,,,,,,,,
88299,2025,1,2,46,46,2,100151.1171875,0.0,174858.625,0.0,420.65484619140625,180.38004302978516,-29.832290649414062,219.21482849121094,0,0,0.0,0.0,0.0,0.0,0,0.0,0.0,0,0.0,0.0,0.0,2,18.0,10.0,,,,,,,,,
88300,2025,1,2,41,50,2,0.0,-15314.8642578125,210456.125,0.0,1609.8087158203125,146.2533416748047,-359155.0625,-85342.87109375,0,0,0.0,0.0,0.0,0.0,0,0.0,0.0,0,0.0,0.0,-2683032.25,2,16.0,10.0,,,,,,,,,
88301,2025,1,2,35,36,3,4714068.0,706604.5,2063184.5,27587.578125,1021474.40625,454544.236328125,90626.53271484375,9493982.5625,0,0,3925.98095703125,0.0,0.0,0.0,0,0.0,0.0,0,0.0,0.0,12094707.875,2,10.0,8.0,3.0,,,,,,,,
88302,2025,1,1,21,0,0,0.0,0.0,0.0,0.0,0.0,0.0,-20882.3828125,0.0,0,0,0.0,0.0,0.0,0.0,0,0.0,0.0,0,0.0,0.0,-3345.91259765625,2,,,,,,,,,,,
88303,2025,1,2,26,26,2,50390.69140625,0.0,31096.5546875,0.0,0.0,13.103886604309082,0.0,0.0,0,0,0.0,0.0,0.0,0.0,0,0.0,0.0,0,0.0,0.0,0.0,2,7.0,4.0,,,,,,,,,
88304,2025,1,1,41,0,4,14244.951171875,0.0,0.0,0.0,0.0,0.0,0.0,0.0,0,0,0.0,0.0,0.0,0.0,0,0.0,0.0,0,0.0,0.0,0.0,2,17.0,12.0,10.0,7.0,,,,,,,
88305,2025,1,1,65,0,0,0.0,0.0,0.0,0.0,0.0,0.0,0.0,0.0,0,0,5143.3984375,0.0,0.0,0.0,0,0.0,0.0,0,0.0,0.0,0.0,2,,,,,,,,,,,
88306,2025,1,1,45,0,0,116333.77343749981,0.0,0.0,0.0,1022.0755615234326,111.15076446533146,0.0,0.0,0,0,0.0,0.0,0.0,0.0,0,0.0,0.0,0,0.0,0.0,0.0,2,,,,,,,,,,,
88307,2025,1,2,55,56,1,245950.359375,1315400.0,23970.32421875,0.0,127397.703125,90154.01219367981,603531.375,12450090.0,0,0,58189.34375,0.0,0.0,0.0,0,0.0,0.0,0,0.0,0.0,21649796.0,2,22.0,,,,,,,,,,
88308,2025,1,1,53,0,0,45465.13671875,0.0,0.0,0.0,0.0,0.0,0.0,0.0,0,0,0.0,0.0,0.0,0.0,0,0.0,0.0,0,0.0,0.0,0.0,2,,,,,,,,,,,
88309,2025,1,1,65,0,0,0.0,0.0,0.0,0.0,13232.471679687495,1182.2398681640625,0.0,7146.114257812484,0,0,20015.03515625,0.0,0.0,0.0,0,0.0,0.0,0,0.0,0.0,0.0,2,,,,,,,,,,,
88310,2025,1,1,27,0,0,9555.98828125,0.0,0.0,0.0,0.0,0.0,0.0,0.0,0,0,0.0,0.0,0.0,0.0,0,9426.584723441614,0.0,0,0.0,0.0,0.0,2,,,,,,,,,,,
88311,2025,1,2,85,85,0,18840568.0,1550516.25,0.0,0.0,9563902.0,1228782.125,775840.375,11175988.0,0,0,320429.3125,16364.999999999998,0.0,0.0,0,0.0,0.0,0,0.0,0.0,22927134.0,2,,,,,,,,,,,
88312,2025,1,2,43,40,4,0.0,-19714.310546875,236029.125,2261.784423828125,13002.7890625,2932.130126953125,-8472168.82546997,-972143.921875,0,0,14.960110664367676,0.0,0.0,0.0,0,0.0,0.0,0,0.0,0.0,-35307540.5,2,14.0,12.0,8.0,6.0,,,,,,,
88313,2025,1,1,31,0,0,25166.08203125,0.0,0.0,0.0,0.0,0.0,0.0,0.0,0,0,0.0,0.0,0.0,0.0,0,0.0,0.0,0,0.0,0.0,0.0,2,,,,,,,,,,,
88314,2025,1,1,71,0,1,0.0,-378.5634460449219,0.0,0.0,0.0,0.0,-28204.77734375,-4366.31640625,0,0,0.0,17957.57397003745,0.0,0.0,0,0.0,0.0,0,0.0,0.0,-151088.875,2,13.0,,,,,,,,,,
88315,2025,1,1,76,0,0,0.0,0.0,0.0,0.0,1703.459228515625,707.322998046875,0.0,0.0,0,0,11636.6484375,2206.516853932584,0.0,0.0,0,0.0,0.0,0,0.0,0.0,0.0,2,,,,,,,,,,,
88316,2025,1,1,37,0,0,71580.8828125,0.0,0.0,0.0,0.0,0.0,0.0,0.0,0,0,0.0,0.0,0.0,0.0,0,1836.347673397717,0.0,0,0.0,0.0,0.0,2,,,,,,,,,,,
88317,2025,1,1,85,0,0,0.0,0.0,0.0,0.0,0.0,0.0,0.0,0.0,0,0,0.0,17161.797752808987,0.0,0.0,0,0.0,0.0,0,0.0,0.0,0.0,2,,,,,,,,,,,
88318,2025,1,1,47,0,0,0.0,0.0,0.0,0.0,0.0,0.0,0.0,0.0,0,0,0.0,0.0,0.0,0.0,0,6733.274802458296,0.0,0,0.0,0.0,0.0,2,,,,,,,,,,,
88319,2025,1,2,69,66,0,0.0,-130270.359375,0.0,0.0,0.0,0.0,-2556623.0649414062,-126243.5,0,0,0.0,0.0,0.0,0.0,0,0.0,0.0,0,0.0,0.0,-3438150.697998047,2,,,,,,,,,,,
88320,2025,1,2,62,64,0,6341.60009765625,0.0,12375993.0,940888.6875,954514.3125,2141689.2504090667,251728.59375,24611310.0,0,0,314970.4375,0.0,0.0,0.0,0,0.0,0.0,0,0.0,0.0,32812468.0,2,,,,,,,,,,,
88321,2025,1,1,25,0,0,0.0,-395710.15625,0.0,0.0,0.0,0.0,-1153412.625,-559620.75,0,0,0.0,0.0,0.0,0.0,0,11018.086040386303,0.0,0,0.0,0.0,-1263343.5,2,,,,,,,,,,,
88322,2025,1,2,56,65,0,35238.09375,0.0,0.0,0.0,15.404548645019531,58.3797607421875,-25114.57421875,0.0,0,0,0.0,0.0,0.0,0.0,0,0.0,0.0,0,0.0,0.0,-612.875,2,,,,,,,,,,,
88323,2025,1,2,71,69,0,0.0,0.0,79213.7890625,362.2923889160156,6355.04638671875,4446.6141357421875,0.0,56732.6953125,0,0,15852.802734375,54637.85205992509,0.0,0.0,0,0.0,0.0,0,0.0,0.0,386225.46875,2,,,,,,,,,,,
88324,2025,1,2,64,60,0,79840.890625,0.0,66579.875,0.0,3627.6163330078125,858.3960266113281,0.0,6443.646209716797,0,0,442.87615966796875,20839.325842696628,0.0,0.0,0,0.0,0.0,0,0.0,0.0,0.0,2,,,,,,,,,,,
88325,2025,1,1,74,0,0,0.0,0.0,0.0,0.0,0.0,0.0,-4583.2763671875,-108.47991180419922,0,0,0.0,31602.22471910112,0.0,0.0,0,0.0,0.0,0,0.0,0.0,0.0,2,,,,,,,,,,,
88326,2025,1,1,46,0,0,37749.12109375,0.0,0.0,0.0,0.0,0.0,0.0,0.0,0,0,0.0,0.0,0.0,0.0,0,0.0,0.0,0,0.0,0.0,0.0,2,,,,,,,,,,,
88327,2025,1,1,60,0,0,22554.505859375,0.0,0.0,0.0,0.0,0.0,0.0,0.0,0,0,0.0,0.0,0.0,0.0,0,2326.040386303775,0.0,0,0.0,0.0,0.0,2,,,,,,,,,,,
88328,2025,1,1,33,0,2,17093.94140625,0.0,0.0,0.0,0.0,0.0,0.0,0.0,0,0,0.0,0.0,0.0,0.0,0,19587.708516242317,0.0,0,0.0,0.0,0.0,2,14.0,6.0,,,,,,,,,
88329,2025,1,1,36,0,4,16144.2783203125,0.0,0.0,0.0,0.0,0.0,0.0,0.0,0,0,0.0,0.0,0.0,0.0,0,12242.317822651446,0.0,0,0.0,0.0,0.0,2,16.0,13.0,9.0,8.0,,,,,,,
88330,2025,1,2,58,59,0,226162.9375,6792.3115234375,4644.337890625,0.0,26603.4296875,12415.73433482647,-6829.07861328125,192054.140625,0,0,10604.9013671875,0.0,0.0,0.0,0,0.0,0.0,0,0.0,0.0,969639.125,2,,,,,,,,,,,
88331,2025,1,1,38,0,3,47245.7578125,0.0,0.0,0.0,0.0,0.0,0.0,0.0,0,0,0.0,0.0,0.0,0.0,0,0.0,0.0,0,0.0,0.0,0.0,2,17.0,13.0,9.0,,,,,,,,
88332,2025,1,2,51,44,1,0.0,-38503.79296875,22127648.0,370862.0625,1475341.625,404130.96875,-9758910.75,6733993.265625,0,0,207650.625,0.0,0.0,0.0,0,0.0,0.0,0,2679.683544303797,0.0,21412187.609375,2,7.0,,,,,,,,,,
88333,2025,1,1,29,0,0,42497.437499999985,0.0,0.0,0.0,0.0,0.0,0.0,0.0,0,0,0.0,0.0,0.0,0.0,0,6488.428446005267,0.0,0,0.0,0.0,0.0,2,,,,,,,,,,,
88334,2025,1,1,48,0,0,37986.5390625,0.0,0.0,0.0,0.0,0.0,0.0,0.0,0,0,0.0,0.0,0.0,0.0,0,7957.506584723441,0.0,0,0.0,0.0,0.0,2,,,,,,,,,,,
88335,2025,1,2,26,27,2,0.0,-828.2479248046875,82812.921875,0.0,0.0,19.800947189331055,-222466.140625,-2373.3583984375,0,0,0.0,0.0,0.0,0.0,0,9181.738366988586,0.0,0,0.0,0.0,-838973.625,2,11.0,2.0,,,,,,,,,
88336,2025,1,2,59,64,0,0.0,-830783.0625,79840.890625,0.0,2215.544189453125,407.1277160644531,-168995.796875,-796017.7800598145,0,0,0.0,0.0,0.0,0.0,0,0.0,0.0,0,0.0,0.0,-216596.34375,2,,,,,,,,,,,
88337,2025,1,2,59,56,0,0.0,-768465.5,0.0,-188899.734375,0.0,0.0,-2799828.0,-446094.484375,0,0,0.0,0.0,0.0,0.0,0,0.0,0.0,0,0.0,0.0,-16640351.875,2,,,,,,,,,,,
88338,2025,1,1,47,0,0,0.0,0.0,0.0,0.0,0.0,0.0,-4800.236328125,0.0,0,0,0.0,0.0,0.0,0.0,0,0.0,0.0,0,0.0,0.0,0.0,2,,,,,,,,,,,
88339,2025,1,1,54,0,0,48195.41796875,0.0,0.0,0.0,0.0,0.0,0.0,0.0,0,0,0.0,0.0,0.0,0.0,0,0.0,0.0,0,0.0,0.0,0.0,2,,,,,,,,,,,
88340,2025,1,1,76,0,0,0.0,0.0,0.0,0.0,0.0,0.0,-1722.11865234375,0.0,0,0,0.0,0.0,0.0,0.0,0,0.0,0.0,0,0.0,0.0,0.0,2,,,,,,,,,,,
88341,2025,1,2,37,33,0,11274.453125,0.0,19607.70703125,0.0,0.0,0.0,0.0,0.0,0,0,0.0,0.0,0.0,0.0,0,0.0,0.0,0,0.0,0.0,0.0,2,,,,,,,,,,,
88342,2025,1,2,36,38,2,2477.74755859375,0.0,47215.8046875,0.0,0.0,29.972810745239258,0.0,0.0,0,0,0.0,0.0,0.0,0.0,0,0.0,0.0,0,0.0,0.0,0.0,2,10.0,7.0,,,,,,,,,
88343,2025,1,1,43,0,0,119301.46874999994,820.201843261707,0.0,0.0,122.6490631103506,151.56921386718707,0.0,0.0,0,0,0.0,0.0,0.0,0.0,0,0.0,0.0,0,0.0,0.0,0.0,2,,,,,,,,,,,
88344,2025,1,2,78,78,0,0.0,0.0,80840.26562499996,0.0,2076.1533966064453,1208.1507873535154,0.0,16757.25585937499,0,0,0.0,0.0,0.0,0.0,0,0.0,0.0,0,0.0,0.0,0.0,2,,,,,,,,,,,
88345,2025,1,1,39,0,0,40479.40234375,0.0,0.0,0.0,0.0,0.0,0.0,0.0,0,0,0.0,0.0,0.0,0.0,0,48.96927129060579,0.0,0,0.0,0.0,0.0,2,,,,,,,,,,,
88346,2025,1,1,58,0,0,0.0,0.0,0.0,0.0,0.0,0.0,-11417.5107421875,0.0,0,0,0.0,0.0,0.0,0.0,0,15915.013169446882,0.0,0,0.0,0.0,0.0,2,,,,,,,,,,,
88347,2025,1,2,38,78,0,76272.55468749999,177.2348937988256,0.0,-125646.796875,1987.8631591796873,354.6624755859375,-1455673.5,-4529141.154296875,0,0,0.0,0.0,0.0,0.0,0,0.0,0.0,0,0.0,0.0,-8529674.44140625,2,,,,,,,,,,,
88348,2025,1,1,57,0,0,11657.119140625,0.0,0.0,0.0,0.0,0.0,0.0,0.0,0,0,0.0,0.0,0.0,0.0,0,0.0,0.0,0,0.0,0.0,0.0,2,,,,,,,,,,,
88349,2025,1,2,36,36,4,194823.265625,0.0,30665.302734375,0.0,1131.2425537109375,385.4509811401367,0.0,26.146528244018555,0,0,0.0,0.0,0.0,0.0,0,0.0,0.0,0,0.0,0.0,0.0,2,11.0,9.0,6.0,4.0,,,,,,,
88350,2025,1,2,53,55,2,18871792.0,615721.625,8461.3505859375,0.0,1031455.625,48063.810806274414,149362.71118164062,20946013.295562744,0,0,40969.21484375,0.0,0.0,0.0,0,0.0,0.0,0,0.0,0.0,9342875.0,2,20.0,19.0,,,,,,,,,
88351,2025,1,1,68,0,0,118.707931518553,0.0,0.0,0.0,27800.455078124924,8437.353515624982,0.0,36611.97265624998,0,0,25833.359374999996,18387.6404494382,0.0,0.0,0,0.0,0.0,0,0.0,0.0,0.0,2,,,,,,,,,,,
88352,2025,1,2,71,68,0,0.0,0.0,9933.30078125,0.0,0.0,33.26395034790039,-53833.15625,0.0,0,0,0.0,19204.868913857677,0.0,0.0,0,0.0,0.0,0,0.0,0.0,-2762.63623046875,2,,,,,,,,,,,
88353,2025,1,1,72,0,0,2974820.75,1806118.0,0.0,0.0,13954738.0,829993.0625,1329150.125,25953820.0,0,0,1037174.5,0.0,0.0,0.0,0,0.0,0.0,0,0.0,0.0,21906112.0,2,,,,,,,,,,,
88354,2025,1,1,38,0,0,22791.921875,0.0,0.0,0.0,0.0,0.0,0.0,0.0,0,0,0.0,0.0,0.0,0.0,0,0.0,0.0,0,0.0,0.0,0.0,2,,,,,,,,,,,
88355,2025,1,1,51,0,0,3644.33349609375,0.0,0.0,0.0,0.0,0.0,-54.23995590209961,0.0,0,0,0.0,0.0,0.0,0.0,0,8569.622475856013,0.0,0,0.0,0.0,0.0,2,,,,,,,,,,,
88356,2025,1,2,48,46,2,8.444720268249512,-17833.646484375,390481.90625,0.0,652.75341796875,437.09832763671875,-140953.9375,-23130.869995117188,0,0,0.0,0.0,0.0,0.0,0,6610.851624231782,0.0,0,0.0,0.0,-15271166.0,2,14.0,11.0,,,,,,,,,
88357,2025,1,2,38,38,4,2118186.75,4288.03564453125,314904.46875,11002.2021484375,105395.80078125,65550.99438476562,694.5731506347656,2872655.0625,0,0,0.0,0.0,0.0,0.0,0,15915.013169446882,0.0,0,0.0,0.0,2244172.546875,2,17.0,16.0,9.0,1.0,,,,,,,
88358,2025,1,1,27,0,0,14719.783203125,0.0,0.0,0.0,0.0,0.0,0.0,0.0,0,0,0.0,0.0,0.0,0.0,0,4284.811237928006,0.0,0,0.0,0.0,0.0,2,,,,,,,,,,,
88359,2025,1,2,48,48,1,160258.79687499974,517.1102294921847,8839.20703125,0.0,3108.165283203124,1630.5148925781189,0.0,7457.994140624987,0,0,0.0,0.0,0.0,0.0,0,0.0,0.0,0,0.0,0.0,40947.67187499999,2,9.0,,,,,,,,,,
88360,2025,1,1,43,0,0,22910.630859375,0.0,0.0,0.0,0.0,0.0,0.0,0.0,0,0,0.0,0.0,0.0,0.0,0,3060.5794556628616,0.0,0,0.0,0.0,0.0,2,,,,,,,,,,,
88361,2025,1,1,70,0,0,15550.738281249976,0.0,0.0,0.0,5192.143554687495,899.3107299804673,0.0,4501.916503906233,0,0,38982.7734375,0.0,0.0,0.0,0,23260.40386303775,0.0,0,0.0,0.0,0.0,2,,,,,,,,,,,
88362,2025,1,2,35,40,1,287732.71875,0.0,94849.6875,0.0,9707.296691894499,592.4584999084462,0.0,3186.50097656248,0,0,0.0,0.0,0.0,0.0,0,0.0,0.0,0,0.0,0.0,7339.340332031249,2,6.0,,,,,,,,,,
88363,2025,1,1,26,0,0,71224.7578125,0.0,0.0,0.0,0.0,70.7322998046875,0.0,0.0,0,0,0.0,0.0,0.0,0.0,0,9916.277436347673,0.0,0,0.0,0.0,0.0,2,,,,,,,,,,,
88364,2025,1,1,73,0,0,0.0,0.0,0.0,0.0,0.0,0.0,-53561.95703125,-881.3992919921875,0,0,0.0,3860.382958801498,0.0,0.0,0,0.0,0.0,0,0.0,0.0,-30583.734375,2,,,,,,,,,,,
88365,2025,1,2,69,46,1,1747.8936767578125,0.0,195.11331176757812,0.0,1176.0604248046875,1440.74072265625,0.0,8603.9375,0,0,0.0,0.0,0.0,0.0,0,14690.781387181736,0.0,0,0.0,0.0,0.0,2,24.0,,,,,,,,,,
88366,2025,1,1,55,0,0,35.61237716674805,0.0,0.0,0.0,0.0,0.0,0.0,0.0,0,0,0.0,0.0,18133.333333333332,0.0,0,12242.317822651446,0.0,0,0.0,0.0,0.0,2,,,,,,,,,,,
88367,2025,1,1,43,0,1,66120.3203125,0.0,0.0,0.0,0.0,10.104614257812356,0.0,0.0,0,0,0.0,0.0,0.0,0.0,0,4284.811237928006,0.0,0,0.0,0.0,0.0,2,12.0,,,,,,,,,,
88368,2025,1,2,72,79,0,131185.59375,245.0867462158203,669661.75,53396.81640625,294936.6904296875,70478.3505859375,15960.8515625,1023704.095703125,0,0,63010.45947265625,51507.86704119849,0.0,0.0,0,0.0,0.0,0,0.0,0.0,2322410.3828125,2,,,,,,,,,,,
88369,2025,1,1,80,0,0,0.0,0.0,0.0,0.0,0.0,0.0,0.0,0.0,0,0,0.0,30646.067415730333,0.0,0.0,0,0.0,0.0,0,0.0,0.0,0.0,2,,,,,,,,,,,
88370,2025,1,2,75,70,0,27725.0390625,0.0,1478486.125,275649.59375,4493154.5732421875,602461.4006347656,4385.22509765625,2344799.91796875,0,0,111478.10571289062,0.0,0.0,0.0,0,0.0,0.0,0,0.0,0.0,6110514.5,2,,,,,,,,,,,
88371,2025,1,1,74,0,0,0.0,0.0,0.0,0.0,0.0,0.0,-13.559988975524902,0.0,0,0,0.0,16512.101123595505,0.0,0.0,0,0.0,0.0,0,0.0,0.0,0.0,2,,,,,,,,,,,
88372,2025,1,1,30,0,0,2647.186767578125,0.0,0.0,0.0,0.0,0.0,0.0,0.0,0,0,0.0,0.0,0.0,0.0,0,0.0,0.0,0,0.0,0.0,0.0,2,,,,,,,,,,,
88373,2025,1,1,31,0,0,27896.36328125,0.0,0.0,0.0,0.0,0.0,0.0,0.0,0,0,0.0,0.0,0.0,0.0,0,0.0,0.0,0,0.0,0.0,0.0,2,,,,,,,,,,,
88374,2025,1,2,82,67,0,0.0,0.0,0.0,0.0,0.0,7.663218021392822,-53944.177490234375,-3538.407958984375,0,0,0.0,19613.483146067414,0.0,0.0,0,0.0,0.0,0,0.0,0.0,-94385.09375,2,,,,,,,,,,,
88375,2025,1,1,67,0,0,19705.515625,19584.412109375,0.0,0.0,143771.953125,39812.18359375,0.0,912180.5,0,0,23273.296875,0.0,0.0,0.0,0,0.0,0.0,0,0.0,0.0,188122.640625,2,,,,,,,,,,,
88376,2025,1,1,52,0,0,210469.15625,0.0,0.0,0.0,19351.296875,2617.09521484375,0.0,59121.5546875,0,0,0.0,0.0,0.0,0.0,0,734.5390693590869,0.0,0,0.0,0.0,0.0,2,,,,,,,,,,,
88377,2025,1,1,47,0,0,33238.21875,0.0,0.0,0.0,0.0,0.0,0.0,0.0,0,0,0.0,0.0,0.0,0.0,0,1469.0781387181737,0.0,0,0.0,0.0,0.0,2,,,,,,,,,,,
88378,2025,1,2,71,69,0,0.0,0.0,0.0,0.0,0.0,12.75174617767334,-2409.416015625,0.0,0,0,0.0,30646.067415730337,0.0,0.0,0,0.0,0.0,0,0.0,0.0,0.0,2,,,,,,,,,,,
88379,2025,1,1,30,0,0,0.0,-23604.544921875,0.0,0.0,0.0,0.0,-962.7592163085938,-40.67996597290039,0,0,0.0,0.0,0.0,0.0,0,28157.33099209833,0.0,0,0.0,0.0,-235.25949096679688,2,,,,,,,,,,,
88380,2025,1,2,53,49,1,0.0,0.0,4871654.0,188212.671875,11805484.0,105427.3984375,-1394.4144287109375,5887331.0,0,0,74307.625,0.0,0.0,0.0,0,0.0,0.0,0,0.0,0.0,4283899.5,2,16.0,,,,,,,,,,
88381,2025,1,1,20,0,0,15669.4462890625,0.0,0.0,0.0,0.0,0.0,0.0,0.0,0,0,0.0,0.0,0.0,0.0,0,0.0,0.0,0,0.0,0.0,0.0,2,,,,,,,,,,,
88382,2025,1,1,36,0,3,63033.91015625,5707.935546875,0.0,0.0,0.0,0.0,0.0,0.0,0,0,0.0,0.0,0.0,0.0,0,13466.549604916592,0.0,0,0.0,0.0,0.0,2,16.0,14.0,13.0,,,,,,,,
88383,2025,1,1,25,0,0,18399.728515625,0.0,0.0,0.0,0.0,0.0,0.0,0.0,0,0,0.0,0.0,0.0,0.0,0,28157.33099209833,0.0,0,0.0,0.0,0.0,2,,,,,,,,,,,
88384,2025,1,1,67,0,0,0.0,0.0,0.0,0.0,20986.6171875,6446.744140624987,0.0,71867.9453125,0,0,10973.35937499998,0.0,0.0,0.0,0,0.0,0.0,0,0.0,0.0,0.0,2,,,,,,,,,,,
88385,2025,1,2,51,55,0,84953.2421875,0.0,148953.6875,3599.505126953125,24624.36469268799,13347.817209243774,0.0,115112.4453125,0,0,63187.0,0.0,0.0,0.0,0,0.0,0.0,0,0.0,0.0,104230.046875,2,,,,,,,,,,,
88386,2025,1,1,35,0,0,58166.88671875,0.0,0.0,0.0,0.0,10.1046142578125,0.0,0.0,0,0,0.0,0.0,0.0,0.0,0,4284.811237928006,0.0,0,0.0,0.0,0.0,2,,,,,,,,,,,
88387,2025,1,2,39,37,3,77387.359375,0.0,0.0,-35.37583541870117,0.0,19.215383529663086,-7135.25927734375,0.0,0,0,0.0,0.0,0.0,0.0,0,0.0,0.0,0,0.0,0.0,0.0,2,6.0,4.0,2.0,,,,,,,,
88388,2025,1,2,85,80,0,563.50732421875,0.0,0.0,0.0,2875.439208984375,1313.599853515625,0.0,1091.31591796875,0,0,0.0,71507.49063670411,0.0,0.0,0,0.0,0.0,0,0.0,0.0,0.0,2,,,,,,,,,,,
88389,2025,1,1,54,0,0,0.0,-291271.15625,0.0,0.0,0.0,0.0,-336287.71875,-421580.0625,0,0,0.0,0.0,0.0,0.0,0,0.0,0.0,0,0.0,0.0,-2438595.25,2,,,,,,,,,,,
88390,2025,1,2,40,41,0,8377.2646484375,0.0,0.0,-3074.718505859375,0.0,0.0,-921.6654663085938,0.0,0,0,0.0,0.0,0.0,0.0,0,17139.244951712026,0.0,0,0.0,0.0,0.0,2,,,,,,,,,,,
88391,2025,1,2,65,68,0,161.9669952392578,0.0,0.0,-78586.8984375,0.0,0.0,-2173180.5,-2064289.75,0,0,0.0,46764.877340823965,0.0,0.0,0,0.0,0.0,0,0.0,0.0,-18031168.0,2,,,,,,,,,,,
88392,2025,1,2,67,63,0,0.0,0.0,87739.6796875,0.0,17179.4228515625,3516.422607421875,0.0,72173.00683593712,0,0,5295.844238281237,12430.044943820223,0.0,0.0,0,0.0,0.0,0,0.0,0.0,20853.38281249993,2,,,,,,,,,,,
88393,2025,1,1,26,0,0,325022.3125,14813.849609375,0.0,0.0,515671.1875,5466.5966796875,2684.8779296875,279606.96875,0,0,919.2952270507812,0.0,0.0,0.0,0,14690.781387181736,0.0,0,0.0,0.0,5504559.5,2,,,,,,,,,,,
88394,2025,1,2,66,62,0,0.0,-2643263.5,157.072509765625,0.0,0.0,0.0,-497695.61196899414,-143057.890625,0,0,0.0,44130.33707865168,0.0,0.0,0,0.0,0.0,0,0.0,0.0,-42486176.0,2,,,,,,,,,,,
88395,2025,1,2,60,24,0,161967.31249999994,431.8619995117126,138468.375,241113.5625,638822.666015625,605727.4851074219,246333.46875,3388985.43359375,0,0,20851.388183593717,0.0,0.0,0.0,0,0.0,0.0,0,0.0,0.0,2836848.265624999,2,,,,,,,,,,,
88396,2025,1,2,58,58,2,0.0,0.0,160251.78125,34375.140625,17589.005859375,2608.37060546875,-1174.68212890625,92974.96875,0,0,0.0,0.0,0.0,0.0,0,0.0,0.0,0,0.0,0.0,1091377.3010101318,2,5.0,4.0,,,,,,,,,
88397,2025,1,1,72,0,0,0.0,0.0,0.0,0.0,1185.607666015625,373.8707275390625,0.0,0.0,0,0,5818.32421875,4699.063670411984,0.0,0.0,0,0.0,0.0,0,0.0,0.0,0.0,2,,,,,,,,,,,
88398,2025,1,2,30,33,0,0.0,-85882.1171875,1432200.625,7113.99560546875,188258.625,50279.94921875,-345025.0,440749.52734375,0,0,27155.048828125,0.0,0.0,0.0,0,8447.199297629499,0.0,0,0.0,0.0,1462445.890625,2,,,,,,,,,,,
88399,2025,1,1,34,0,0,43921.93359375,0.0,0.0,0.0,0.0,0.0,0.0,0.0,0,0,0.0,0.0,0.0,0.0,0,15915.013169446882,0.0,0,0.0,0.0,0.0,2,,,,,,,,,,,
88400,2025,1,1,23,0,0,43090.9765625,0.0,0.0,0.0,0.0,0.0,0.0,0.0,0,0,0.0,0.0,0.0,0.0,0,7100.54433713784,0.0,0,0.0,0.0,0.0,2,,,,,,,,,,,
88401,2025,1,1,68,0,0,118.707931518553,0.0,0.0,0.0,27800.455078124924,8437.353515624982,0.0,36611.97265624998,0,0,25833.359374999996,19613.483146067414,0.0,0.0,0,0.0,0.0,0,0.0,0.0,0.0,2,,,,,,,,,,,
88402,2025,1,2,34,34,4,0.0,0.0,0.0,0.0,0.0,0.0,-944.7872314453125,0.0,0,0,0.0,0.0,0.0,0.0,0,0.0,0.0,0,0.0,0.0,0.0,2,6.0,4.0,2.0,0.0,,,,,,,
88403,2025,1,1,51,0,0,2668554.25,995792.0,0.0,0.0,19201392.0,986917.6875,633793.875,54809476.0,0,0,9751.51171875,0.0,0.0,0.0,0,0.0,0.0,0,0.0,0.0,1673793.125,2,,,,,,,,,,,
88404,2025,1,2,28,27,0,122610.8828125,0.0,15516844.0,852337.0625,781462.2250976562,2046861.396850586,59778.50941872597,18815398.82019043,0,0,157810.03125,0.0,0.0,0.0,0,0.0,0.0,0,0.0,0.0,6159108.0,2,,,,,,,,,,,
88405,2025,1,1,55,0,0,42260.0234375,0.0,0.0,0.0,0.0,10.1046142578125,0.0,0.0,0,0,0.0,0.0,0.0,0.0,0,13466.549604916592,0.0,0,0.0,0.0,0.0,2,,,,,,,,,,,
88406,2025,1,1,45,0,0,5258.76123046875,0.0,0.0,0.0,0.0,0.0,0.0,0.0,0,0,0.0,0.0,0.0,0.0,0,0.0,0.0,0,0.0,0.0,0.0,2,,,,,,,,,,,
88407,2025,1,1,32,0,0,19705.515625,0.0,0.0,0.0,0.0,0.0,0.0,0.0,0,0,0.0,0.0,0.0,0.0,0,0.0,0.0,0,0.0,0.0,0.0,2,,,,,,,,,,,
88408,2025,1,2,36,32,1,4705.10693359375,-1284498.375,199906.046875,966.607177734375,982.3355102539062,3487.767578125,-2486710.5,-233067.47973632812,0,0,9606.841796875,0.0,0.0,0.0,0,0.0,0.0,0,0.0,0.0,-18882375.609375,2,11.0,,,,,,,,,,
88409,2025,1,1,47,0,0,0.0,-503489.375,0.0,0.0,0.0,0.0,-618199.9375,-2287570.25,0,0,0.0,0.0,0.0,0.0,0,0.0,0.0,0,0.0,0.0,-30165494.0,2,,,,,,,,,,,
88410,2025,1,1,22,0,0,535728.875,0.0,0.0,0.0,38157.48828125,4658.2275390625,0.0,395409.28125,0,0,0.0,0.0,0.0,0.0,0,10405.97014925373,0.0,0,0.0,0.0,311.4613037109375,2,,,,,,,,,,,
88411,2025,1,1,43,0,1,35612.37890625,0.0,0.0,0.0,0.0,0.0,0.0,0.0,0,0,0.0,0.0,0.0,0.0,0,0.0,0.0,0,0.0,0.0,0.0,2,11.0,,,,,,,,,,
88412,2025,1,2,76,58,0,1849.58935546875,0.0,0.0,-554855.875,802.6793212890625,115.92112731933594,-183537.328125,-803907.9852905273,0,0,0.0,24086.78745318352,0.0,0.0,0,0.0,0.0,0,0.0,0.0,-202774.796875,2,,,,,,,,,,,
88413,2025,1,2,36,40,3,13412.400390625,0.0,1768842.75,334106.71875,136246.21875,67065.375,30281.607177734375,2042670.625,0,0,0.0,0.0,0.0,0.0,0,0.0,0.0,0,0.0,0.0,4293501.5,2,3.0,2.0,1.0,,,,,,,,
88414,2025,1,2,24,24,0,22197.134765625,0.0,458.4884948730469,-7877.564453125,0.0,0.0,-657599.3125,-4389.3623046875,0,0,0.0,0.0,0.0,0.0,0,3305.425812115891,0.0,0,0.0,0.0,-1231682.5,2,,,,,,,,,,,
88415,2025,1,1,50,0,0,70749.9296875,0.0,0.0,0.0,0.0,0.0,0.0,0.0,0,0,0.0,0.0,0.0,0.0,0,11018.086040386303,0.0,0,0.0,0.0,0.0,2,,,,,,,,,,,
88416,2025,1,2,84,83,0,669661.75,53396.81640625,730.2445678710938,0.0,283624.3687057495,62564.9818816185,15960.8515625,998422.0,0,0,58532.34375,20226.40449438202,0.0,0.0,0,0.0,0.0,0,0.0,0.0,2203069.75,2,,,,,,,,,,,
88417,2025,1,1,68,0,0,23504.169921875,0.0,0.0,0.0,749.5220947265608,272.82458496093676,0.0,311.8797607421875,0,0,26647.92578125,0.0,0.0,0.0,0,0.0,0.0,0,0.0,0.0,0.0,2,,,,,,,,,,,
88418,2025,1,1,45,0,0,10707.455078125,0.0,0.0,0.0,0.0,0.0,0.0,0.0,0,0,0.0,0.0,0.0,0.0,0,0.0,0.0,0,0.0,0.0,0.0,2,,,,,,,,,,,
88419,2025,1,1,62,0,0,0.0,-10176.67578125,0.0,0.0,0.0,0.0,-14644.7880859375,-12787.0693359375,0,0,0.0,0.0,0.0,0.0,0,0.0,0.0,0,0.0,0.0,-246761.0625,2,,,,,,,,,,,
88420,2025,1,1,38,0,0,67782.2265625,0.0,0.0,0.0,0.0,0.0,0.0,0.0,0,0,0.0,0.0,0.0,0.0,0,0.0,0.0,0,0.0,0.0,0.0,2,,,,,,,,,,,
88421,2025,1,1,55,0,0,105650.05468749994,0.0,0.0,0.0,654.1283569335932,151.56921386718722,0.0,0.0,0,0,0.0,0.0,0.0,0.0,0,0.0,0.0,0,0.0,0.0,0.0,2,,,,,,,,,,,
88422,2025,1,1,58,0,0,63271.328125,0.0,0.0,0.0,340.6918640136719,20.209228515625,0.0,0.0,0,0,0.0,0.0,0.0,0.0,0,8936.892010535557,0.0,0,0.0,0.0,0.0,2,,,,,,,,,,,
88423,2025,1,2,46,38,0,962708.4375,208626.328125,60158.078125,0.0,281288.11407470703,39511.49360656738,0.0,554707.3955383301,0,0,16240.568359375,0.0,0.0,0.0,0,7957.506584723441,0.0,0,0.0,0.0,875245.9375,2,,,,,,,,,,,
88424,2025,1,2,40,34,1,434273.75,0.0,61881.25390625,0.0,4150.701171875,371.12840700149536,0.0,398.5700988769531,0,0,0.0,0.0,0.0,0.0,0,0.0,0.0,0,2436.0759493670885,0.0,0.0,2,1.0,,,,,,,,,,
88425,2025,1,1,23,0,0,15906.8623046875,0.0,0.0,0.0,0.0,0.0,0.0,0.0,0,0,0.0,0.0,0.0,0.0,0,22036.172080772605,0.0,0,0.0,0.0,0.0,2,,,,,,,,,,,
88426,2025,1,1,33,0,0,18637.14453125,0.0,0.0,0.0,0.0,0.0,0.0,0.0,0,0,0.0,0.0,0.0,0.0,0,24484.635645302893,0.0,0,0.0,0.0,0.0,2,,,,,,,,,,,
88427,2025,1,1,42,0,3,40598.11328125,0.0,0.0,0.0,0.0,0.0,0.0,0.0,0,0,0.0,0.0,0.0,0.0,0,0.0,0.0,0,0.0,0.0,0.0,2,16.0,9.0,7.0,,,,,,,,
88428,2025,1,2,32,32,2,2214.158935546875,0.0,449.9966735839844,0.0,0.0,0.0,-14755.4765625,0.0,0,0,0.0,0.0,0.0,0.0,0,7957.506584723441,0.0,0,0.0,0.0,-112096.6953125,2,2.0,1.0,,,,,,,,,
88429,2025,1,1,26,0,0,56386.265625,0.0,0.0,0.0,0.0,0.0,0.0,0.0,0,0,0.0,0.0,0.0,0.0,0,11385.355575065845,0.0,0,0.0,0.0,0.0,2,,,,,,,,,,,
88430,2025,1,2,40,36,1,274040.21875,0.0,52052.46484375,0.0,3100.7645621299744,482.58725237846375,0.0,7043.59228515625,0,0,0.0,0.0,0.0,0.0,0,0.0,0.0,0,0.0,0.0,0.0,2,10.0,,,,,,,,,,
88431,2025,1,2,46,46,2,2889047.0,78149.453125,64168.828125,0.0,1171851.0,305498.80414009094,579990.5205078125,16656577.0,0,0,3828.079345703125,0.0,0.0,0.0,0,0.0,0.0,0,0.0,0.0,16770241.0,2,14.0,12.0,,,,,,,,,
88432,2025,1,1,53,0,0,38461.37109375,0.0,0.0,0.0,0.0,0.0,0.0,0.0,0,0,0.0,0.0,0.0,0.0,0,0.0,0.0,0,0.0,0.0,0.0,2,,,,,,,,,,,
88433,2025,1,1,66,0,0,0.0,0.0,0.0,0.0,3338.780029296875,313.2430419921875,0.0,0.0,0,0,10531.1669921875,34654.573033707864,0.0,0.0,0,0.0,0.0,0,0.0,0.0,0.0,2,,,,,,,,,,,
88434,2025,1,1,75,0,0,14684171.0,3433130.75,0.0,0.0,364404.0,1004398.6875,0.0,175466.265625,0,0,114737.3515625,14280.045880149812,0.0,0.0,0,0.0,0.0,0,0.0,0.0,1294225.625,2,,,,,,,,,,,
88435,2025,1,1,70,0,0,0.0,0.0,0.0,0.0,0.0,0.0,-18034.78515625,0.0,0,0,0.0,0.0,0.0,0.0,0,0.0,0.0,0,0.0,0.0,0.0,2,,,,,,,,,,,
88436,2025,1,1,29,0,0,112416.40625,0.0,0.0,0.0,381.5748596191406,50.5230712890625,0.0,406.7996826171875,0,0,0.0,0.0,0.0,0.0,0,13466.549604916592,0.0,0,0.0,0.0,0.0,2,,,,,,,,,,,
88437,2025,1,1,51,0,2,91167.6875,20756.12890625,0.0,0.0,8040.32763671875,959.9384155273438,0.0,64409.94921875,0,0,0.0,0.0,0.0,0.0,0,0.0,0.0,0,0.0,0.0,25955.109375,2,8.0,7.0,,,,,,,,,
88438,2025,1,2,68,57,1,0.0,0.0,95721.24218749999,0.0,1332.5373535156157,176.64146447181696,-103.70282745361328,3974.68530273437,0,0,0.0,0.0,0.0,0.0,0,0.0,0.0,0,0.0,0.0,260.02822875976193,2,16.0,,,,,,,,,,
88439,2025,1,2,32,38,2,2389.5087890625,0.0,8092.2265625,0.0,0.0,0.0,-176.36898803710938,0.0,0,0,0.0,0.0,0.0,0.0,0,0.0,0.0,0,0.0,0.0,0.0,2,3.0,3.0,,,,,,,,,
88440,2025,1,2,35,40,3,36236.44140625,0.0,0.0,-3867992.25,0.8153700828552246,8.156218528747559,-290341.71875,-887636.875,0,0,0.0,0.0,0.0,0.0,0,0.0,0.0,0,0.0,0.0,-12064418.0,2,15.0,13.0,11.0,,,,,,,,
88441,2025,1,2,41,42,2,11402.228515625,0.0,0.0,-505.01513671875,0.0,0.0,-6391.734375,-543.4268188476562,0,0,0.0,0.0,0.0,0.0,0,0.0,0.0,0,0.0,0.0,-1930.577880859375,2,13.0,6.0,,,,,,,,,
88442,2025,1,1,46,0,0,388293.625,150984.09375,0.0,0.0,473697.9375,6767060.5,8823485.0,7586814.0,0,0,113573.6875,0.0,0.0,0.0,0,8324.776119402984,0.0,0,0.0,0.0,2093020.0,2,,,,,,,,,,,
88443,2025,1,2,35,35,0,26792.080078125,0.0,83468.1640625,0.0,949.5820922851558,648.9849853515606,-17671.80078125,4841.978027343733,0,0,0.0,0.0,0.0,0.0,0,12119.894644424932,0.0,0,0.0,0.0,15413.943481445272,2,,,,,,,,,,,
88444,2025,1,1,68,0,0,0.0,0.0,0.0,0.0,0.0,0.0,-162.71986389160156,0.0,0,0,0.0,1634.4569288389512,0.0,0.0,0,0.0,0.0,0,0.0,0.0,0.0,2,,,,,,,,,,,
88445,2025,1,2,52,49,0,287829.125,0.0,74640.7265625,0.0,16371.033508300674,1687.0843811035156,0.0,34949.261047363194,0,0,10527.969726562465,0.0,0.0,0.0,0,0.0,0.0,0,0.0,0.0,20771.63410949698,2,,,,,,,,,,,
88446,2025,1,1,64,0,0,13568316.0,5274400.0,0.0,0.0,18029412.0,805539.875,208281.4375,96804760.0,0,0,107057.1640625,29885.023408239696,0.0,0.0,0,20811.94029850746,0.0,0,0.0,0.0,35215892.0,2,,,,,,,,,,,
88447,2025,1,1,37,0,0,84045.21093749996,0.0,0.0,0.0,0.0,10.104614257812385,0.0,0.0,0,0,0.0,0.0,0.0,0.0,0,0.0,0.0,0,0.0,0.0,0.0,2,,,,,,,,,,,
88448,2025,1,1,35,0,0,33356.9296875,0.0,0.0,0.0,0.0,0.0,0.0,0.0,0,0,0.0,0.0,0.0,0.0,0,6978.1211589113245,0.0,0,0.0,0.0,0.0,2,,,,,,,,,,,
88449,2025,1,2,47,47,2,444161.5625,0.0,40162.46484375,0.0,3463.9306640625,502.64961564540863,-1404.8984375,4369.01611328125,0,0,0.0,0.0,0.0,0.0,0,0.0,0.0,0,0.0,0.0,0.0,2,19.0,15.0,,,,,,,,,
88450,2025,1,1,63,0,0,3715.55810546875,0.0,0.0,0.0,0.0,0.0,0.0,0.0,0,0,0.0,0.0,0.0,0.0,0,9181.738366988586,0.0,0,0.0,0.0,0.0,2,,,,,,,,,,,
88451,2025,1,2,57,21,0,6884.4345703125,0.0,2098.65380859375,0.0,0.0,0.0,-115.15300750732422,0.0,0,0,0.0,0.0,0.0,0.0,0,0.0,0.0,0,0.0,0.0,0.0,2,,,,,,,,,,,
88452,2025,1,1,66,0,0,0.0,0.0,0.0,0.0,0.0,0.0,0.0,0.0,0,0,0.0,9806.741573033707,0.0,0.0,0,0.0,0.0,0,0.0,0.0,0.0,2,,,,,,,,,,,
88453,2025,1,2,69,77,0,0.0,0.0,0.0,0.0,0.0,20.209228515625,-25.73381233215332,0.0,0,0,0.0,31553.19101123595,0.0,0.0,0,0.0,0.0,0,0.0,0.0,0.0,2,,,,,,,,,,,
88454,2025,1,1,51,0,0,0.0,0.0,0.0,0.0,0.0,0.0,0.0,0.0,0,0,0.0,0.0,0.0,0.0,0,0.0,0.0,0,0.0,0.0,0.0,2,,,,,,,,,,,
88455,2025,1,2,71,64,0,0.0,0.0,19815.89453125,0.0,31.63430404663086,31.570008277893066,-2409.416015625,0.0,0,0,0.0,35267.494382022465,0.0,0.0,0,15915.013169446882,0.0,0,0.0,0.0,0.0,2,,,,,,,,,,,
88456,2025,1,1,83,0,0,0.0,-24784772.0,0.0,0.0,0.0,0.0,-1521430.75,-438936.84375,0,0,0.0,10602.51779026217,0.0,0.0,0,0.0,0.0,0,0.0,0.0,-4117041.0,2,,,,,,,,,,,
88457,2025,1,2,73,71,0,0.0,-23688.623046875,0.0,-186539.8125,0.0,0.0,-2713416.125,-251118.47265625,0,0,0.0,49156.292134831456,0.0,0.0,0,0.0,0.0,0,0.0,0.0,-27014965.8125,2,,,,,,,,,,,
88458,2025,1,2,71,85,0,0.0,0.0,98663.18749999958,358.64364624022926,55600.910156249985,17085.742187499964,0.0,250309.9999999999,0,0,31638.734374999935,34593.2808988764,0.0,0.0,0,0.0,0.0,0,0.0,0.0,110153.91406249996,2,,,,,,,,,,,
88459,2025,1,1,27,0,0,46177.38281249999,0.0,0.0,0.0,0.0,0.0,0.0,0.0,0,0,0.0,0.0,0.0,0.0,0,9181.738366988586,0.0,0,0.0,0.0,0.0,2,,,,,,,,,,,
88460,2025,1,1,33,0,2,0.0,0.0,0.0,0.0,0.0,0.0,0.0,0.0,0,0,0.0,0.0,0.0,0.0,0,17138.22475856014,0.0,0,0.0,0.0,0.0,2,11.0,6.0,,,,,,,,,
88461,2025,1,1,67,0,0,19705.515625,19584.412109375,0.0,0.0,143771.953125,39812.18359375,0.0,912180.5,0,0,23273.296875,16731.731273408237,0.0,0.0,0,0.0,0.0,0,0.0,0.0,188122.640625,2,,,,,,,,,,,
88462,2025,1,2,38,43,3,123515.3593749998,182.0525207519529,0.0,-19714.310546875,3275.024658203121,373.795104980468,-8472209.0,-1071520.0546875,0,0,0.0,0.0,0.0,0.0,0,0.0,0.0,0,0.0,0.0,-35647574.91308594,2,18.0,13.0,9.0,,,,,,,,
88463,2025,1,2,39,38,3,10498434.0,1784357.5,1101.220458984375,0.0,2925292.5,6846402.0,7262934.417816162,44788644.0,0,0,77740.3046875,0.0,0.0,0.0,0,0.0,0.0,0,0.0,0.0,73360376.93261337,2,4.0,3.0,2.0,,,,,,,,
88464,2025,1,2,54,53,2,0.0,-1245235.75,146309.953125,0.0,1139.8162841796875,207.44546508789062,-1821185.125,-863530.6867675781,0,0,0.0,0.0,0.0,0.0,0,0.0,0.0,0,0.0,0.0,-572199.4375,2,17.0,17.0,,,,,,,,,
88465,2025,1,1,74,0,0,44752.890625,14177.775390625,0.0,0.0,6732.07080078125,3172.848876953125,0.0,7010.5146484375,0,0,45150.1953125,10615.797752808987,0.0,0.0,0,0.0,0.0,0,0.0,0.0,0.0,2,,,,,,,,,,,
88466,2025,1,1,41,0,0,36799.45703125,0.0,0.0,0.0,0.0,0.0,0.0,0.0,0,0,0.0,0.0,0.0,0.0,0,12242.317822651446,0.0,0,0.0,0.0,0.0,2,,,,,,,,,,,
88467,2025,1,1,27,0,0,194918.421875,4812409.0,0.0,0.0,47015.4765625,5405.96875,14915.98828125,101320240.0,0,0,17105.873046875,0.0,0.0,0.0,0,4039.9648814749776,0.0,0,0.0,0.0,9555633.0,2,,,,,,,,,,,
88468,2025,1,1,23,0,0,43090.9765625,0.0,0.0,0.0,0.0,0.0,0.0,0.0,0,0,0.0,0.0,0.0,0.0,0,9181.738366988586,0.0,0,0.0,0.0,0.0,2,,,,,,,,,,,
88469,2025,1,1,54,0,0,46058.67578125,0.0,0.0,0.0,0.0,0.0,0.0,0.0,0,0,0.0,0.0,0.0,0.0,0,4284.811237928006,0.0,0,0.0,0.0,0.0,2,,,,,,,,,,,
88470,2025,1,1,44,0,2,4997.60400390625,0.0,0.0,0.0,0.0,0.0,0.0,0.0,0,0,0.0,0.0,0.0,0.0,0,3672.695346795434,0.0,0,0.0,0.0,0.0,2,15.0,13.0,,,,,,,,,
88471,2025,1,1,72,0,0,0.0,0.0,0.0,0.0,0.0,0.0,-13.559988975524902,0.0,0,0,0.0,2696.8539325842694,0.0,0.0,0,0.0,0.0,0,0.0,0.0,0.0,2,,,,,,,,,,,
88472,2025,1,1,49,0,0,0.0,-13695.0888671875,0.0,0.0,0.0,0.0,-185500.65625,-27119.978515625,0,0,0.0,0.0,0.0,0.0,0,11018.086040386303,0.0,0,0.0,0.0,-3813817.75,2,,,,,,,,,,,
88473,2025,1,1,24,0,0,92829.6015625,62770.55078125,0.0,0.0,494139.46875,3536.615234375,67.7999496459961,3137781.5,0,0,0.0,0.0,0.0,0.0,0,6488.428446005267,0.0,0,0.0,0.0,172134.28125,2,,,,,,,,,,,
88474,2025,1,2,55,48,1,704577.125,0.0,10502.3388671875,0.0,35315.5390625,2678.2626953124905,-3790.863037109375,16867.21679687498,0,0,0.0,0.0,0.0,0.0,0,0.0,0.0,0,0.0,0.0,1417.5169677734252,2,17.0,,,,,,,,,,
88475,2025,1,1,53,0,0,352325.125,3207156.75,0.0,0.0,9664746.0,1050879.875,312286.5625,41480008.0,0,0,99958.8125,0.0,0.0,0.0,0,4284.811237928006,0.0,0,0.0,0.0,29775702.0,2,,,,,,,,,,,
88476,2025,1,1,85,0,0,0.0,0.0,0.0,0.0,585.989990234375,353.6614990234375,0.0,0.0,0,0,9018.40234375,16904.37078651685,0.0,0.0,0,3060.5794556628616,0.0,0,0.0,0.0,0.0,2,,,,,,,,,,,
88477,2025,1,1,32,0,1,54368.23046875,8587.01171875,0.0,0.0,0.0,0.0,0.0,0.0,0,0,0.0,0.0,0.0,0.0,0,7345.390693590868,0.0,0,0.0,0.0,0.0,2,3.0,,,,,,,,,,
88478,2025,1,1,73,0,0,3442.530029296875,0.0,0.0,0.0,0.0,151.5692138671875,0.0,0.0,0,0,18269.5390625,25538.38951310861,0.0,0.0,0,4774.503950834064,0.0,0,0.0,0.0,0.0,2,,,,,,,,,,,
88479,2025,1,2,56,54,1,363558.625,0.0,509888.8437499999,177.7288360595703,20226.587524414033,4679.273040771484,0.0,125250.34057617137,0,0,0.0,0.0,0.0,0.0,0,0.0,0.0,0,0.0,0.0,14954.50097656238,2,17.0,,,,,,,,,,
88480,2025,1,2,57,56,0,21068.296875,0.0,45234.35546875,0.0,974.3469848632812,291.2454500198364,0.0,184.78067016601562,0,0,0.0,0.0,0.0,0.0,0,0.0,0.0,0,0.0,0.0,0.0,2,,,,,,,,,,,
88481,2025,1,2,57,56,0,62096.1953125,0.0,194963.8125,8009.79443359375,32073.979461669922,2932.4311561584473,0.0,122925.7421875,0,0,20494.453125,0.0,0.0,0.0,0,0.0,0.0,0,0.0,0.0,144594.875,2,,,,,,,,,,,
88482,2025,1,2,50,53,0,402081.34375,489408.125,143799.125,0.0,113287.650390625,570064.5489501953,156524.046875,15154588.8046875,0,0,413210.5625,0.0,0.0,0.0,0,0.0,0.0,0,0.0,0.0,3537534.84375,2,,,,,,,,,,,
88483,2025,1,1,79,0,0,11277.2529296875,0.0,0.0,0.0,50831.22265625,33244.18359375,569.51953125,702949.8125,0,0,53528.58203125,29420.22471910112,0.0,0.0,0,0.0,0.0,0,0.0,0.0,47134.48046875,2,,,,,,,,,,,
88484,2025,1,1,85,0,0,0.0,0.0,0.0,0.0,40.88302230834961,80.8369140625,0.0,0.0,0,0,0.0,14710.11235955056,0.0,0.0,0,0.0,0.0,0,0.0,0.0,0.0,2,,,,,,,,,,,
88485,2025,1,1,63,0,0,3715.55810546875,0.0,0.0,0.0,0.0,0.0,0.0,0.0,0,0,0.0,0.0,0.0,0.0,0,0.0,0.0,0,0.0,0.0,0.0,2,,,,,,,,,,,
88486,2025,1,2,42,44,2,157866.203125,7176.1669921875,27649.669921875,0.0,1390.4080810546875,413.8438415527344,0.0,2650.3388671875,0,0,0.0,0.0,0.0,0.0,0,0.0,0.0,0,0.0,0.0,301627.65625,2,16.0,13.0,,,,,,,,,
88487,2025,1,1,77,0,0,0.0,0.0,0.0,0.0,0.0,50.5230712890625,0.0,0.0,0,0,0.0,0.0,0.0,0.0,0,0.0,0.0,0,0.0,0.0,0.0,2,,,,,,,,,,,
88488,2025,1,1,32,0,1,36087.2109375,0.0,0.0,0.0,0.0,0.0,0.0,0.0,0,0,0.0,0.0,0.0,0.0,0,17139.244951712026,0.0,0,7037.552742616033,0.0,0.0,2,3.0,,,,,,,,,,
88489,2025,1,2,69,71,0,79213.7890625,362.2923889160156,53459.99609374985,1081.1708984374925,32500.49169921873,10563.509277343746,0.0,202801.07031249985,0,0,38427.900390625,35966.22471910112,0.0,0.0,0,0.0,0.0,0,0.0,0.0,386229.62156772614,2,,,,,,,,,,,
88490,2025,1,2,27,27,2,13089.896484375,0.0,31813.58984375,0.0,0.0,13.716805458068848,-565.4830932617188,0.0,0,0,0.0,0.0,0.0,0.0,0,0.0,0.0,0,25984.810126582277,0.0,0.0,2,5.0,2.0,,,,,,,,,
88491,2025,1,2,42,35,0,0.0,-1786173.625,83468.1640625,0.0,949.5820922851558,648.9849853515606,-2396215.75,-65613.39697265626,0,0,0.0,0.0,0.0,0.0,0,0.0,0.0,0,0.0,0.0,-13011823.4296875,2,,,,,,,,,,,
88492,2025,1,2,54,57,0,88683.8984375,0.0,114227.36718749999,0.0,4623.150711059539,2685.4731521606263,0.0,41759.4140625,0,0,2857.726806640625,0.0,0.0,0.0,0,0.0,0.0,0,0.0,0.0,99508.99999999985,2,,,,,,,,,,,
88493,2025,1,2,58,60,0,47583.7421875,0.0,315173.0,84320.140625,37512.198040008545,7575.629245758057,0.0,223036.296875,0,0,30395.4375,0.0,0.0,0.0,0,0.0,0.0,0,0.0,0.0,581822.375,2,,,,,,,,,,,
88494,2025,1,1,79,0,0,0.0,0.0,0.0,0.0,0.0,0.0,0.0,0.0,0,0,0.0,22065.16853932584,0.0,0.0,0,0.0,0.0,0,0.0,0.0,0.0,2,,,,,,,,,,,
88495,2025,1,1,56,0,0,19942.931640625,0.0,0.0,0.0,0.0,0.0,0.0,0.0,0,0,0.0,0.0,0.0,0.0,0,0.0,0.0,0,0.0,0.0,0.0,2,,,,,,,,,,,
88496,2025,1,2,28,28,2,26769.8125,0.0,18400.80078125,0.0,0.0,0.0,0.0,0.0,0,0,0.0,0.0,0.0,0.0,0,0.0,0.0,0,0.0,0.0,0.0,2,7.0,6.0,,,,,,,,,
88497,2025,1,2,46,48,0,24682.84375,0.0,351239.03125,0.0,23844.17586135863,3459.227920532215,0.0,109855.10937499955,0,0,623.3378295898384,0.0,0.0,0.0,0,0.0,0.0,0,0.0,0.0,177509.84374999983,2,,,,,,,,,,,
88498,2025,1,2,65,58,0,816700.625,7089.2841796875,17988662.0,215627.53125,804335.828125,936936.525390625,121787.49503803253,41783405.75,0,0,213762.65625,0.0,0.0,0.0,0,0.0,0.0,0,0.0,0.0,14014266.0625,2,,,,,,,,,,,
88499,2025,1,2,60,59,0,11853.4853515625,0.0,90447.328125,0.0,2059.767822265625,386.9054993391037,0.0,6647.5,0,0,117.12798309326172,0.0,0.0,0.0,0,0.0,0.0,0,0.0,0.0,0.0,2,,,,,,,,,,,
88500,2025,1,1,43,0,2,0.0,-108224.609375,0.0,0.0,0.0,0.0,-1125343.5,0.0,0,0,0.0,0.0,0.0,0.0,0,0.0,0.0,0,0.0,0.0,-12128.93359375,2,16.0,8.0,,,,,,,,,
88501,2025,1,1,37,0,0,435064.5625,404242.34375,0.0,0.0,3265190.75,6554863.5,86919.53125,5131100.0,0,0,151276.4375,0.0,0.0,0.0,0,0.0,0.0,0,0.0,0.0,3170676.25,2,,,,,,,,,,,
88502,2025,1,2,40,46,2,0.0,0.0,1007669.562499998,0.0,30361.816406249978,5138.383300781246,0.0,38560.92968749999,0,0,0.0,0.0,0.0,0.0,0,0.0,0.0,0,0.0,0.0,207432.6249999989,2,18.0,11.0,,,,,,,,,
88503,2025,1,1,32,0,2,27065.408203125,0.0,0.0,0.0,0.0,0.0,0.0,0.0,0,0,0.0,0.0,0.0,0.0,0,0.0,0.0,0,7037.552742616033,0.0,0.0,2,5.0,3.0,,,,,,,,,
88504,2025,1,1,45,0,3,66120.3203125,0.0,0.0,0.0,0.0,0.0,0.0,0.0,0,0,0.0,0.0,0.0,0.0,0,0.0,0.0,0,0.0,0.0,0.0,2,7.0,6.0,3.0,,,,,,,,
88505,2025,1,2,51,49,1,47274.3125,0.0,1666.5780029296875,0.0,0.0,13.899120330810547,-26.250682830810547,0.0,0,0,0.0,0.0,0.0,0.0,0,0.0,0.0,0,0.0,0.0,0.0,2,25.0,,,,,,,,,,
88506,2025,1,2,29,33,4,2569069.25,1197300.375,37381744.0,811818.75,4477932.375,746531.828125,2659206.1875,71088614.0,0,0,189099.1015625,0.0,0.0,0.0,0,9793.854258121159,0.0,0,0.0,0.0,30670677.5,2,10.0,7.0,5.0,1.0,,,,,,,
88507,2025,1,2,36,36,2,67258.328125,0.0,460147.34375,82501.9296875,2287372.25,37424.80325651169,2823.24560546875,14145462.0,0,0,19140.751953125,0.0,0.0,0.0,0,0.0,0.0,0,22520.168776371305,0.0,10106379.0,2,6.0,3.0,,,,,,,,,
88508,2025,1,1,70,0,0,15550.738281249976,0.0,0.0,0.0,5192.143554687495,899.3107299804673,0.0,4501.916503906233,0,0,38982.7734375,19294.76404494382,0.0,0.0,0,4896.927129060579,0.0,0,0.0,0.0,0.0,2,,,,,,,,,,,
88509,2025,1,2,48,51,1,11180313.0,150245.09375,644.3264770507812,-13108.0224609375,253703.875,286216.53125,-282100.31640625,32738776.34375,0,0,104217.90625,0.0,0.0,0.0,0,9793.854258121159,0.0,0,0.0,0.0,18586479.625,2,15.0,,,,,,,,,,
88510,2025,1,2,72,74,0,0.0,0.0,731526.125,46865.07421875,125201.4609375,15352.5263671875,447.4796447753906,1322806.375,0,0,53344.9296875,14403.651685393257,0.0,0.0,0,0.0,0.0,0,0.0,0.0,832614.0625,2,,,,,,,,,,,
88511,2025,1,2,69,70,0,0.0,0.0,0.0,-2151879.0,0.0,0.0,-3499833.25,-224169.75,0,0,0.0,51105.3820224719,0.0,0.0,0,22036.172080772605,0.0,0,0.0,0.0,-1580104.625,2,,,,,,,,,,,
88512,2025,1,2,85,85,0,563.50732421875,0.0,0.0,0.0,2875.439208984375,1313.599853515625,0.0,1091.31591796875,0,0,0.0,53324.15730337078,0.0,0.0,0,0.0,0.0,0,0.0,0.0,0.0,2,,,,,,,,,,,
88513,2025,1,2,45,44,1,0.0,0.0,118999.25,0.0,1782.8441162109375,61.46642303466797,-4651.076171875,862.0350341796875,0,0,0.0,0.0,0.0,0.0,0,0.0,0.0,0,0.0,0.0,0.0,2,9.0,,,,,,,,,,
88514,2025,1,1,27,0,0,194918.421875,4812409.0,0.0,0.0,47015.4765625,5405.96875,14915.98828125,101320240.0,0,0,17105.873046875,0.0,0.0,0.0,0,0.0,0.0,0,0.0,0.0,9555633.0,2,,,,,,,,,,,
88515,2025,1,2,65,65,0,7577.52783203125,0.0,170255.75,0.0,22653.84881591797,12597.860153198242,-1064.63525390625,130264.328125,0,0,0.0,28439.55056179775,0.0,0.0,0,0.0,0.0,0,0.0,0.0,246828.84375,2,,,,,,,,,,,
88516,2025,1,2,62,65,0,143332.109375,2659.30224609375,0.0,0.0,13847.998046875,5368.576759338379,-45.45684814453125,80162.65625,0,0,16960.28125,13881.647003745316,0.0,0.0,0,0.0,0.0,0,0.0,0.0,324432.9375,2,,,,,,,,,,,
88517,2025,1,2,48,46,2,47511.5703125,0.0,1928.066650390625,0.0,0.0,0.0,-17190.241455078125,0.0,0,0,0.0,0.0,0.0,0.0,0,0.0,0.0,0,0.0,0.0,-3843.16748046875,2,16.0,13.0,,,,,,,,,
88518,2025,1,2,47,36,2,9581.130859375,0.0,33075.41015625,0.0,1.3389899730682373,8.776328086853027,-28551.611328125,0.0,0,0,0.0,0.0,0.0,0.0,0,22036.172080772605,0.0,0,0.0,0.0,-767.4539794921875,2,10.0,9.0,,,,,,,,,
88519,2025,1,2,29,22,0,6399.8779296875,0.0,6081.404296875,0.0,27.458616256713867,6.780740737915039,-54351.6875,0.0,0,0,0.0,0.0,0.0,0.0,0,13466.549604916592,0.0,0,0.0,0.0,0.0,2,,,,,,,,,,,
88520,2025,1,2,66,66,0,0.0,0.0,527.7973022460938,0.0,0.0,2.9753244519233704,-894.9592895507812,0.0,0,0,0.0,52907.37078651685,0.0,0.0,0,0.0,0.0,0,0.0,0.0,0.0,2,,,,,,,,,,,
88521,2025,1,2,55,55,0,14947.220703125,0.0,62559.4296875,0.0,1210.3486328125,385.095383644104,-1466.9139404296875,2567.308837890625,0,0,0.0,0.0,0.0,0.0,0,0.0,0.0,0,0.0,0.0,0.0,2,,,,,,,,,,,
88522,2025,1,1,82,0,0,2139117.0,553217.8125,0.0,0.0,18356476.0,711061.75,2847597.75,24285940.0,0,0,580203.3125,26698.85393258427,0.0,0.0,0,0.0,0.0,0,0.0,0.0,5789027.5,2,,,,,,,,,,,
88523,2025,1,1,30,0,4,20417.763671875,0.0,0.0,0.0,0.0,0.0,0.0,0.0,0,0,0.0,0.0,0.0,0.0,0,9671.431079894643,0.0,0,0.0,0.0,0.0,2,10.0,7.0,5.0,1.0,,,,,,,
88524,2025,1,1,58,0,0,16381.6943359375,0.0,0.0,0.0,0.0,0.0,0.0,0.0,0,0,0.0,0.0,0.0,0.0,0,0.0,0.0,0,0.0,0.0,0.0,2,,,,,,,,,,,
88525,2025,1,2,44,40,3,46452.125,0.0,131175.17187499997,0.0,1988.1140136718718,459.5911254882809,-3899.734375,19938.470703124945,0,0,0.0,0.0,0.0,0.0,0,0.0,0.0,0,0.0,0.0,23865.542968749898,2,16.0,15.0,7.0,,,,,,,,
88526,2025,1,1,85,0,0,19776742.0,251584.359375,0.0,0.0,651130.25,35164.05859375,3159.4775390625,319066.53125,0,0,154069.234375,0.0,0.0,0.0,0,0.0,0.0,0,0.0,0.0,1176908.5,2,,,,,,,,,,,
88527,2025,1,2,63,59,0,0.0,0.0,151789.265625,1553.5103759765625,29331.642578125,12518.0283203125,-6586.8525390625,120799.4375,0,0,1709.6717529296875,0.0,0.0,0.0,0,0.0,0.0,0,0.0,0.0,217319.32763671875,2,,,,,,,,,,,
88528,2025,1,1,67,0,0,0.0,0.0,0.0,0.0,20986.6171875,6446.744140624987,0.0,71867.9453125,0,0,10973.35937499998,0.0,0.0,0.0,0,0.0,0.0,0,0.0,0.0,0.0,2,,,,,,,,,,,
88529,2025,1,2,49,49,0,0.0,-1943291.125,29694.796875,0.0,0.0,2.472080707550049,-7392040.0,-116352.90625,0,0,0.0,0.0,0.0,0.0,0,0.0,0.0,0,0.0,0.0,-831512.25,2,,,,,,,,,,,
88530,2025,1,2,57,57,0,130947.2421875,0.0,23768.646484375,0.0,872.57275390625,469.515380859375,0.0,1914.072265625,0,0,2252.66357421875,0.0,0.0,0.0,0,0.0,0.0,0,0.0,0.0,0.0,2,,,,,,,,,,,
88531,2025,1,2,75,71,0,27725.0390625,0.0,0.0,0.0,8726.0732421875,2084.275634765625,-5.799521446228027,38239.16796875,0,0,763.410400390625,63743.82022471909,0.0,0.0,0,0.0,0.0,0,0.0,0.0,0.0,2,,,,,,,,,,,
88532,2025,1,1,30,0,0,11182.287109375,0.0,0.0,0.0,0.0,0.0,0.0,0.0,0,0,0.0,0.0,0.0,0.0,0,0.0,0.0,0,0.0,0.0,0.0,2,,,,,,,,,,,
88533,2025,1,2,50,50,0,312806.21875,0.0,39274.62109375,0.0,21747.095823287807,12404.602565765377,0.0,139506.23437499997,0,0,170.3684082031233,0.0,0.0,0.0,0,17139.244951712026,0.0,0,0.0,0.0,61309.51171874928,2,,,,,,,,,,,
88534,2025,1,2,50,45,2,210456.125,0.0,59477.203125,0.0,1706.5901565551758,178.57789611816406,0.0,922.57421875,0,0,0.0,0.0,0.0,0.0,0,10773.239683933274,0.0,0,0.0,0.0,0.0,2,13.0,6.0,,,,,,,,,
88535,2025,1,2,65,69,0,112325.765625,664.6813354492188,123105.41406249991,0.0,69026.57519531247,19311.011962890625,0.0,217778.00390624953,0,0,40333.45996093746,40550.876404494375,0.0,0.0,0,0.0,0.0,0,0.0,0.0,490244.03125,2,,,,,,,,,,,
88536,2025,1,2,55,38,0,1751.6337890625,0.0,0.0,-1559920.625,0.0,0.8898247480392456,-47157.2705078125,-109.79061126708984,0,0,0.0,0.0,0.0,0.0,0,0.0,0.0,0,0.0,0.0,-1463666.90234375,2,,,,,,,,,,,
88537,2025,1,1,82,0,0,0.0,-83061.2734375,0.0,0.0,0.0,0.0,-1529566.75,-381984.90625,0,0,0.0,10787.415730337078,0.0,0.0,0,0.0,0.0,0,0.0,0.0,-58814.87109375,2,,,,,,,,,,,
88538,2025,1,1,80,0,0,0.0,0.0,0.0,0.0,0.0,10.1046142578125,0.0,0.0,0,0,0.0,29749.15917602996,0.0,0.0,0,0.0,0.0,0,0.0,0.0,0.0,2,,,,,,,,,,,
88539,2025,1,2,69,65,0,667167.125,3608.777099609375,0.0,0.0,149994.3125,90421.65625,2196.71826171875,707901.1875,0,0,89253.09375,38834.696629213475,0.0,0.0,0,0.0,0.0,0,0.0,0.0,2053568.25,2,,,,,,,,,,,
88540,2025,1,2,39,37,1,3335659.0,21393.4921875,92691.84375,0.0,139952.39874267578,23204.7705078125,2085.008544921875,918800.625,0,0,1083.0579833984375,0.0,0.0,0.0,0,0.0,0.0,0,0.0,0.0,760123.25,2,8.0,,,,,,,,,,
88541,2025,1,2,73,75,0,145636.578125,0.0,0.0,-6710.87890625,11119.7060546875,1551.1355156898499,-34655.5625,13662.759521484375,0,0,0.0,5109.720973782771,0.0,0.0,0,0.0,0.0,0,0.0,0.0,-31065.284423828125,2,,,,,,,,,,,
88542,2025,1,2,46,43,2,176240.796875,0.0,72573.734375,0.0,3648.640380859375,1056.170078277588,0.0,8030.8798828125,0,0,0.0,0.0,0.0,0.0,0,0.0,0.0,0,0.0,0.0,0.0,2,13.0,10.0,,,,,,,,,
88543,2025,1,1,83,0,0,0.0,0.0,0.0,0.0,0.0,0.0,0.0,0.0,0,0,0.0,14366.87640449438,0.0,0.0,0,0.0,0.0,0,0.0,0.0,0.0,2,,,,,,,,,,,
88544,2025,1,1,42,0,2,30864.0625,0.0,0.0,0.0,0.0,0.0,0.0,0.0,0,0,0.0,0.0,0.0,0.0,0,6366.005267778753,0.0,0,0.0,0.0,0.0,2,17.0,15.0,,,,,,,,,
88545,2025,1,1,43,0,1,10291.9775390625,0.0,0.0,0.0,0.0,0.0,0.0,0.0,0,0,0.0,0.0,0.0,0.0,0,0.0,0.0,0,1515.7805907172994,0.0,0.0,2,9.0,,,,,,,,,,
88546,2025,1,1,59,0,0,65289.359375,0.0,0.0,0.0,0.0,10.1046142578125,0.0,0.0,0,0,0.0,0.0,0.0,0.0,0,0.0,0.0,0,0.0,0.0,0.0,2,,,,,,,,,,,
88547,2025,1,2,65,67,0,3615.83935546875,0.0,176351.46875,0.0,6005.748153686523,1413.5398559570312,-3756.609619140625,11694.1396484375,0,0,0.0,0.0,0.0,0.0,0,0.0,0.0,0,0.0,0.0,75.58436584472656,2,,,,,,,,,,,
88548,2025,1,2,57,51,0,52284.359375,0.0,96780.56249999996,0.0,5157.111328124995,469.0108222961411,0.0,8608.924804687469,0,0,772.4018554687495,0.0,0.0,0.0,0,0.0,0.0,0,0.0,0.0,20312.873046874996,2,,,,,,,,,,,
88549,2025,1,1,52,0,0,14126.2431640625,0.0,0.0,0.0,0.0,0.0,0.0,0.0,0,0,0.0,0.0,0.0,0.0,0,0.0,0.0,0,0.0,0.0,0.0,2,,,,,,,,,,,
88550,2025,1,1,64,0,0,66832.5625,0.0,0.0,0.0,0.0,30.313844680786133,0.0,0.0,0,0,0.0,0.0,0.0,0.0,0,0.0,0.0,0,0.0,0.0,0.0,2,,,,,,,,,,,
88551,2025,1,1,53,0,0,67782.22656249999,0.0,0.0,0.0,109.02139282226446,20.209228515625,0.0,0.0,0,0,0.0,0.0,0.0,0.0,0,0.0,0.0,0,0.0,0.0,0.0,2,,,,,,,,,,,
88552,2025,1,2,50,42,2,1001399.1249999986,640.8983154296784,1697474.25,910626.125,125404.38085937497,195888.013671875,3401.6506900787354,8953537.90625,0,0,10909.328125,0.0,0.0,0.0,0,0.0,0.0,0,0.0,0.0,3133861.312499999,2,19.0,18.0,,,,,,,,,
88553,2025,1,1,60,0,0,29320.859375,0.0,0.0,0.0,0.0,0.0,0.0,0.0,0,0,0.0,0.0,0.0,0.0,0,0.0,0.0,0,0.0,0.0,0.0,2,,,,,,,,,,,
88554,2025,1,2,63,68,0,6464.70654296875,0.0,0.0,0.0,0.0,0.0,-27631.6474609375,0.0,0,0,0.0,19000.561797752805,0.0,0.0,0,0.0,0.0,0,0.0,0.0,-1620.676513671875,2,,,,,,,,,,,
88555,2025,1,1,85,0,0,0.0,0.0,0.0,0.0,0.0,0.0,-7593.59375,-623.759521484375,0,0,0.0,16450.80898876404,0.0,0.0,0,0.0,0.0,0,0.0,0.0,0.0,2,,,,,,,,,,,
88556,2025,1,1,64,0,0,107430.67968749997,0.0,0.0,0.0,2.7255346775054545,161.67382812499986,0.0,0.0,0,0,686.5622558593652,20839.325842696628,0.0,0.0,0,0.0,0.0,0,0.0,0.0,0.0,2,,,,,,,,,,,
88557,2025,1,2,64,62,0,3854.331787109375,0.0,83162.5,0.0,1338.5513916015625,558.6536865234375,0.0,957.6827392578125,0,0,1.8647977113723755,0.0,0.0,0.0,0,0.0,0.0,0,0.0,0.0,815.789306640625,2,,,,,,,,,,,
88558,2025,1,1,59,0,0,31089606.0,100265.4921875,0.0,0.0,606295.1875,748448.8125,371814.90625,38279848.0,0,0,173153.328125,0.0,0.0,0.0,0,6121.158911325723,0.0,0,0.0,0.0,46802252.0,2,,,,,,,,,,,
88559,2025,1,1,69,0,0,38817.4921875,33979.79296875,0.0,0.0,67320.7109375,6638.73193359375,0.0,170449.0625,0,0,43870.1640625,23495.318352059923,0.0,0.0,0,0.0,0.0,0,0.0,0.0,41320.53515625,2,,,,,,,,,,,
88560,2025,1,2,67,72,0,22192.947265625,0.0,11599.0380859375,0.0,9175.073516845703,5063.363399505615,0.0,28069.177734375,0,0,18393.43359375,35663.85018726591,0.0,0.0,0,0.0,0.0,0,0.0,0.0,0.0,2,,,,,,,,,,,
88561,2025,1,2,78,78,0,1433.2777099609375,0.0,0.0,-814224.5625,387.79168701171875,56.34074401855469,-1438229.1428222656,-2756869.25,0,0,0.0,32705.483146067414,0.0,0.0,0,0.0,0.0,0,0.0,0.0,-99728032.0,2,,,,,,,,,,,
88562,2025,1,2,74,85,0,0.0,0.0,669661.75,53396.81640625,283617.21875,62562.51953125,15960.8515625,998422.0,0,0,58532.34375,59870.157303370775,0.0,0.0,0,19587.708516242317,0.0,0,0.0,0.0,2203069.75,2,,,,,,,,,,,
88563,2025,1,1,73,0,0,148147.5,1355843.875,0.0,0.0,5227575.5,1002579.875,1353422.5,50727920.0,0,0,64350.66796875,46582.02247191011,0.0,0.0,0,24484.635645302893,0.0,0,0.0,0.0,10608372.0,2,,,,,,,,,,,
88564,2025,1,1,52,0,0,7894.0771484375,0.0,0.0,0.0,0.0,0.0,0.0,0.0,0,0,0.0,0.0,0.0,0.0,0,20811.94029850746,0.0,0,0.0,0.0,0.0,2,,,,,,,,,,,
88565,2025,1,1,36,0,0,443374.125,40340.5390625,0.0,0.0,93213.2890625,259587.546875,192009.453125,1841446.5,0,0,108104.46875,0.0,0.0,0.0,0,1836.347673397717,0.0,0,0.0,0.0,867315.9375,2,,,,,,,,,,,
88566,2025,1,1,85,0,0,13532.704101562453,0.0,0.0,0.0,1539.9271240234334,1717.7845458984355,0.0,0.0,0,0,28044.322265625,32667.68632958801,0.0,0.0,0,0.0,0.0,0,0.0,0.0,0.0,2,,,,,,,,,,,
88567,2025,1,2,30,38,0,14561.5302734375,0.0,40728.87890625,0.0,0.0,0.0,-4553.51513671875,0.0,0,0,0.0,0.0,0.0,0.0,0,11630.201931518875,0.0,0,0.0,0.0,0.0,2,,,,,,,,,,,
88568,2025,1,1,85,0,0,0.0,-24784772.0,0.0,0.0,0.0,0.0,-1521430.75,-438936.84375,0,0,0.0,32901.61797752808,0.0,0.0,0,2693.3099209833185,0.0,0,0.0,0.0,-4117041.0,2,,,,,,,,,,,
88569,2025,1,2,38,43,2,74830.25,0.0,6784.16259765625,0.0,312.6864929199219,41.70585632324219,-6.267574310302734,0.8485457897186279,0,0,0.0,0.0,0.0,0.0,0,0.0,0.0,0,1786.4556962025315,0.0,0.0,2,9.0,5.0,,,,,,,,,
88570,2025,1,2,43,51,1,0.0,-143540.625,0.0,0.0,0.0,0.0,-540198.662109375,-523912.53125,0,0,0.0,0.0,0.0,0.0,0,15915.013169446882,0.0,0,0.0,0.0,-750580.375,2,17.0,,,,,,,,,,
88571,2025,1,2,62,60,0,87261.2265625,0.0,9330.5751953125,0.0,2412.58935546875,707.2678833007812,0.0,14470.734375,0,0,1297.6619873046875,0.0,0.0,0.0,0,0.0,0.0,0,0.0,0.0,4754.97607421875,2,,,,,,,,,,,
88572,2025,1,2,59,59,0,59239.09765625,0.0,0.0,0.0,108.22364807128906,50.5230712890625,-5024.46533203125,0.0,0,0,0.0,0.0,0.0,0.0,0,0.0,0.0,0,0.0,0.0,0.0,2,,,,,,,,,,,
88573,2025,1,2,51,43,1,366110.84375,3132108.0,649255.8125,719.8024291992188,7077149.486328125,577434.376953125,457125.99591064453,5012244.28125,0,0,90252.73954582214,0.0,0.0,0.0,0,0.0,0.0,0,0.0,0.0,20296417.78125,2,6.0,,,,,,,,,,
88574,2025,1,2,34,32,4,529634.3125,0.0,32416.7265625,0.0,3272.215233564377,851.8386726379395,0.0,12637.4384765625,0,0,0.0,0.0,0.0,0.0,0,0.0,0.0,0,0.0,0.0,6006.1435546875,2,11.0,11.0,7.0,7.0,,,,,,,
88575,2025,1,2,56,55,0,102728.296875,0.0,62559.4296875,0.0,2539.5911865234375,642.8047180175781,0.0,3125.7175903320312,0,0,0.0,0.0,0.0,0.0,0,0.0,0.0,0,0.0,0.0,0.0,2,,,,,,,,,,,
88576,2025,1,2,74,73,0,0.0,0.0,32704.642578124916,0.0,2840.052734374998,491.7831878662107,0.0,45.39543151855404,0,0,813.4436035156239,10174.49438202247,0.0,0.0,0,0.0,0.0,0,0.0,0.0,0.0,2,,,,,,,,,,,
88577,2025,1,2,53,49,0,28483.0546875,0.0,31102.14453125,0.0,0.0,2.3855843544006348,0.0,0.0,0,0,0.0,0.0,0.0,0.0,0,0.0,0.0,0,0.0,0.0,0.0,2,,,,,,,,,,,
88578,2025,1,1,55,0,0,105650.05468749994,0.0,0.0,0.0,654.1283569335932,151.56921386718722,0.0,0.0,0,0,0.0,0.0,0.0,0.0,0,0.0,0.0,0,0.0,0.0,0.0,2,,,,,,,,,,,
88579,2025,1,1,23,0,0,33238.21874999997,0.0,0.0,0.0,0.0,0.0,0.0,0.0,0,0,0.0,0.0,0.0,0.0,0,8569.622475856013,0.0,0,0.0,0.0,0.0,2,,,,,,,,,,,
88580,2025,1,1,32,0,0,3038.923095703125,0.0,0.0,0.0,0.0,0.0,0.0,0.0,0,0,0.0,0.0,0.0,0.0,0,18363.47673397717,0.0,0,0.0,0.0,0.0,2,,,,,,,,,,,
88581,2025,1,1,58,0,0,2080950.0,661350.5,0.0,0.0,601116.6875,67094.640625,103055.9140625,2653690.0,0,0,339441.03125,0.0,0.0,0.0,0,6733.274802458296,0.0,0,0.0,0.0,4862949.5,2,,,,,,,,,,,
88582,2025,1,1,69,0,0,16654723.0,91728.6953125,0.0,0.0,256745.375,9639.802734375,76749.5390625,458463.21875,0,0,815612.6875,20409.259363295878,0.0,0.0,0,0.0,0.0,0,0.0,0.0,9310617.0,2,,,,,,,,,,,
88583,2025,1,2,43,48,0,7423.71826171875,0.0,0.0,-346366.65625,0.0,0.0,-1813903.493713379,-3785531.0,0,0,0.0,0.0,0.0,0.0,0,0.0,0.0,0,0.0,0.0,-14943378.0,2,,,,,,,,,,,
88584,2025,1,2,28,30,0,85324.10156249996,0.0,19354062.0,6931542.5,16723027.955688477,928314.0132446289,170273.484375,129379540.09765625,0,0,302308.5173377991,0.0,0.0,0.0,0,0.0,0.0,0,0.0,0.0,36704439.1796875,2,,,,,,,,,,,
88585,2025,1,1,49,0,0,0.0,-1861418.75,0.0,0.0,0.0,0.0,-938486.875,0.0,0,0,0.0,0.0,0.0,0.0,0,18363.47673397717,0.0,0,0.0,0.0,-32753348.0,2,,,,,,,,,,,
88586,2025,1,2,39,49,2,63927.5078125,0.0,734223.25,0.0,11154.843139648438,2880.071189880371,0.0,18505.447265625,0,0,0.0,0.0,0.0,0.0,0,22036.172080772605,0.0,0,0.0,0.0,67580.4375,2,9.0,6.0,,,,,,,,,
88587,2025,1,1,62,0,0,0.0,-10176.67578125,0.0,0.0,0.0,0.0,-14644.7880859375,-12787.0693359375,0,0,0.0,0.0,0.0,0.0,0,0.0,0.0,0,0.0,0.0,-246761.0625,2,,,,,,,,,,,
88588,2025,1,2,77,82,0,0.0,0.0,0.0,0.0,149.9044189453125,171.7784423828125,0.0,0.0,0,0,0.0,62883.6872659176,0.0,0.0,0,22035.15188762072,0.0,0,0.0,0.0,0.0,2,,,,,,,,,,,
88589,2025,1,2,33,36,3,4101.39111328125,0.0,84127.7578125,0.0,63.381797790527344,47.5092887878418,0.0,0.0,0,0,0.0,0.0,0.0,0.0,0,0.0,0.0,0,0.0,0.0,0.0,2,9.0,7.0,5.0,,,,,,,,
88590,2025,1,1,79,0,0,0.0,0.0,0.0,0.0,0.0,0.0,0.0,0.0,0,0,0.0,26538.472846441946,0.0,0.0,0,0.0,0.0,0,0.0,0.0,0.0,2,,,,,,,,,,,
88591,2025,1,1,48,0,0,410017.1875,11507934.0,0.0,0.0,437312.0625,734605.5,471209.625,72166264.0,0,0,331877.21875,0.0,0.0,0.0,0,10405.97014925373,0.0,0,0.0,0.0,2929812.75,2,,,,,,,,,,,
88592,2025,1,2,37,38,1,247864.640625,0.0,1752984.25,0.0,102628.89125061035,20653.548906326294,-28447.5380859375,720751.75,0,0,1385.5743408203125,0.0,0.0,0.0,0,0.0,0.0,0,0.0,0.0,268612.46875,2,7.0,,,,,,,,,,
88593,2025,1,2,35,35,2,51743.83984375,0.0,2872.42236328125,0.0,0.0,3.0462422370910645,-1874.7682209014893,0.0,0,0,0.0,0.0,0.0,0.0,0,0.0,0.0,0,22520.168776371305,0.0,-6.479297637939453,2,6.0,0.0,,,,,,,,,
88594,2025,1,2,62,21,0,51281.82421875,0.0,0.0,0.0,0.0,30.313844680786133,0.0,0.0,0,0,0.0,0.0,0.0,0.0,0,25708.86742756804,0.0,0,0.0,0.0,0.0,2,,,,,,,,,,,
88595,2025,1,2,51,58,0,4507.91943359375,0.0,1146.9486083984375,0.0,0.0,0.0,-19489.34033203125,0.0,0,0,0.0,0.0,0.0,0.0,0,0.0,0.0,0,0.0,0.0,0.0,2,,,,,,,,,,,
88596,2025,1,2,61,65,0,5657.69482421875,0.0,8689.3046875,0.0,7354.29296875,2364.479736328125,-68.5572509765625,41239.01171875,0,0,4393.4091796875,10297.078651685391,0.0,0.0,0,0.0,0.0,0,0.0,0.0,0.0,2,,,,,,,,,,,
88597,2025,1,1,36,0,0,120607.25781249994,0.0,0.0,0.0,272.55346679687483,394.0799560546875,0.0,0.0,0,0,0.0,0.0,0.0,0.0,0,0.0,0.0,0,0.0,0.0,0.0,2,,,,,,,,,,,
88598,2025,1,1,66,0,0,0.0,0.0,0.0,0.0,14854.165039062478,1667.2614746093634,0.0,5573.15576171873,0,0,21527.80078124995,0.0,0.0,0.0,0,0.0,0.0,0,0.0,0.0,0.0,2,,,,,,,,,,,
88599,2025,1,1,34,0,3,22673.21484375,0.0,0.0,0.0,0.0,0.0,0.0,0.0,0,0,0.0,0.0,0.0,0.0,0,0.0,0.0,0,0.0,0.0,0.0,2,13.0,8.0,5.0,,,,,,,,
88600,2025,1,1,64,0,0,178061.890625,6662.0478515625,0.0,0.0,4715.17529296875,3839.753662109375,0.0,39730.76953125,0,0,18967.736328125,0.0,0.0,0.0,0,0.0,0.0,0,0.0,0.0,23048.13671875,2,,,,,,,,,,,
88601,2025,1,1,26,0,1,29083.443359375,0.0,0.0,0.0,0.0,0.0,0.0,0.0,0,0,0.0,0.0,0.0,0.0,0,12242.317822651446,0.0,0,0.0,0.0,0.0,2,4.0,,,,,,,,,,
88602,2025,1,1,29,0,0,29558.275390625,0.0,0.0,0.0,0.0,0.0,0.0,0.0,0,0,0.0,0.0,0.0,0.0,0,0.0,0.0,0,0.0,0.0,0.0,2,,,,,,,,,,,
88603,2025,1,2,47,45,1,79144.1171875,0.0,14449.974609375,0.0,0.0,24.8370361328125,0.0,0.0,0,0,0.0,0.0,0.0,0.0,0,0.0,0.0,0,0.0,0.0,0.0,2,1.0,,,,,,,,,,
88604,2025,1,2,34,36,1,167432.71875,98570.1953125,1760295.125,3232.713623046875,120455.09375,32458.503997802734,4372.6796875,1570252.6564335823,0,0,1035.4779968261719,0.0,0.0,0.0,0,0.0,0.0,0,0.0,0.0,1444866.76953125,2,7.0,,,,,,,,,,
88605,2025,1,1,25,0,2,13651.412109375,0.0,0.0,0.0,0.0,0.0,0.0,0.0,0,0,0.0,0.0,0.0,0.0,0,0.0,0.0,0,0.0,0.0,0.0,2,4.0,3.0,,,,,,,,,
88606,2025,1,2,48,52,2,7658.4306640625,0.0,54231.28125,0.0,0.0,1.3827263116836548,-9905.96435546875,-266.7507019042969,0,0,0.0,0.0,0.0,0.0,0,0.0,0.0,0,0.0,0.0,0.0,2,18.0,16.0,,,,,,,,,
88607,2025,1,2,47,43,0,55198.4453125,0.0,7423.71826171875,0.0,0.0,9.095773696899414,-325.74371337890625,0.0,0,0,0.0,0.0,0.0,0.0,0,0.0,0.0,0,0.0,0.0,0.0,2,,,,,,,,,,,
88608,2025,1,1,54,0,1,26471.869140625,0.0,0.0,0.0,0.0,0.0,0.0,0.0,0,0,0.0,0.0,0.0,0.0,0,0.0,0.0,0,0.0,0.0,0.0,2,17.0,,,,,,,,,,
88609,2025,1,2,53,45,2,39291.4453125,0.0,1037.4595947265625,0.0,0.0,0.0,-27585.69287109375,0.0,0,0,0.0,0.0,0.0,0.0,0,0.0,0.0,0,0.0,0.0,-4740.315475463867,2,12.0,11.0,,,,,,,,,
88610,2025,1,1,47,0,1,127848.4375,17743.142578125,0.0,0.0,695.0113525390625,788.159912109375,0.0,0.0,0,0,0.0,0.0,0.0,0.0,0,0.0,0.0,0,974.4303797468353,0.0,0.0,2,10.0,,,,,,,,,,
88611,2025,1,2,47,52,1,142095.96875,2417.828857421875,41836.0703125,0.0,844.0337524414062,209.69304502010345,0.0,3223.955078125,0,0,5.782033443450928,0.0,0.0,0.0,0,0.0,0.0,0,0.0,0.0,39565.67578125,2,15.0,,,,,,,,,,
88612,2025,1,1,48,0,0,112060.2890625,351.51507568359375,0.0,0.0,16898.31640625,1727.88916015625,0.0,20204.384765625,0,0,1605.8575439453125,0.0,0.0,0.0,0,0.0,0.0,0,0.0,0.0,0.0,2,,,,,,,,,,,
88613,2025,1,2,46,39,3,389497.8125,20235890.0,0.0,-275548.15625,5496490.0,3150341.75,-1362418.74609375,25260392.1875,0,0,15011.8740234375,0.0,0.0,0.0,0,0.0,0.0,0,1515.7805907172994,0.0,41568714.0,2,18.0,16.0,8.0,,,,,,,,
88614,2025,1,1,30,0,4,11229.7705078125,0.0,0.0,0.0,0.0,0.0,0.0,0.0,0,0,0.0,0.0,0.0,0.0,0,25708.86742756804,0.0,0,7132.830379746835,0.0,0.0,2,8.0,3.0,2.0,0.0,,,,,,,
88615,2025,1,2,44,53,0,61399.12109375,0.0,274993.59374999977,5400.660644531226,16226.357382774353,5561.1967601775805,0.0,311239.2499999999,0,0,851.2622680663952,0.0,0.0,0.0,0,0.0,0.0,0,0.0,0.0,813125.8749999998,2,,,,,,,,,,,
88616,2025,1,1,47,0,1,127848.4375,17743.142578125,0.0,0.0,695.0113525390625,788.159912109375,0.0,0.0,0,0,0.0,0.0,0.0,0.0,0,15915.013169446882,0.0,0,0.0,0.0,0.0,2,1.0,,,,,,,,,,
88617,2025,1,2,71,70,1,0.0,-418855.6875,24865.40039062492,33003.16015625,2421.32470703125,184.31001281738216,-2029704.25,-24114.544006347656,0,0,7051.687988281196,0.0,0.0,10852.8,0,0.0,0.0,0,534.8540084388185,0.0,-678673.125,2,6.0,,,,,,,,,,
88618,2025,1,2,33,29,2,132617.875,42633.89453125,84274.4375,238139.875,52211.474002838135,413346.8694152832,61412.70703125,308223.7626953125,0,0,376.4412536621094,0.0,0.0,0.0,0,13465.529411764704,0.0,0,8120.253164556962,0.0,569057.1875,2,9.0,5.0,,,,,,,,,
88619,2025,1,1,52,0,1,50688.28515625,0.0,0.0,0.0,0.0,0.0,0.0,0.0,0,0,0.0,0.0,0.0,0.0,0,11140.509218612817,0.0,0,2815.021097046413,0.0,0.0,2,8.0,,,,,,,,,,
88620,2025,1,2,38,57,0,157909.546875,26464.4921875,93434.234375,0.0,12028.895446777344,2088.9766540527344,85.63555908203125,26513.62109375,0,0,0.0,0.0,0.0,0.0,0,0.0,0.0,0,0.0,0.0,358744.19384765625,2,,,,,,,,,,,
88621,2025,1,2,60,55,0,315173.0,84320.140625,24356.302734375,0.0,37497.763078689575,7568.325742721558,0.0,223036.296875,0,0,30395.4375,0.0,0.0,0.0,0,0.0,0.0,0,0.0,0.0,581822.375,2,,,,,,,,,,,
88622,2025,1,2,32,60,0,111559.25,0.0,3988.936279296875,0.0,14.462041854858398,4.561069488525391,0.0,0.0,0,0,0.0,0.0,0.0,0.0,0,0.0,0.0,0,0.0,0.0,0.0,2,,,,,,,,,,,
88623,2025,1,2,42,48,0,4850.83837890625,0.0,95284.0078125,0.0,430.8589782714844,459.7254333496094,-1672.6710205078125,-14.966955184936523,0,0,0.0,0.0,0.0,0.0,0,0.0,0.0,0,0.0,0.0,0.0,2,,,,,,,,,,,
88624,2025,1,1,55,0,0,2600890.75,292259.6875,0.0,0.0,2179065.0,2649430.0,2322826.25,12734186.0,0,0,68074.390625,0.0,0.0,0.0,0,0.0,0.0,0,0.0,0.0,7776151.0,2,,,,,,,,,,,
88625,2025,1,1,56,0,0,19942.931640625,0.0,0.0,0.0,0.0,0.0,0.0,0.0,0,0,0.0,0.0,0.0,0.0,0,0.0,0.0,0,0.0,0.0,0.0,2,,,,,,,,,,,
88626,2025,1,2,28,28,1,116365.203125,9321.626953125,202.86041259765625,0.0,0.0,137.70924377441406,-98.77363586425781,-12162.6982421875,0,0,28.487642288208008,0.0,0.0,0.0,0,9793.854258121159,0.0,0,0.0,0.0,-39972.48828125,2,1.0,,,,,,,,,,
88627,2025,1,1,58,0,0,0.0,-464742.3125,0.0,0.0,0.0,0.0,-1399390.875,-15458.3876953125,0,0,0.0,0.0,0.0,0.0,0,0.0,0.0,0,0.0,0.0,-5298566.5,2,,,,,,,,,,,
88628,2025,1,2,79,80,0,0.0,-15305.75,0.0,0.0,0.0,20.209228515625,-590133.7724609375,-11280.94921875,0,0,0.0,23596.450374531832,0.0,0.0,0,0.0,0.0,0,0.0,0.0,-2964332.0,2,,,,,,,,,,,
88629,2025,1,2,29,34,4,32157.681640625,0.0,1604846.25,0.0,43998.55771064754,27296.59147071829,0.0,431726.28124999814,0,0,0.0,0.0,0.0,0.0,0,0.0,0.0,0,0.0,0.0,908294.3749999974,2,6.0,4.0,3.0,1.0,,,,,,,
88630,2025,1,1,58,0,0,0.0,-464742.3125,0.0,0.0,0.0,0.0,-1399390.875,-15458.3876953125,0,0,0.0,0.0,0.0,0.0,0,6121.158911325723,0.0,0,0.0,0.0,-5298566.5,2,,,,,,,,,,,
88631,2025,1,2,75,76,0,6881.6474609375,0.0,8849.435546875,0.0,8608.476383954287,1928.2783527374268,0.0,54493.84375,0,0,5422.87841796875,45846.51685393258,0.0,0.0,0,0.0,0.0,0,0.0,0.0,14.851425170898438,2,,,,,,,,,,,
88632,2025,1,2,50,22,1,137798.9375,0.0,462.216064453125,0.0,68.7711410522461,155.35020446777344,0.0,151.74716186523438,0,0,0.0,0.0,0.0,0.0,0,0.0,0.0,0,0.0,0.0,0.0,2,6.0,,,,,,,,,,
88633,2025,1,1,77,0,0,6801.964355468741,0.0,0.0,0.0,15944.378906249965,2202.805908203125,0.0,46103.964843749745,0,0,18618.63867187495,22849.707865168537,0.0,0.0,0,0.0,0.0,0,0.0,0.0,0.0,2,,,,,,,,,,,
88634,2025,1,1,49,0,1,0.0,-9018.7177734375,0.0,0.0,0.0,0.0,-94.919921875,-352.5597229003906,0,0,0.0,0.0,0.0,0.0,0,0.0,0.0,0,0.0,0.0,0.0,2,15.0,,,,,,,,,,
88635,2025,1,2,23,24,2,3494.667724609375,0.0,18724.197265625,0.0,0.0,0.0,-13548.1650390625,0.0,0,0,0.0,0.0,0.0,0.0,0,4652.08077260755,0.0,0,0.0,0.0,0.0,2,4.0,1.0,,,,,,,,,
88636,2025,1,2,67,70,0,22192.947265625,0.0,0.0,-2151879.0,208.06375122070312,51.474727630615234,-3499833.25,-224169.75,0,0,0.0,10910.0,0.0,0.0,0,0.0,0.0,0,0.0,0.0,-1580104.625,2,,,,,,,,,,,
88637,2025,1,2,68,69,0,7244527.5,66078.1484375,0.0,0.0,1157418.625,3627642.440501213,485739.71240234375,21341836.0,0,0,61096.66015625,0.0,0.0,0.0,0,0.0,0.0,0,0.0,0.0,4190693.75,2,,,,,,,,,,,
88638,2025,1,2,52,52,0,453789.09375,13153.9873046875,1515.283447265625,-253.54629516601562,69941.5703125,18692.587890625,-621.3738403320312,786340.0625,0,0,21626.15234375,0.0,0.0,0.0,0,0.0,0.0,0,0.0,0.0,167168.7547607422,2,,,,,,,,,,,
88639,2025,1,2,29,28,0,531099.0,0.0,13685.767578125,0.0,52193.99218749997,16136.835130691527,0.0,160776.14062499994,0,0,0.0,0.0,0.0,0.0,0,0.0,0.0,0,0.0,0.0,1035078.2499999979,2,,,,,,,,,,,
88640,2025,1,1,85,0,0,2139117.0,553217.8125,0.0,0.0,18356476.0,711061.75,2847597.75,24285940.0,0,0,580203.3125,0.0,0.0,0.0,0,0.0,0.0,0,0.0,0.0,5789027.5,2,,,,,,,,,,,
88641,2025,1,2,65,65,0,0.0,0.0,0.0,0.0,0.0,0.0,-25225.480712890625,0.0,0,0,0.0,53200.55149812734,0.0,0.0,0,0.0,0.0,0,0.0,0.0,-612.875,2,,,,,,,,,,,
88642,2025,1,2,44,45,0,23977.869140625,0.0,93923.3125,0.0,20.096847534179688,15.922245562076569,0.0,0.0,0,0,0.0,0.0,0.0,0.0,0,0.0,0.0,0,0.0,0.0,0.0,2,,,,,,,,,,,
88643,2025,1,2,57,54,0,284336.75,38833.94921875,776819.0,1298387.125,5683979.529296875,2461121.4995117188,14952.47265625,13496372.625,0,0,309154.6796875,0.0,0.0,0.0,0,0.0,0.0,0,0.0,0.0,5056327.0625,2,,,,,,,,,,,
88644,2025,1,2,79,80,1,128239.71875,415521.9375,3125.158935546875,0.0,34661184.920410156,6221279.093456268,220569.046875,42537464.82450867,0,0,70255.48303222656,0.0,0.0,0.0,0,0.0,0.0,0,0.0,0.0,69816816.0,2,15.0,,,,,,,,,,
88645,2025,1,1,82,0,0,0.0,0.0,0.0,0.0,3897.5146484375,778.0552978515625,0.0,1342.43896484375,0,0,15825.841796875,14501.719101123594,0.0,0.0,0,0.0,0.0,0,0.0,0.0,0.0,2,,,,,,,,,,,
88646,2025,1,1,28,0,0,44159.3515625,0.0,0.0,0.0,0.0,0.0,0.0,0.0,0,0,0.0,0.0,0.0,0.0,0,0.0,0.0,0,0.0,0.0,0.0,2,,,,,,,,,,,
88647,2025,1,1,71,0,0,29071572.0,178268.359375,0.0,0.0,1114062.375,375184.34375,5301.95556640625,1129818.25,0,0,270668.4375,25485.269662921346,0.0,0.0,0,0.0,0.0,0,0.0,0.0,1520761.75,2,,,,,,,,,,,
88648,2025,1,1,72,0,0,0.0,0.0,0.0,0.0,0.0,0.0,-54.23995590209961,0.0,0,0,0.0,24271.685393258424,0.0,0.0,0,0.0,0.0,0,0.0,0.0,0.0,2,,,,,,,,,,,
88649,2025,1,1,85,0,0,11277.2529296875,0.0,0.0,0.0,50831.22265625,33244.18359375,569.51953125,702949.8125,0,0,53528.58203125,21635.10205992509,0.0,0.0,0,0.0,0.0,0,0.0,0.0,47134.48046875,2,,,,,,,,,,,
88650,2025,1,1,35,0,0,27065.408203125,0.0,0.0,0.0,0.0,0.0,0.0,0.0,0,0,0.0,0.0,0.0,0.0,0,0.0,0.0,0,0.0,0.0,0.0,2,,,,,,,,,,,
88651,2025,1,1,69,0,0,2178290.5,1065760.25,0.0,0.0,2189967.25,1302484.875,559213.9375,19160264.0,0,0,690751.4375,23903.93258426966,0.0,0.0,0,0.0,0.0,0,0.0,0.0,4447667.5,2,,,,,,,,,,,
88652,2025,1,1,83,0,0,0.0,0.0,0.0,0.0,0.0,0.0,0.0,0.0,0,0,0.0,20409.259363295878,0.0,0.0,0,0.0,0.0,0,0.0,0.0,0.0,2,,,,,,,,,,,
88653,2025,1,2,49,47,0,25969.94140625,0.0,18033.6640625,0.0,0.0,0.6399310827255249,-20.235891342163086,0.0,0,0,0.0,0.0,0.0,0.0,0,0.0,0.0,0,0.0,0.0,0.0,2,,,,,,,,,,,
88654,2025,1,2,79,82,3,0.0,0.0,9878.5419921875,479660.90625,2394885.2421875,34388.58447265625,445515.46875,2149152.5,0,0,105.10234832763672,18387.6404494382,0.0,0.0,0,0.0,0.0,0,0.0,0.0,46668239.5,2,4.0,3.0,3.0,,,,,,,,
88655,2025,1,2,41,42,1,1167633.25,8221.890625,250714.796875,0.0,61581.544239997864,17463.253868103027,2837.417236328125,441538.9375,0,0,222.01747131347656,0.0,0.0,0.0,0,0.0,0.0,0,0.0,0.0,1306614.875,2,14.0,,,,,,,,,,
88656,2025,1,2,54,51,1,379569.75,3207362.0,0.0,-344.5859680175781,974592.9375,6915798.5,24531573.537626266,22279062.0,0,0,103828.96875,0.0,0.0,0.0,0,0.0,0.0,0,0.0,0.0,7005803.0,2,7.0,,,,,,,,,,
88657,2025,1,1,44,0,0,45465.13671875,0.0,0.0,0.0,0.0,0.0,0.0,0.0,0,0,0.0,0.0,0.0,0.0,0,10037.6804214223,0.0,0,0.0,0.0,0.0,2,,,,,,,,,,,
88658,2025,1,1,83,0,0,0.0,0.0,0.0,0.0,11133.8095703125,3061.6982421874877,0.0,28611.57812499986,0,0,29091.621093749938,19748.325842696628,0.0,0.0,0,0.0,0.0,0,0.0,0.0,0.0,2,,,,,,,,,,,
88659,2025,1,1,79,0,0,0.0,0.0,0.0,0.0,40.88302230834961,80.8369140625,0.0,0.0,0,0,0.0,30216.000936329583,0.0,0.0,0,0.0,0.0,0,0.0,0.0,0.0,2,,,,,,,,,,,
88660,2025,1,2,56,48,0,31772.1875,0.0,24268.18359375,0.0,0.0,0.25372225046157837,-3132.64306640625,0.0,0,0,0.0,0.0,0.0,0.0,0,0.0,0.0,0,0.0,0.0,0.0,2,,,,,,,,,,,
88661,2025,1,2,52,59,2,0.0,-2028234.625,111.769775390625,0.0,0.0,0.0,-775800.271484375,-128721.9375,0,0,0.0,0.0,0.0,0.0,0,0.0,0.0,0,0.0,0.0,-4566201.5625,2,10.0,9.0,,,,,,,,,
88662,2025,1,1,59,0,0,47958.00390625,0.0,0.0,0.0,0.0,0.0,0.0,0.0,0,0,0.0,0.0,0.0,0.0,0,0.0,0.0,0,0.0,0.0,0.0,2,,,,,,,,,,,
88663,2025,1,2,22,21,4,0.0,0.0,0.0,0.0,27002.11644744873,3778.1170387268066,0.0,345460.28125,0,0,0.0,0.0,0.0,0.0,0,0.0,0.0,0,0.0,0.0,1954912.625,2,47.0,43.0,15.0,15.0,,,,,,,
88664,2025,1,1,65,0,1,0.0,0.0,0.0,0.0,0.0,0.0,-691.5594482421875,0.0,0,0,0.0,0.0,0.0,0.0,0,0.0,0.0,0,0.0,0.0,0.0,2,5.0,,,,,,,,,,
88665,2025,1,1,54,0,0,0.0,0.0,0.0,0.0,0.0,0.0,0.0,0.0,0,0,0.0,0.0,0.0,0.0,0,0.0,0.0,0,0.0,0.0,0.0,2,,,,,,,,,,,
88666,2025,1,1,75,0,0,16262.986328125,0.0,0.0,0.0,305532.4375,35568.2421875,13.559988975524902,792988.1875,0,0,36771.80859375,24198.134831460673,0.0,0.0,0,0.0,0.0,0,0.0,0.0,67068.0,2,,,,,,,,,,,
88667,2025,1,2,56,62,1,714516.1875,118798.9765625,133993.09375,0.0,148028.49365234375,109318.91302490234,314811.59375,1262119.0361328125,0,0,120804.5,23867.157303370783,0.0,0.0,0,0.0,0.0,0,0.0,0.0,19382848.174804688,2,26.0,,,,,,,,,,
88668,2025,1,2,64,67,0,0.0,-348603.125,0.0,0.0,8919.41796875,2041.1322021484375,-2848258.5,-32763.1845703125,0,0,733.10888671875,12748.764044943819,0.0,0.0,0,0.0,0.0,0,0.0,0.0,-114774.9140625,2,,,,,,,,,,,
88669,2025,1,2,42,39,2,222288.82812499985,0.0,6450.36767578125,0.0,5343.997558593749,2400.572509765611,-103.1241455078125,29354.589843749953,0,0,0.0,0.0,0.0,0.0,0,0.0,0.0,0,0.0,0.0,79314.98437499968,2,18.0,17.0,,,,,,,,,
88670,2025,1,2,43,40,3,0.0,-37073.73828125,6690.68359375,0.0,0.0,0.0,-112917.671875,0.0,0,0,0.0,0.0,0.0,0.0,0,6733.274802458296,0.0,0,0.0,0.0,-1221177.25,2,12.0,10.0,14.0,,,,,,,,
88671,2025,1,1,71,0,0,0.0,0.0,0.0,0.0,0.0,30.313844680786133,0.0,0.0,0,0,0.0,33110.011235955055,0.0,0.0,0,0.0,0.0,0,0.0,0.0,0.0,2,,,,,,,,,,,
88672,2025,1,1,71,0,0,0.0,0.0,0.0,0.0,0.0,0.0,0.0,0.0,0,0,0.0,34593.2808988764,0.0,0.0,0,0.0,0.0,0,0.0,0.0,0.0,2,,,,,,,,,,,
88673,2025,1,2,47,45,3,729803.0625,0.0,69047.640625,0.0,3494.7799377441406,294.03559494018555,-2.2071242332458496,3439.959915161133,0,0,0.0,0.0,0.0,0.0,0,0.0,0.0,0,0.0,0.0,0.0,2,14.0,12.0,10.0,,,,,,,,
88674,2025,1,2,63,67,0,6464.70654296875,0.0,0.0,0.0,0.0,0.0,-64786.0185546875,0.0,0,0,0.0,22860.944756554305,0.0,0.0,0,0.0,0.0,0,0.0,0.0,-12050.513671875,2,,,,,,,,,,,
88675,2025,1,1,71,0,0,48076.7109375,50.2164421081543,0.0,0.0,93349.5703125,9114.3623046875,0.0,297099.375,0,0,34444.48046875,34323.595505617974,0.0,0.0,0,0.0,0.0,0,0.0,0.0,107765.6171875,2,,,,,,,,,,,
88676,2025,1,1,74,0,0,0.0,0.0,0.0,0.0,0.0,0.0,-13.559988975524902,0.0,0,0,0.0,22678.089887640446,0.0,0.0,0,0.0,0.0,0,0.0,0.0,0.0,2,,,,,,,,,,,
88677,2025,1,1,61,0,0,87606.45312499994,0.0,0.0,0.0,286.1811523437467,90.9415283203125,0.0,0.0,0,0,0.0,0.0,0.0,0.0,0,0.0,0.0,0,0.0,0.0,0.0,2,,,,,,,,,,,
88678,2025,1,1,59,0,0,4807.67138671875,0.0,0.0,0.0,0.0,0.0,0.0,0.0,0,0,0.0,0.0,0.0,0.0,0,6978.1211589113245,0.0,0,0.0,0.0,0.0,2,,,,,,,,,,,
88679,2025,1,2,33,34,2,22227.818359375,0.0,24099.666015625,0.0,0.0,5.563892841339111,0.0,0.0,0,0,0.0,0.0,0.0,0.0,0,0.0,0.0,0,0.0,0.0,0.0,2,8.0,6.0,,,,,,,,,
88680,2025,1,2,57,59,0,3791629.0,163978.671875,26122.232421875,0.0,1989905.75,278337.2057008743,66506.640625,19253218.0,0,0,244560.96875,0.0,0.0,0.0,0,0.0,0.0,0,0.0,0.0,10644991.0,2,,,,,,,,,,,
88681,2025,1,1,28,0,0,1436.365966796875,0.0,0.0,0.0,0.0,0.0,0.0,0.0,0,0,0.0,0.0,0.0,0.0,0,0.0,0.0,0,0.0,0.0,0.0,2,,,,,,,,,,,
88682,2025,1,2,53,57,0,139587.39062499994,0.0,39655.90234375,0.0,513.2114868164062,319.18442535400214,0.0,1892.1650390624773,0,0,705.327880859375,0.0,0.0,0.0,0,0.0,0.0,0,0.0,0.0,0.0,2,,,,,,,,,,,
88683,2025,1,2,72,71,0,19487384.0,599416.9375,0.0,0.0,7374787.0,1243709.375,318397.0625,38473080.0,0,0,419617.5625,33371.52434456928,0.0,0.0,0,0.0,0.0,0,0.0,0.0,28602630.0,2,,,,,,,,,,,
88684,2025,1,2,41,48,0,2601.94287109375,-24.509584426879883,68493.078125,0.0,10.732463836669922,97.15133666992188,-2918.71875,0.0,0,0,0.0,0.0,0.0,0.0,0,0.0,0.0,0,0.0,0.0,0.0,2,,,,,,,,,,,
88685,2025,1,1,26,0,1,17450.06640625,0.0,0.0,0.0,0.0,0.0,0.0,0.0,0,0,0.0,0.0,0.0,0.0,0,18363.47673397717,0.0,0,779.5443037974683,0.0,0.0,2,6.0,,,,,,,,,,
88686,2025,1,1,51,0,1,57098.515625,0.0,0.0,0.0,0.0,0.0,0.0,0.0,0,0,0.0,0.0,0.0,0.0,0,6121.158911325723,0.0,0,0.0,0.0,0.0,2,10.0,,,,,,,,,,
88687,2025,1,2,34,33,2,18148.64453125,0.0,0.0,-31922.416015625,0.0,0.0,-685309.5,-297863.125,0,0,0.0,0.0,0.0,0.0,0,0.0,0.0,0,0.0,0.0,-983226.0,2,8.0,3.0,,,,,,,,,
88688,2025,1,1,71,0,0,0.0,0.0,0.0,0.0,0.0,0.0,0.0,0.0,0,0,0.0,1838.76404494382,0.0,0.0,0,0.0,0.0,0,0.0,0.0,0.0,2,,,,,,,,,,,
88689,2025,1,2,65,71,0,0.0,-3150.27392578125,0.0,0.0,0.0,0.0,-181397.734375,-12165.7626953125,0,0,0.0,29211.831460674155,0.0,0.0,0,0.0,0.0,0,0.0,0.0,-776572.6362304688,2,,,,,,,,,,,
88690,2025,1,2,70,68,0,0.0,-1193.7647705078125,0.0,0.0,0.0,0.0,-5423.99560546875,0.0,0,0,0.0,46549.33333333333,0.0,0.0,0,0.0,0.0,0,0.0,0.0,-1884.7130126953125,2,,,,,,,,,,,
88691,2025,1,2,84,85,0,0.0,0.0,669661.75,53396.81640625,283617.21875,62562.51953125,15418.007019042969,998422.0,0,0,58532.34375,6823.857677902621,0.0,0.0,0,0.0,0.0,0,0.0,0.0,2202889.602645874,2,,,,,,,,,,,
88692,2025,1,1,21,0,2,19586.80859375,0.0,0.0,0.0,0.0,0.0,0.0,0.0,0,0,0.0,0.0,0.0,0.0,0,2693.3099209833185,0.0,0,0.0,0.0,0.0,2,4.0,2.0,,,,,,,,,
88693,2025,1,1,81,0,0,0.0,0.0,0.0,0.0,0.0,0.0,-7593.59375,-623.759521484375,0,0,0.0,26893.967228464415,0.0,0.0,0,0.0,0.0,0,0.0,0.0,0.0,2,,,,,,,,,,,
88694,2025,1,1,62,0,0,50806.9921875,0.0,0.0,0.0,0.0,10.1046142578125,0.0,0.0,0,0,0.0,0.0,0.0,0.0,0,0.0,0.0,0,0.0,0.0,0.0,2,,,,,,,,,,,
88695,2025,1,1,50,0,0,21367.427734375,0.0,0.0,0.0,0.0,0.0,0.0,0.0,0,0,0.0,0.0,0.0,0.0,0,1469.0781387181737,0.0,0,0.0,0.0,0.0,2,,,,,,,,,,,
88696,2025,1,1,80,0,0,11277.2529296875,0.0,0.0,0.0,50831.22265625,33244.18359375,569.51953125,702949.8125,0,0,53528.58203125,19514.39419475655,0.0,0.0,0,3672.695346795434,0.0,0,0.0,0.0,47134.48046875,2,,,,,,,,,,,
88697,2025,1,2,78,73,0,0.0,0.0,0.0,0.0,2.725534677505493,24.014039993286133,0.0,0.0,0,0,0.0,63926.675093632955,0.0,0.0,0,0.0,0.0,0,0.0,0.0,0.0,2,,,,,,,,,,,
88698,2025,1,2,70,73,0,1478486.125,275649.59375,2007.5770263671875,0.0,4489770.548339844,601609.8879394531,4385.22509765625,2312133.9057617188,0,0,113527.23120117188,25068.483146067414,0.0,0.0,0,0.0,0.0,0,0.0,0.0,6110514.5,2,,,,,,,,,,,
88699,2025,1,1,67,0,0,0.0,0.0,0.0,0.0,0.0,10.1046142578125,0.0,0.0,0,0,1954.9569091796875,18387.6404494382,0.0,0.0,0,0.0,0.0,0,0.0,0.0,0.0,2,,,,,,,,,,,
88700,2025,1,2,68,62,0,83292.515625,0.0,0.0,-127695.34375,13373.8603515625,2061.34130859375,-75248.546875,-368473.1484375,0,0,14217.2470703125,52943.1245318352,0.0,0.0,0,0.0,0.0,0,0.0,0.0,-1530352.2783203125,2,,,,,,,,,,,
88701,2025,1,2,55,55,1,81378.328125,0.0,245950.359375,1315400.0,127533.7956237793,90178.80563354492,603531.375,12450090.0,0,0,58189.34375,0.0,0.0,0.0,0,0.0,0.0,0,0.0,0.0,21649796.0,2,7.0,,,,,,,,,,
88702,2025,1,2,42,40,1,1003135.25,31586.81640625,295916.21875,3449.99072265625,26783.1728515625,16746.26904296875,3607.403594970703,283334.7109375,0,0,4239.22216796875,0.0,0.0,0.0,0,0.0,0.0,0,0.0,0.0,833795.390625,2,17.0,,,,,,,,,,
88703,2025,1,1,21,0,0,7644.79052734375,0.0,0.0,0.0,0.0,0.0,0.0,0.0,0,0,0.0,0.0,0.0,0.0,0,5998.735733099209,0.0,0,0.0,0.0,0.0,2,,,,,,,,,,,
88704,2025,1,2,65,73,0,3615.83935546875,0.0,46133.3046875,0.0,5731.188095092773,660.8941040039062,-4571.1851806640625,2911.285400390625,0,0,0.0,61205.3043071161,0.0,0.0,0,0.0,0.0,0,0.0,0.0,0.0,2,,,,,,,,,,,
88705,2025,1,1,30,0,0,1095792.875,143786.40625,0.0,0.0,632596.625,213712.59375,1655674.625,17750026.0,0,0,38982.7734375,0.0,0.0,0.0,0,1469.0781387181737,0.0,0,0.0,0.0,23608768.0,2,,,,,,,,,,,
88706,2025,1,2,45,51,1,124191.84375,0.0,280388.0,0.0,5149.784248352051,487.84105682373047,0.0,2934.458984375,0,0,0.0,0.0,0.0,0.0,0,0.0,0.0,0,0.0,0.0,0.0,2,22.0,,,,,,,,,,
88707,2025,1,1,74,0,0,0.0,0.0,0.0,0.0,517.8516235351562,282.92919921875,0.0,0.0,0,0,4771.02587890625,20140.595505617974,0.0,0.0,0,0.0,0.0,0,0.0,0.0,0.0,2,,,,,,,,,,,
88708,2025,1,1,71,0,0,0.0,0.0,0.0,0.0,0.0,0.0,-9098.7529296875,0.0,0,0,0.0,0.0,0.0,0.0,0,0.0,0.0,0,0.0,0.0,0.0,2,,,,,,,,,,,
88709,2025,1,1,49,0,0,0.0,-1861418.75,0.0,0.0,0.0,0.0,-938486.875,0.0,0,0,0.0,0.0,0.0,0.0,0,8569.622475856013,0.0,0,0.0,0.0,-32753348.0,2,,,,,,,,,,,
88710,2025,1,1,50,0,0,10375.0732421875,0.0,0.0,0.0,0.0,0.0,0.0,0.0,0,0,0.0,0.0,0.0,0.0,0,5876.312554872695,0.0,0,0.0,0.0,0.0,2,,,,,,,,,,,
88711,2025,1,2,70,67,0,39463508.0,445193.21875,167592.78125,0.0,1207740.3662109375,577953.6864013672,62124.35546875,28237188.078125,0,0,234983.595703125,31992.45131086142,0.0,0.0,0,0.0,0.0,0,0.0,0.0,36496704.72965622,2,,,,,,,,,,,
88712,2025,1,2,75,76,0,7032238.5,418754.46875,36141.26171875,14.835616111755371,11379182.267089844,1483262.9407958984,346844.03125,86589466.73046875,0,0,515355.8539733887,40818.518726591756,0.0,0.0,0,0.0,0.0,0,0.0,0.0,38175329.54248047,2,,,,,,,,,,,
88713,2025,1,1,85,0,0,0.0,0.0,0.0,0.0,0.0,0.0,0.0,0.0,0,0,0.0,27262.741573033705,0.0,0.0,0,0.0,0.0,0,0.0,0.0,0.0,2,,,,,,,,,,,
88714,2025,1,2,51,52,0,96780.56249999996,0.0,287829.125,0.0,20605.266601562387,1800.6142883300768,0.0,43244.22949218738,0,0,11300.371582031215,0.0,0.0,0.0,0,0.0,0.0,0,0.0,0.0,40996.509765624905,2,,,,,,,,,,,
88715,2025,1,1,30,0,1,136276.703125,1259763.125,0.0,0.0,2725.534912109375,10104.6142578125,0.0,888721.6875,0,0,488.7392272949219,0.0,0.0,0.0,0,19587.708516242317,0.0,0,0.0,0.0,139327.03125,2,12.0,,,,,,,,,,
88716,2025,1,2,18,47,1,0.0,0.0,0.0,-3382575.75,0.0,0.0,-10290794.828125,-2013289.1875,0,0,0.0,0.0,0.0,0.0,0,0.0,0.0,0,0.0,0.0,-20101424.0,2,39.0,,,,,,,,,,
88717,2025,1,1,62,0,0,0.0,0.0,0.0,0.0,0.0,0.0,0.0,0.0,0,0,0.0,0.0,0.0,0.0,0,0.0,0.0,0,0.0,0.0,0.0,2,,,,,,,,,,,
88718,2025,1,2,44,42,1,1452029.375,53382.6953125,72271.3828125,0.0,119338.37403869629,50176.009632110596,1812.958251953125,622944.875,0,0,5.9680962562561035,0.0,0.0,0.0,0,0.0,0.0,0,0.0,0.0,1555176.75,2,16.0,,,,,,,,,,
88719,2025,1,2,44,43,2,16390.970703125,0.0,0.0,0.0,0.0,0.0,-937.9566802978516,0.0,0,0,0.0,0.0,0.0,0.0,0,0.0,0.0,0,5067.037974683544,0.0,0.0,2,8.0,6.0,,,,,,,,,
88720,2025,1,2,29,27,1,43126.9375,0.0,42708.984375,0.0,0.0,12.824542045593262,0.0,0.0,0,0,0.0,0.0,0.0,0.0,0,0.0,0.0,0,0.0,0.0,0.0,2,3.0,,,,,,,,,,
88721,2025,1,2,41,58,0,49437.0390625,0.0,4525.55810546875,0.0,66.23265075683594,90.65706405043602,0.0,0.0,0,0,0.0,0.0,0.0,0.0,0,4652.08077260755,0.0,0,0.0,0.0,0.0,2,,,,,,,,,,,
88722,2025,1,2,45,52,1,482356.8124999999,3381.2741699218745,1330589.625,16377.2392578125,77546.55175781247,32877.502197265625,92.974609375,519013.4999999999,0,0,1383.380615234375,0.0,0.0,0.0,0,0.0,0.0,0,0.0,0.0,436947.1249999985,2,7.0,,,,,,,,,,
88723,2025,1,2,55,50,2,148523.453125,41619.1171875,2051396.499999999,1.9210335016250337,46824.902832031185,18138.633789062493,57.72939682006836,533378.140625,0,0,0.0,0.0,0.0,0.0,0,0.0,0.0,0,0.0,0.0,766098.9999999998,2,20.0,17.0,,,,,,,,,
88724,2025,1,2,38,41,2,0.0,-45248.84375,0.0,-18598.138671875,0.0,0.0,-47645.1640625,-5884.245544433594,0,0,0.0,0.0,0.0,0.0,0,0.0,0.0,0,0.0,0.0,-1078319.0625,2,7.0,1.0,,,,,,,,,
88725,2025,1,2,46,49,0,54847.703125,0.0,178185.0625,0.0,3196.3529052734375,770.9461975097656,0.0,9385.048706054688,0,0,0.0,0.0,0.0,0.0,0,4896.927129060579,0.0,0,0.0,0.0,13.903535842895508,2,,,,,,,,,,,
88726,2025,1,2,39,38,3,930050.8749999979,0.0,314904.46875,11002.2021484375,46819.47656249994,10793.414794921864,356.050537109375,331328.14062499965,0,0,0.0,0.0,0.0,0.0,0,0.0,0.0,0,0.0,0.0,1186039.6093749986,2,12.0,10.0,7.0,,,,,,,,
88727,2025,1,2,62,60,0,3753.024658203125,0.0,162926.03125,5257.47802734375,19952.001953125,8471.921875,29.169918060302734,534328.75,0,0,23308.88671875,0.0,0.0,0.0,0,0.0,0.0,0,0.0,0.0,649132.1875,2,,,,,,,,,,,
88728,2025,1,2,72,75,0,19378.787109375,0.0,2505.219970703125,0.0,2641.0380859375,919.3846206665039,0.0,3955.51806640625,0,0,0.0,45721.88951310861,0.0,0.0,0,0.0,0.0,0,0.0,0.0,0.0,2,,,,,,,,,,,
88729,2025,1,2,21,22,0,2098.65380859375,0.0,30277.501953125,0.0,0.0,20.09633445739746,0.0,0.0,0,0,0.0,0.0,0.0,0.0,0,0.0,0.0,0,0.0,0.0,0.0,2,,,,,,,,,,,
88730,2025,1,2,21,22,2,1581.3822021484375,0.0,18851.392578125,0.0,0.0,0.0,0.0,0.0,0,0,0.0,0.0,0.0,0.0,0,0.0,0.0,0,0.0,0.0,0.0,2,7.0,6.0,,,,,,,,,
88731,2025,1,1,71,0,0,0.0,0.0,0.0,0.0,0.0,0.0,0.0,0.0,0,0,0.0,35549.438202247184,19123.866666666665,0.0,0,9793.854258121159,0.0,0,0.0,0.0,0.0,2,,,,,,,,,,,
88732,2025,1,2,63,65,0,18050.392578125,0.0,1377753.625,25062.7734375,79951.4375,43556.44034016132,4386.968994140625,1043447.875,0,0,16746.828125,0.0,0.0,0.0,0,0.0,0.0,0,0.0,0.0,1766003.25,2,,,,,,,,,,,
88733,2025,1,2,32,32,1,82836.625,0.0,4727.4677734375,0.0,0.0,26.623825073242188,-247.2578125,0.0,0,0,0.0,0.0,0.0,0.0,0,0.0,0.0,0,0.0,0.0,0.0,2,0.0,,,,,,,,,,
88734,2025,1,2,65,18,1,0.0,0.0,10009.0537109375,0.0,0.0,47.9871826171875,0.0,0.0,0,0,0.0,24516.85393258427,0.0,0.0,0,0.0,0.0,0,0.0,0.0,0.0,2,18.0,,,,,,,,,,
88735,2025,1,2,37,32,0,35312.1484375,0.0,0.0,-73677.03125,0.0,0.0,-415960.95349121094,-13107.9267578125,0,0,0.0,0.0,0.0,0.0,0,0.0,0.0,0,0.0,0.0,-4323700.0,2,,,,,,,,,,,
88736,2025,1,2,44,52,0,9538.4765625,0.0,88954.88281249996,0.0,416.2262878417969,21.032922744750977,0.0,1764.8728027343523,0,0,0.0,0.0,0.0,0.0,0,0.0,0.0,0,0.0,0.0,0.0,2,,,,,,,,,,,
88737,2025,1,2,37,39,1,733954.375,0.0,291488.28125,0.0,20766.771484375,2896.0406169891357,-30188.482421875,74228.734375,0,0,0.0,0.0,0.0,0.0,0,0.0,0.0,0,2598.481012658228,0.0,-7432.62060546875,2,5.0,,,,,,,,,,
88738,2025,1,2,49,41,1,4346.35107421875,0.0,198203.20312499994,21.031131744384467,5354.175781249979,460.21002197265625,0.8778570294380064,15606.298828124913,0,0,0.0,0.0,0.0,0.0,0,0.0,0.0,0,0.0,0.0,833.8016357421778,2,7.0,,,,,,,,,,
88739,2025,1,1,34,0,2,0.0,0.0,0.0,0.0,0.0,0.0,0.0,0.0,0,0,0.0,0.0,0.0,0.0,0,0.0,0.0,0,0.0,0.0,0.0,2,14.0,9.0,,,,,,,,,
88740,2025,1,2,25,24,2,50922.42578125,0.0,3466.44384765625,0.0,0.0,1.887467622756958,0.0,0.0,0,0,0.0,0.0,0.0,0.0,0,0.0,0.0,0,0.0,0.0,0.0,2,3.0,2.0,,,,,,,,,
88741,2025,1,2,59,26,0,77684.53125,0.0,29257.7734375,0.0,476.44490694999695,185.6191921234131,0.0,3621.5732421875,0,0,0.0,0.0,0.0,0.0,0,0.0,0.0,0,0.0,0.0,0.0,2,,,,,,,,,,,
88742,2025,1,2,68,71,0,0.0,0.0,12512394.0,947249.4375,13128207.0,597325.8446172476,277166.1875,22658742.0,0,0,252049.8125,52466.06741573033,0.0,0.0,0,0.0,0.0,0,0.0,0.0,20660758.0,2,,,,,,,,,,,
88743,2025,1,2,58,45,2,0.0,0.0,345803.99999999994,0.0,11081.870117187482,1730.142944335937,857.1002197265547,26650.849609374975,0,0,0.0,0.0,0.0,0.0,0,0.0,0.0,0,0.0,0.0,162587.12499999994,2,18.0,9.0,,,,,,,,,
88744,2025,1,1,55,0,0,22673.21484375,0.0,0.0,0.0,0.0,0.0,0.0,0.0,0,0,0.0,0.0,0.0,0.0,0,0.0,0.0,0,0.0,0.0,0.0,2,,,,,,,,,,,
88745,2025,1,2,33,33,2,100323.3984375,0.0,37016.5078125,49.569332122802734,115.48841381072998,45.53318786621094,0.0,18.72347068786621,0,0,0.0,0.0,0.0,0.0,0,0.0,0.0,0,0.0,0.0,0.0,2,13.0,6.0,,,,,,,,,
88746,2025,1,1,85,0,0,88912.2421875,16.738813400268555,0.0,0.0,11665.2890625,3516.406005859375,0.0,5627.3955078125,0,0,57485.04296875,20839.325842696628,0.0,0.0,0,0.0,0.0,0,0.0,0.0,0.0,2,,,,,,,,,,,
88747,2025,1,2,75,77,0,0.0,-195819.65625,43402.39453124995,0.0,10175.597656249998,10516.200195312489,-431196.125,-77095.9843750002,0,0,23855.12890624998,39716.281835205984,0.0,0.0,0,0.0,0.0,0,0.0,0.0,-3581486.5390625005,2,,,,,,,,,,,
88748,2025,1,2,70,79,0,0.0,0.0,851835.3125,870.4678955078125,149739.390625,28833.07421875,-5851.43278503418,643211.25,0,0,29732.48046875,30658.325842696628,0.0,0.0,0,0.0,0.0,0,0.0,0.0,250046.0625,2,,,,,,,,,,,
88749,2025,1,2,72,71,0,0.0,-3082327.75,69935.1875,0.0,1582.0223388671875,588.8417358398438,-7292542.159442902,-394980.82861328125,0,0,0.0,59011.0458801498,0.0,0.0,0,0.0,0.0,0,0.0,0.0,-4662583.0,2,,,,,,,,,,,
88750,2025,1,1,73,0,0,14244.951171875,0.0,0.0,0.0,124011.8359375,92962.453125,0.0,1171447.5,0,0,21062.333984375,0.0,0.0,0.0,0,2938.1562774363474,0.0,0,0.0,0.0,241278.703125,2,,,,,,,,,,,
88751,2025,1,1,48,0,0,40835.52734375,0.0,0.0,0.0,0.0,0.0,0.0,0.0,0,0,0.0,0.0,0.0,0.0,0,0.0,0.0,0,0.0,0.0,0.0,2,,,,,,,,,,,
88752,2025,1,2,72,68,0,19487384.0,599416.9375,0.0,0.0,7374787.0,1243709.375,318397.0625,38473080.0,0,0,419617.5625,25889.797752808987,0.0,0.0,0,0.0,0.0,0,0.0,0.0,28602630.0,2,,,,,,,,,,,
88753,2025,1,1,50,0,0,46058.67578125,0.0,0.0,0.0,0.0,0.0,0.0,0.0,0,0,0.0,0.0,0.0,0.0,0,0.0,0.0,0,0.0,0.0,0.0,2,,,,,,,,,,,
88754,2025,1,1,85,0,0,88912.2421875,16.738813400268555,0.0,0.0,11665.2890625,3516.406005859375,0.0,5627.3955078125,0,0,57485.04296875,34421.66292134831,0.0,0.0,0,20811.94029850746,0.0,0,0.0,0.0,0.0,2,,,,,,,,,,,
88755,2025,1,1,77,0,0,0.0,0.0,0.0,0.0,0.0,10.1046142578125,0.0,0.0,0,0,0.0,32815.80898876404,0.0,0.0,0,0.0,0.0,0,0.0,0.0,0.0,2,,,,,,,,,,,
88756,2025,1,2,54,52,0,98876.828125,0.0,1515.283447265625,-253.54629516601562,20.85515022277832,40.39693069458008,-621.3738403320312,0.0,0,0,0.0,0.0,0.0,0.0,0,0.0,0.0,0,0.0,0.0,-305.6983642578125,2,,,,,,,,,,,
88757,2025,1,2,60,68,0,464025.3125,4604367.0,9979435.0,908869.25,7444112.125,4131460.90625,639291.46875,57031754.0,0,0,577631.1484375,41910.54026217228,0.0,0.0,0,0.0,0.0,0,0.0,0.0,26485486.0,2,,,,,,,,,,,
88758,2025,1,1,39,0,2,525520.0,27953.818359375,0.0,0.0,54.51069641113281,101.046142578125,0.0,0.0,0,0,0.0,0.0,0.0,0.0,0,0.0,0.0,0,4395.763713080169,0.0,0.0,2,9.0,1.0,,,,,,,,,
88759,2025,1,2,74,74,0,0.0,-137794.140625,38373.625,0.0,4098.96435546875,1374.5628662109375,-266270.74338054657,-162363.35498046875,0,0,0.0,0.0,0.0,0.0,0,0.0,0.0,0,0.0,0.0,-877669.5,2,,,,,,,,,,,
88760,2025,1,1,69,0,0,0.0,0.0,0.0,0.0,190.7874298095703,121.25537872314453,0.0,0.0,0,0,10740.626953125,14710.11235955056,0.0,0.0,0,0.0,0.0,0,0.0,0.0,0.0,2,,,,,,,,,,,
88761,2025,1,2,59,42,4,117703.703125,0.0,3005952.0,622204.5,5738531.939453125,113530.986328125,130162.5703125,28258685.490234375,0,0,256733.15625,0.0,0.0,0.0,0,0.0,0.0,0,0.0,0.0,2012186.796875,2,22.0,13.0,7.0,5.0,,,,,,,
88762,2025,1,2,57,61,2,81952.578125,23418.24414062468,115802.2421875,0.0,21027.90283203121,8205.286376953125,0.0,56947.9580078125,0,0,0.0,0.0,0.0,0.0,0,0.0,0.0,0,0.0,0.0,1120390.125,2,9.0,8.0,,,,,,,,,
88763,2025,1,1,66,0,0,682570.625,33979.79296875,0.0,0.0,54238.140625,34052.55078125,40.67996597290039,110649.515625,0,0,70285.359375,0.0,0.0,0.0,0,0.0,0.0,0,0.0,0.0,356934.65625,2,,,,,,,,,,,
88764,2025,1,2,41,41,3,23648940.0,1204848.625,42528.78125,0.0,4771131.5018081665,6563589.279473305,4637313.5,148753088.0,0,0,143516.09375,0.0,0.0,0.0,0,0.0,0.0,0,0.0,0.0,40454620.0,2,11.0,10.0,6.0,,,,,,,,
88765,2025,1,2,41,42,2,48352.453125,0.0,220450.984375,33388.02734375,2807936.5,4539753.575721264,4239302.5,2809745.75,0,0,18216.701171875,0.0,0.0,0.0,0,0.0,0.0,0,0.0,0.0,22485572.0,2,13.0,11.0,,,,,,,,,
88766,2025,1,2,62,57,1,100234.703125,0.0,0.0,-107945.2109375,299.1636962890625,121.64380645751953,-132151.5,-2276.2172088623047,0,0,0.0,0.0,0.0,0.0,0,0.0,0.0,0,0.0,0.0,-16316642.0,2,19.0,,,,,,,,,,
88767,2025,1,2,66,61,0,0.0,0.0,15389.654296875,0.0,0.0,21.90392976999283,0.0,0.0,0,0,0.0,24516.85393258427,0.0,0.0,0,0.0,0.0,0,0.0,0.0,0.0,2,,,,,,,,,,,
88768,2025,1,2,63,64,0,22481.25,0.0,40440.734375,0.0,60.610816955566406,96.37878370285034,0.0,0.0,0,0,1339.5518798828125,15568.20224719101,0.0,0.0,0,0.0,0.0,0,0.0,0.0,0.0,2,,,,,,,,,,,
88769,2025,1,2,42,40,2,57429.74609375,0.0,0.0,-792769.6875,0.0,29.70490264892578,-25945.708984375,-1106.01416015625,0,0,0.0,0.0,0.0,0.0,0,0.0,0.0,0,0.0,0.0,-3112121.5,2,8.0,7.0,,,,,,,,,
88770,2025,1,2,71,71,0,670.878173828125,0.0,4298.22705078125,0.0,11562.892510414124,2208.4144439697266,0.0,22351.28515625,0,0,8969.51171875,34517.6872659176,0.0,0.0,0,0.0,0.0,0,0.0,0.0,0.0,2,,,,,,,,,,,
88771,2025,1,2,66,66,0,0.0,0.0,0.0,0.0,0.0,20.940839767456055,-827567.3125,-38601.25,0,0,0.0,57614.606741573036,0.0,0.0,0,0.0,0.0,0,0.0,0.0,-830838.1875,2,,,,,,,,,,,
88772,2025,1,2,59,59,0,4644.337890625,0.0,0.0,-830783.0625,0.0,0.9560145139694214,-175824.87548828125,-796350.9375,0,0,0.0,0.0,0.0,0.0,0,0.0,0.0,0,0.0,0.0,-216596.34375,2,,,,,,,,,,,
88773,2025,1,2,85,82,0,0.0,0.0,136434.109375,34.85406494140625,5679.675048828125,2457.5888671875,0.0,55715.89453125,0,0,6711.66455078125,39226.96629213483,0.0,0.0,0,0.0,0.0,0,0.0,0.0,2089.63623046875,2,,,,,,,,,,,
88774,2025,1,1,71,0,0,0.0,0.0,0.0,0.0,2643.768798828125,555.7537841796875,0.0,366.1197204589844,0,0,9123.1328125,17149.539325842696,0.0,0.0,0,0.0,0.0,0,0.0,0.0,0.0,2,,,,,,,,,,,
88775,2025,1,2,46,48,2,73047.8828125,0.0,0.0,-26307.697265625,194.15721130371094,67.1228256225586,-7509735.5,-13610107.465942383,0,0,0.0,0.0,0.0,0.0,0,0.0,0.0,0,0.0,0.0,-2888428.75,2,16.0,15.0,,,,,,,,,
88776,2025,1,2,32,33,4,56888.796875,0.0,130401.9609375,7881.1318359375,675.8112182617092,1.7973997592926025,0.0,0.0,0,0,0.0,0.0,0.0,0.0,0,0.0,0.0,0,0.0,0.0,0.0,2,7.0,5.0,2.0,1.0,,,,,,,
88777,2025,1,2,75,78,0,285.5335998535156,0.0,0.0,0.0,0.0,2.3327994346618652,-49.42761993408203,0.0,0,0,0.0,46336.853932584265,0.0,0.0,0,0.0,0.0,0,0.0,0.0,0.0,2,,,,,,,,,,,
88778,2025,1,1,84,0,0,2139117.0,553217.8125,0.0,0.0,18356476.0,711061.75,2847597.75,24285940.0,0,0,580203.3125,21525.797752808987,0.0,0.0,0,0.0,0.0,0,0.0,0.0,5789027.5,2,,,,,,,,,,,
88779,2025,1,1,46,0,0,17212.650390625,0.0,0.0,0.0,0.0,0.0,0.0,0.0,0,0,0.0,0.0,0.0,0.0,0,0.0,0.0,0,0.0,0.0,0.0,2,,,,,,,,,,,
88780,2025,1,1,26,0,0,56386.265625,0.0,0.0,0.0,0.0,0.0,0.0,0.0,0,0,0.0,0.0,0.0,0.0,0,18363.47673397717,0.0,0,0.0,0.0,0.0,2,,,,,,,,,,,
88781,2025,1,1,34,0,0,8677.5498046875,0.0,0.0,0.0,0.0,0.0,0.0,0.0,0,0,0.0,0.0,0.0,0.0,0,29381.562774363472,0.0,0,0.0,0.0,0.0,2,,,,,,,,,,,
88782,2025,1,1,82,0,0,0.0,-24784772.0,0.0,0.0,0.0,0.0,-1521430.75,-438936.84375,0,0,0.0,817.2284644194756,0.0,0.0,0,2081.194029850746,0.0,0,0.0,0.0,-4117041.0,2,,,,,,,,,,,
88783,2025,1,1,78,0,0,0.0,0.0,0.0,0.0,2071.406494140625,323.34765625,0.0,5166.35595703125,0,0,7191.44873046875,3759.2509363295876,0.0,0.0,0,2203.6172080772603,0.0,0,0.0,0.0,0.0,2,,,,,,,,,,,
88784,2025,1,2,59,42,0,4644.337890625,0.0,0.0,-39871.29296875,0.0,0.9560145139694214,-1096888.9536132812,-259084.125,0,0,0.0,0.0,0.0,0.0,0,0.0,0.0,0,0.0,0.0,-751111.0,2,,,,,,,,,,,
88785,2025,1,1,24,0,0,5187.53662109375,0.0,0.0,0.0,0.0,0.0,0.0,0.0,0,0,0.0,0.0,0.0,0.0,0,0.0,0.0,0,0.0,0.0,0.0,2,,,,,,,,,,,
88786,2025,1,1,25,0,0,39054.91015625,0.0,0.0,0.0,0.0,0.0,0.0,0.0,0,0,0.0,0.0,0.0,0.0,0,14690.781387181736,0.0,0,0.0,0.0,0.0,2,,,,,,,,,,,
88787,2025,1,1,73,0,0,0.0,0.0,0.0,0.0,0.0,0.0,-53561.95703125,-881.3992919921875,0,0,0.0,0.0,0.0,0.0,0,26933.099209833184,0.0,0,0.0,0.0,-30583.734375,2,,,,,,,,,,,
88788,2025,1,1,81,0,0,11277.2529296875,0.0,0.0,0.0,50831.22265625,33244.18359375,569.51953125,702949.8125,0,0,53528.58203125,4903.3707865168535,0.0,0.0,0,18363.47673397717,0.0,0,0.0,0.0,47134.48046875,2,,,,,,,,,,,
88789,2025,1,1,76,0,0,0.0,0.0,0.0,0.0,0.0,0.0,-1722.11865234375,0.0,0,0,0.0,19417.34831460674,0.0,0.0,0,0.0,0.0,0,0.0,0.0,0.0,2,,,,,,,,,,,
88790,2025,1,1,84,0,0,0.0,0.0,0.0,0.0,0.0,0.0,0.0,0.0,0,0,0.0,0.0,0.0,0.0,0,0.0,0.0,0,0.0,0.0,0.0,2,,,,,,,,,,,
88791,2025,1,2,61,23,0,3695.29541015625,0.0,7023.08056640625,0.0,0.0,0.3302801847457886,-13176.2900390625,0.0,0,0,0.0,0.0,0.0,0.0,0,0.0,0.0,0,0.0,0.0,-6469.81884765625,2,,,,,,,,,,,
88792,2025,1,2,45,46,1,0.0,-941075.625,36470.08984375,0.0,0.0,0.0,-82409.7890625,-78472.3984375,0,0,0.0,0.0,0.0,0.0,0,0.0,0.0,0,0.0,0.0,-4823.64013671875,2,16.0,,,,,,,,,,
88793,2025,1,1,48,0,1,159068.625,0.0,0.0,0.0,0.0,30.313844680786133,0.0,0.0,0,0,0.0,0.0,0.0,0.0,0,6121.158911325723,0.0,0,0.0,0.0,0.0,2,15.0,,,,,,,,,,
88794,2025,1,2,40,41,2,58666.23046875,0.0,214414.578125,17827.056640625,813.5482177734375,221.4280858039856,0.0,332.9361877441406,0,0,0.0,0.0,0.0,0.0,0,0.0,0.0,0,0.0,0.0,0.0,2,14.0,11.0,,,,,,,,,
88795,2025,1,2,69,66,0,0.0,0.0,12001198.0,1479688.625,1413917.0,358993.0,-20687.181884765625,8102276.740478516,0,0,105577.1328125,0.0,0.0,0.0,0,0.0,0.0,0,0.0,0.0,25663694.460632324,2,,,,,,,,,,,
88796,2025,1,2,53,85,0,13833.1845703125,0.0,35214.90625,0.0,2025.8236083984375,317.84331128001213,-708.3291664123535,1933.863525390625,0,0,0.0,8150.8323970037445,0.0,0.0,0,0.0,0.0,0,0.0,0.0,0.0,2,,,,,,,,,,,
88797,2025,1,1,58,0,0,63271.328125,0.0,0.0,0.0,340.6918640136719,20.209228515625,0.0,0.0,0,0,0.0,0.0,0.0,0.0,0,0.0,0.0,0,0.0,0.0,0.0,2,,,,,,,,,,,
88798,2025,1,2,33,34,0,0.0,-42107.15625,9549430.0,463012.96875,15666663.0,443206.0,-1864966.375,140272312.50195312,0,0,193982.9375,0.0,0.0,0.0,0,0.0,0.0,0,0.0,0.0,16869441.390625,2,,,,,,,,,,,
88799,2025,1,2,47,51,0,67440.59375,0.0,61140.82421875,0.0,928.7496337890625,263.3973436355591,0.0,2147.491455078125,0,0,0.0,0.0,0.0,0.0,0,0.0,0.0,0,0.0,0.0,38.042423248291016,2,,,,,,,,,,,
88800,2025,1,1,77,0,0,28608.611328125,0.0,0.0,0.0,79313.0625,19097.720703125,0.0,234587.8125,0,0,38168.20703125,0.0,0.0,0.0,0,9181.738366988586,0.0,0,0.0,0.0,68313.8515625,2,,,,,,,,,,,
88801,2025,1,1,72,0,0,0.0,0.0,0.0,0.0,0.0,0.0,-54.23995590209961,0.0,0,0,0.0,27091.123595505615,0.0,0.0,0,0.0,0.0,0,0.0,0.0,0.0,2,,,,,,,,,,,
88802,2025,1,1,26,0,1,104700.390625,25108.220703125,0.0,0.0,0.0,161.673828125,0.0,0.0,0,0,14080.3447265625,0.0,0.0,0.0,0,0.0,0.0,0,0.0,0.0,0.0,2,7.0,,,,,,,,,,
88803,2025,1,1,77,0,0,0.0,0.0,0.0,0.0,0.0,2.020922899246216,0.0,0.0,0,0,9076.5859375,0.0,0.0,0.0,0,0.0,0.0,0,0.0,0.0,0.0,2,,,,,,,,,,,
88804,2025,1,1,40,0,0,51637.94921875,0.0,0.0,0.0,0.0,0.0,0.0,0.0,0,0,0.0,0.0,0.0,0.0,0,0.0,0.0,0,0.0,0.0,0.0,2,,,,,,,,,,,
88805,2025,1,1,85,0,0,0.0,0.0,0.0,0.0,0.0,0.0,0.0,0.0,0,0,0.0,21305.146067415728,0.0,0.0,0,17139.244951712026,0.0,0,0.0,0.0,0.0,2,,,,,,,,,,,
88806,2025,1,1,53,0,0,8463.875,0.0,0.0,0.0,0.0,0.0,0.0,0.0,0,0,0.0,0.0,0.0,0.0,0,28157.33099209833,0.0,0,0.0,0.0,0.0,2,,,,,,,,,,,
88807,2025,1,2,46,58,0,158831.5,8964.64453125,1146.9486083984375,0.0,21211.53125,4620.09326171875,-16050.206214696169,306785.5,0,0,7992.41845703125,0.0,0.0,0.0,0,0.0,0.0,0,0.0,0.0,468275.34375,2,,,,,,,,,,,
88808,2025,1,1,31,0,0,91523.8125,0.0,0.0,0.0,40.88302230834961,20.209228515625,0.0,0.0,0,0,0.0,0.0,0.0,0.0,0,0.0,0.0,0,0.0,0.0,0.0,2,,,,,,,,,,,
88809,2025,1,2,18,58,1,0.0,0.0,992179.0,806.3917846679688,27449.209259033203,27905.989166259766,0.0,262801.59375,0,0,8139.1572265625,0.0,0.0,0.0,0,13466.549604916592,0.0,0,0.0,0.0,1684739.25,2,56.0,,,,,,,,,,
88810,2025,1,1,29,0,0,3834.26611328125,0.0,0.0,0.0,0.0,0.0,0.0,0.0,0,0,0.0,0.0,0.0,0.0,0,0.0,0.0,0,0.0,0.0,0.0,2,,,,,,,,,,,
88811,2025,1,2,50,43,4,134109.43749999994,5532.040527343731,62636.1328125,0.0,4926.545410156246,8092.965637206985,0.0,25559.76953124999,0,0,0.0,0.0,0.0,0.0,0,0.0,0.0,0,0.0,0.0,676648.3749999999,2,21.0,14.0,12.0,0.0,,,,,,,
88812,2025,1,1,33,0,1,5294.37353515625,0.0,0.0,0.0,0.0,0.0,0.0,0.0,0,0,0.0,0.0,0.0,0.0,0,0.0,0.0,0,0.0,0.0,0.0,2,7.0,,,,,,,,,,
88813,2025,1,2,54,38,0,43015.7421875,0.0,46202.95703125,0.0,29.08216094970703,24.308679580688477,0.0,0.0,0,0,0.0,0.0,0.0,0.0,0,0.0,0.0,0,0.0,0.0,0.0,2,,,,,,,,,,,
88814,2025,1,1,61,0,0,20334668.0,146966.78125,0.0,0.0,1134503.875,92861.40625,28475.9765625,1975690.375,0,0,2048050.125,0.0,0.0,0.0,0,0.0,0.0,0,0.0,0.0,10961362.0,2,,,,,,,,,,,
88815,2025,1,1,36,0,0,0.0,-67250.6796875,0.0,0.0,0.0,0.0,-2899125.75,-12572822.0,0,0,0.0,0.0,0.0,0.0,0,0.0,0.0,0,0.0,0.0,-1000114.25,2,,,,,,,,,,,
88816,2025,1,1,59,0,0,65289.359375,0.0,0.0,0.0,0.0,10.1046142578125,0.0,0.0,0,0,0.0,0.0,0.0,0.0,0,0.0,0.0,0,0.0,0.0,0.0,2,,,,,,,,,,,
88817,2025,1,1,29,0,0,9650.955078125,0.0,0.0,0.0,0.0,0.0,0.0,0.0,0,0,0.0,0.0,0.0,0.0,0,0.0,0.0,0,0.0,0.0,0.0,2,,,,,,,,,,,
88818,2025,1,2,37,35,6,633.119873046875,-2490.6328125,89791.5703125,0.0,404.8567810058594,31.793806076049805,-4600.24267578125,-6564.246276855469,0,0,0.0,0.0,0.0,0.0,0,8569.622475856013,0.0,0,228.44978902953585,0.0,-71790.8359375,2,15.0,13.0,12.0,10.0,2.0,1.0,,,,,
88819,2025,1,1,39,0,2,32407.265625,0.0,0.0,0.0,0.0,0.0,0.0,0.0,0,0,0.0,0.0,0.0,0.0,0,0.0,0.0,0,0.0,0.0,0.0,2,11.0,11.0,,,,,,,,,
88820,2025,1,2,43,47,1,7436.1923828125,0.0,79144.1171875,0.0,0.0,24.8370361328125,-26.49663543701172,0.0,0,0,0.0,0.0,0.0,0.0,0,4652.08077260755,0.0,0,0.0,0.0,0.0,2,13.0,,,,,,,,,,
88821,2025,1,1,31,0,0,27896.36328125,0.0,0.0,0.0,0.0,0.0,0.0,0.0,0,0,0.0,0.0,0.0,0.0,0,13466.549604916592,0.0,0,0.0,0.0,0.0,2,,,,,,,,,,,
88822,2025,1,2,17,33,1,0.0,0.0,60422.3359375,20086.576171875,0.0,0.0,0.0,0.0,0,0,0.0,0.0,0.0,0.0,0,0.0,0.0,0,0.0,0.0,0.0,2,9.0,,,,,,,,,,
88823,2025,1,1,46,0,1,1050802.625,251.0821990966797,0.0,0.0,66230.4921875,28697.10546875,0.0,999642.375,0,0,0.0,0.0,0.0,0.0,0,0.0,0.0,0,0.0,0.0,821634.9375,2,7.0,,,,,,,,,,
88824,2025,1,2,47,48,1,142095.96875,2417.828857421875,1293.7469482421875,-836.368896484375,844.0337524414062,207.90487670898438,-6389.7587890625,3223.955078125,0,0,5.782033443450928,0.0,0.0,0.0,0,0.0,0.0,0,0.0,0.0,28702.1767578125,2,14.0,,,,,,,,,,
88825,2025,1,2,67,80,0,444829.15625,0.0,851835.3125,870.4678955078125,187146.36718749997,36105.05859374999,25.577957153320312,880020.765625,0,0,33327.09326171875,33404.213483146064,0.0,0.0,0,0.0,0.0,0,0.0,0.0,344305.0234374994,2,,,,,,,,,,,
88826,2025,1,1,46,0,0,35968.50390625,0.0,0.0,0.0,0.0,0.0,0.0,0.0,0,0,0.0,0.0,0.0,0.0,0,4162.388059701492,0.0,0,0.0,0.0,0.0,2,,,,,,,,,,,
88827,2025,1,1,54,0,0,88318.70312499994,0.0,0.0,0.0,95.39371490478516,10.104614257812385,0.0,0.0,0,0,0.0,0.0,0.0,0.0,0,0.0,0.0,0,0.0,0.0,0.0,2,,,,,,,,,,,
88828,2025,1,2,74,72,0,8310485.0,992552.3125,57502.17187499996,0.0,3336869.340270996,1701910.0025634766,111056.3125,27424610.183898926,0,0,250680.5,38859.21348314606,0.0,0.0,0,0.0,0.0,0,0.0,0.0,37548959.37628174,2,,,,,,,,,,,
88829,2025,1,1,27,0,0,14719.783203125,0.0,0.0,0.0,0.0,0.0,0.0,0.0,0,0,0.0,0.0,0.0,0.0,0,0.0,0.0,0,0.0,0.0,0.0,2,,,,,,,,,,,
88830,2025,1,2,41,37,0,130742.7109375,0.0,56171.1015625,0.0,1213.29443359375,903.0002746582031,0.0,2182.415283203125,0,0,0.0,0.0,0.0,0.0,0,0.0,0.0,0,0.0,0.0,0.0,2,,,,,,,,,,,
88831,2025,1,1,35,0,0,0.0,-60792.8359375,0.0,0.0,0.0,0.0,-237842.203125,0.0,0,0,0.0,0.0,0.0,0.0,0,14690.781387181736,0.0,0,0.0,0.0,-2546553.25,2,,,,,,,,,,,
88832,2025,1,2,74,84,0,0.0,0.0,669661.75,53396.81640625,283617.21875,62562.51953125,14159.980590820312,998422.0,0,0,58532.34375,18387.6404494382,0.0,0.0,0,0.0,0.0,0,0.0,0.0,2203069.75,2,,,,,,,,,,,
88833,2025,1,2,53,54,0,43948.18359375,0.0,150547.0,0.0,450.78630447387695,224.38185119628906,0.0,479.90948486328125,0,0,0.0,0.0,0.0,0.0,0,0.0,0.0,0,0.0,0.0,0.0,2,,,,,,,,,,,
88834,2025,1,1,75,0,0,0.0,0.0,0.0,0.0,190.7874298095703,394.0799560546875,0.0,0.0,0,0,0.0,16083.05617977528,0.0,0.0,0,0.0,0.0,0,0.0,0.0,0.0,2,,,,,,,,,,,
88835,2025,1,1,69,0,0,53655.984375,1473.015625,0.0,0.0,31479.927734375,1495.48291015625,0.0,46917.5625,0,0,42939.234375,13484.269662921346,0.0,0.0,0,0.0,0.0,0,0.0,0.0,0.0,2,,,,,,,,,,,
88836,2025,1,2,37,38,1,92691.84375,0.0,1623564.75,34743.0703125,155673.33624267578,52289.0595703125,225.33309936523438,445158.03125,0,0,0.0,0.0,0.0,0.0,0,0.0,0.0,0,0.0,0.0,610330.625,2,8.0,,,,,,,,,,
88837,2025,1,2,73,69,0,0.0,0.0,0.0,0.0,61.33207321166992,157.1771697998047,-3.027003765106201,0.0,0,0,0.0,37633.37078651685,0.0,0.0,0,0.0,0.0,0,0.0,0.0,0.0,2,,,,,,,,,,,
88838,2025,1,1,60,0,0,1061961.125,12972.580078125,0.0,0.0,23848.4296875,11317.16796875,0.0,95191.125,0,0,17804.072265625,0.0,0.0,0.0,0,0.0,0.0,0,0.0,0.0,65406.875,2,,,,,,,,,,,
88839,2025,1,2,71,65,0,1430123.625,6197.3447265625,7138852.0,2850387.25,2313246.296875,1221558.412109375,6599181.150268555,31797733.828125,0,0,92124.2802734375,8274.438202247191,0.0,0.0,0,0.0,0.0,0,0.0,0.0,77409421.375,2,,,,,,,,,,,
88840,2025,1,1,80,0,0,2139117.0,553217.8125,0.0,0.0,18356476.0,711061.75,2847597.75,24285940.0,0,0,580203.3125,16731.731273408237,0.0,0.0,0,0.0,0.0,0,0.0,0.0,5789027.5,2,,,,,,,,,,,
88841,2025,1,2,68,71,0,7244527.5,66078.1484375,0.0,0.0,1157854.710571289,3627854.8015289307,491118.5,21341836.0,0,0,61096.66015625,40718.40823970037,0.0,0.0,0,0.0,0.0,0,0.0,0.0,4190693.75,2,,,,,,,,,,,
88842,2025,1,1,58,0,0,33238.21875,0.0,0.0,0.0,0.0,20.209228515625,0.0,0.0,0,0,0.0,0.0,0.0,0.0,0,0.0,0.0,0,0.0,0.0,0.0,2,,,,,,,,,,,
88843,2025,1,1,57,0,0,75260.82812499997,0.0,0.0,0.0,2.7255346775054545,50.52307128906236,0.0,0.0,0,0,8436.57031249999,0.0,0.0,0.0,0,0.0,0.0,0,0.0,0.0,0.0,2,,,,,,,,,,,
88844,2025,1,1,46,0,0,3288.209716796875,0.0,0.0,0.0,0.0,0.0,0.0,0.0,0,0,0.0,0.0,0.0,0.0,0,5509.043020193151,0.0,0,0.0,0.0,0.0,2,,,,,,,,,,,
88845,2025,1,2,62,31,0,51281.82421875,0.0,0.0,0.0,0.0,30.313844680786133,0.0,0.0,0,0,0.0,0.0,0.0,0.0,0,7345.390693590868,0.0,0,0.0,0.0,0.0,2,,,,,,,,,,,
88846,2025,1,1,70,0,0,0.0,0.0,0.0,0.0,3229.7587890625,383.975341796875,0.0,0.0,0,0,4980.48583984375,0.0,0.0,0.0,0,0.0,0.0,0,0.0,0.0,0.0,2,,,,,,,,,,,
88847,2025,1,1,61,0,0,59947.50390625,0.0,0.0,0.0,0.0,30.313844680786133,0.0,0.0,0,0,0.0,0.0,0.0,0.0,0,2203.6172080772603,0.0,0,0.0,0.0,0.0,2,,,,,,,,,,,
88848,2025,1,1,76,0,0,988837.0625,131734.46875,0.0,0.0,143499.40625,303037.40625,27662.37890625,9788956.0,0,0,165473.140625,15505.888576779025,0.0,0.0,0,0.0,0.0,0,0.0,0.0,35651940.0,2,,,,,,,,,,,
88849,2025,1,1,76,0,0,0.0,0.0,0.0,0.0,0.0,20.209228515625,0.0,0.0,0,0,0.0,0.0,0.0,0.0,0,0.0,0.0,0,0.0,0.0,0.0,2,,,,,,,,,,,
88850,2025,1,1,82,0,0,0.0,-24784772.0,0.0,0.0,0.0,0.0,-1521430.75,-438936.84375,0,0,0.0,39496.651685393255,0.0,0.0,0,0.0,0.0,0,0.0,0.0,-4117041.0,2,,,,,,,,,,,
88851,2025,1,1,74,0,0,0.0,0.0,0.0,0.0,18806.189453124865,4981.575195312487,0.0,13831.189453124967,0,0,35375.41015624999,12013.258426966291,0.0,0.0,0,0.0,0.0,0,0.0,0.0,0.0,2,,,,,,,,,,,
88852,2025,1,1,27,0,0,2469.125,0.0,0.0,0.0,0.0,0.0,0.0,0.0,0,0,0.0,0.0,0.0,0.0,0,0.0,0.0,0,0.0,0.0,0.0,2,,,,,,,,,,,
88853,2025,1,1,65,0,0,100545.6171875,0.0,0.0,0.0,2521.11962890625,1707.679931640625,0.0,15187.1875,0,0,40030.0703125,14060.415730337078,0.0,0.0,0,0.0,0.0,0,0.0,0.0,5128.7294921875,2,,,,,,,,,,,
88854,2025,1,2,38,35,1,28099302.0,945432.0625,6690.080078125,0.0,5315550.5,592988.4375,87984.51208496094,6252763.5,0,0,290094.4375,0.0,0.0,0.0,0,0.0,0.0,0,0.0,0.0,22074590.0,2,4.0,,,,,,,,,,
88855,2025,1,1,85,0,0,19776742.0,251584.359375,0.0,0.0,651130.25,35164.05859375,3159.4775390625,319066.53125,0,0,154069.234375,0.0,0.0,0.0,0,0.0,0.0,0,0.0,0.0,1176908.5,2,,,,,,,,,,,
88856,2025,1,1,69,0,0,0.0,0.0,0.0,0.0,0.0,2.020922899246216,0.0,0.0,0,0,0.0,22678.089887640446,0.0,0.0,0,0.0,0.0,0,0.0,0.0,0.0,2,,,,,,,,,,,
88857,2025,1,2,68,67,0,591.3352661132812,0.0,0.0,0.0,2003.26806640625,195.739501953125,0.0,2798.156982421875,0,0,0.0,0.0,0.0,0.0,0,0.0,0.0,0,0.0,0.0,0.0,2,,,,,,,,,,,
88858,2025,1,2,45,45,2,49006.5390625,0.0,47817.59765625,0.0,0.0,8.156901597976685,-8340.633972167969,0.0,0,0,0.0,0.0,0.0,0.0,0,4896.927129060579,0.0,0,0.0,0.0,0.0,2,13.0,9.0,,,,,,,,,
88859,2025,1,1,41,0,0,46296.09375,0.0,0.0,0.0,0.0,0.0,0.0,0.0,0,0,0.0,0.0,0.0,0.0,0,0.0,0.0,0,0.0,0.0,0.0,2,,,,,,,,,,,
88860,2025,1,2,43,43,1,742008.625,0.0,522428.15625,0.0,10542.720458984375,2066.9600219726562,0.0,40460.828125,0,0,0.0,0.0,0.0,0.0,0,0.0,0.0,0,1364.2025316455695,0.0,0.0,2,6.0,,,,,,,,,,
88861,2025,1,1,21,0,0,44040.640625,0.0,0.0,0.0,0.0,0.0,0.0,0.0,0,0,0.0,0.0,0.0,0.0,0,18363.47673397717,0.0,0,0.0,0.0,0.0,2,,,,,,,,,,,
88862,2025,1,2,79,71,0,18840568.0,1550516.25,0.0,0.0,9563902.0,1228782.125,775840.375,11175988.0,0,0,320429.3125,39553.85767790262,0.0,0.0,0,0.0,0.0,0,0.0,0.0,22927134.0,2,,,,,,,,,,,
88863,2025,1,2,52,53,1,161347.8125,14865.212890625,92289.953125,389.7878112792969,1595.4912719726562,990.6919860839844,0.0,889.0423583984375,0,0,3.803929090499878,0.0,0.0,0.0,0,0.0,0.0,0,0.0,0.0,251324.4375,2,16.0,,,,,,,,,,
88864,2025,1,2,63,57,0,24567.27734375,0.0,42376.87890625,0.0,200.47694396972656,74.4401683807373,0.0,0.0,0,0,0.0,0.0,0.0,0.0,0,0.0,0.0,0,0.0,0.0,0.0,2,,,,,,,,,,,
88865,2025,1,1,41,0,0,85232.29687499993,0.0,0.0,0.0,0.0,30.31384468078599,0.0,0.0,0,0,0.0,0.0,0.0,0.0,0,7712.660228270412,0.0,0,0.0,0.0,0.0,2,,,,,,,,,,,
88866,2025,1,1,39,0,1,0.0,-24717.966796875,0.0,0.0,0.0,0.0,-401375.6875,-97767.5234375,0,0,0.0,0.0,0.0,0.0,0,15915.013169446882,0.0,0,8661.603375527426,0.0,-5889329.0,2,5.0,,,,,,,,,,
88867,2025,1,1,60,0,0,22554.505859375,0.0,0.0,0.0,0.0,0.0,0.0,0.0,0,0,0.0,0.0,0.0,0.0,0,2815.7330992098327,0.0,0,0.0,0.0,0.0,2,,,,,,,,,,,
88868,2025,1,1,19,0,0,62559.078125,39168.82421875,0.0,0.0,411419.46875,249887.125,190382.25,447479.65625,0,0,2501.87939453125,0.0,0.0,0.0,0,11018.086040386303,0.0,0,0.0,0.0,15593.830078125,2,,,,,,,,,,,
88869,2025,1,2,42,37,0,58055.37890625,0.0,10431.263671875,0.0,0.0,1.8906906843185425,-241.72300720214844,0.0,0,0,0.0,0.0,0.0,0.0,0,0.0,0.0,0,0.0,0.0,0.0,2,,,,,,,,,,,
88870,2025,1,1,24,0,0,0.0,0.0,0.0,0.0,0.0,0.0,-962.7592163085938,0.0,0,0,0.0,0.0,0.0,0.0,0,4652.08077260755,0.0,0,0.0,0.0,0.0,2,,,,,,,,,,,
88871,2025,1,2,31,28,0,533512.7499999993,3675.4074707031227,13685.767578125,0.0,45704.9609374999,9927.44059944152,0.0,161092.67187499997,0,0,5323.423828124999,0.0,0.0,0.0,0,0.0,0.0,0,0.0,0.0,872937.8124999997,2,,,,,,,,,,,
88872,2025,1,2,67,71,0,22192.947265625,0.0,0.0,0.0,208.06375122070312,122.20702743530273,0.0,0.0,0,0,0.0,22860.944756554305,0.0,0.0,0,0.0,0.0,0,0.0,0.0,0.0,2,,,,,,,,,,,
88873,2025,1,2,73,73,0,113841.0078125,0.0,0.0,-298380.875,20009.486328125,12455.405273437498,-762911.3125,-41301.28125000073,0,0,32503.583984374884,35119.37172284644,0.0,0.0,0,0.0,0.0,0,0.0,0.0,-12632149.6953125,2,,,,,,,,,,,
88874,2025,1,1,84,0,0,0.0,0.0,0.0,0.0,3897.5146484375,778.0552978515625,0.0,1342.43896484375,0,0,15825.841796875,20997.6638576779,0.0,0.0,0,0.0,0.0,0,0.0,0.0,0.0,2,,,,,,,,,,,
88875,2025,1,1,36,0,0,49382.5,0.0,0.0,0.0,0.0,10.1046142578125,0.0,0.0,0,0,0.0,0.0,0.0,0.0,0,0.0,0.0,0,0.0,0.0,0.0,2,,,,,,,,,,,
88876,2025,1,2,71,72,0,0.0,0.0,619196.0625,15901.873046875,126873.6484375,31223.259765625,2.585559129714966,1079646.375,0,0,76016.8203125,44313.19194756554,0.0,0.0,0,0.0,0.0,0,0.0,0.0,656975.75,2,,,,,,,,,,,
88877,2025,1,1,63,0,0,26365032.0,6856218.0,0.0,0.0,3680834.75,5157395.5,162177.46875,32232094.0,0,0,147319.96875,15739.8202247191,0.0,0.0,0,0.0,0.0,0,0.0,0.0,62333792.0,2,,,,,,,,,,,
88878,2025,1,1,80,0,0,0.0,0.0,0.0,0.0,40.88302230834961,80.8369140625,0.0,0.0,0,0,0.0,33330.66292134831,0.0,0.0,0,0.0,0.0,0,0.0,0.0,0.0,2,,,,,,,,,,,
88879,2025,1,2,22,61,0,4476.046875,0.0,135257.62499999997,2372.8459472656054,3803.533447265625,1429.1539306640625,0.0,17559.98828125,0,0,9036.84667968749,0.0,0.0,0.0,0,0.0,0.0,0,0.0,0.0,17351.361328124964,2,,,,,,,,,,,
88880,2025,1,1,29,0,0,0.0,-13138.3779296875,0.0,0.0,0.0,0.0,-145227.484375,-96953.921875,0,0,0.0,0.0,0.0,0.0,0,0.0,0.0,0,0.0,0.0,-242317.265625,2,,,,,,,,,,,
88881,2025,1,2,36,31,5,84542.8515625,0.0,13013.1865234375,0.0,0.0,4.188207626342773,0.0,0.0,0,0,0.0,0.0,0.0,0.0,0,0.0,0.0,0,757.8902953586497,0.0,0.0,2,12.0,10.0,10.0,9.0,6.0,,,,,,
88882,2025,1,1,82,0,0,13532.704101562453,0.0,0.0,0.0,1539.9271240234334,1717.7845458984355,0.0,0.0,0,0,28044.322265625,26943.000936329587,0.0,0.0,0,0.0,0.0,0,0.0,0.0,0.0,2,,,,,,,,,,,
88883,2025,1,2,74,72,0,3399.578857421875,0.0,0.0,-305.6098327636719,169.9117431640625,294.1582336425781,-48664.73498535156,-3177.4326171875,0,0,0.0,47415.59550561797,0.0,0.0,0,0.0,0.0,0,0.0,0.0,-22639.6875,2,,,,,,,,,,,
88884,2025,1,1,74,0,1,1626.298583984375,0.0,0.0,0.0,26710.240234374884,2061.34130859375,0.0,392832.87499999814,0,0,8680.939453124989,0.0,0.0,0.0,0,0.0,0.0,0,779.5443037974683,0.0,0.0,2,8.0,,,,,,,,,,
88885,2025,1,2,35,34,3,35311.1640625,0.0,3495098.5,863459.5,422441.53125,609678.2118002176,520596.0440673828,12124262.0,0,0,3784.080322265625,0.0,0.0,0.0,0,0.0,0.0,0,8120.253164556962,0.0,21419280.0,2,13.0,6.0,4.0,,,,,,,,
88886,2025,1,1,55,0,0,2600890.75,292259.6875,0.0,0.0,2179065.0,2649430.0,2322826.25,12734186.0,0,0,68074.390625,0.0,0.0,0.0,0,0.0,0.0,0,0.0,0.0,7776151.0,2,,,,,,,,,,,
88887,2025,1,2,50,57,3,110794.8671875,7984.955078125,124412.3046874999,0.0,7836.302062988281,8990.245788574219,0.0,15337.271484374964,0,0,0.0,0.0,0.0,0.0,0,0.0,0.0,0,0.0,0.0,1132698.12890625,2,14.0,12.0,9.0,,,,,,,,
88888,2025,1,1,33,0,1,70275.09375,48709.9453125,0.0,0.0,2.725534677505493,70.7322998046875,0.0,0.0,0,0,1431.3077392578125,0.0,0.0,0.0,0,8936.892010535557,0.0,0,8445.06329113924,0.0,84302.1953125,2,9.0,,,,,,,,,,
88889,2025,1,1,63,0,0,0.0,0.0,0.0,0.0,0.0,0.0,0.0,0.0,0,0,0.0,0.0,0.0,0.0,0,30605.794556628618,0.0,0,0.0,0.0,0.0,2,,,,,,,,,,,
88890,2025,1,2,35,37,4,36236.44140625,0.0,9562852.0,310793.90625,774816.6278700829,829526.7812185287,701705.1875,39928028.0,0,0,15501.6376953125,0.0,0.0,0.0,0,0.0,0.0,0,4547.341772151898,0.0,24063886.0,2,15.0,13.0,3.0,0.0,,,,,,,
88891,2025,1,2,35,35,3,856000.5624999967,0.0,0.0,-65646.984375,63941.69531249987,7914.796386718749,-339846.09375,116733.50488281244,0,0,0.0,0.0,0.0,0.0,0,0.0,0.0,0,0.0,0.0,-169629.25000000017,2,10.0,8.0,4.0,,,,,,,,
88892,2025,1,2,27,27,0,78360104.0,2584671.25,9932.814453125,0.0,6161914.0,2397561.0,2980928.25,17483270.0,0,0,1336067.75,0.0,0.0,0.0,0,0.0,0.0,0,0.0,0.0,41621804.0,2,,,,,,,,,,,
88893,2025,1,2,32,30,0,16643154.0,3260346.0,24713.26953125,0.0,4932927.384767532,13163763.465236902,6788130.5,49488056.0,0,0,176062.5,0.0,0.0,0.0,0,0.0,0.0,0,0.0,0.0,130905360.0,2,,,,,,,,,,,
88894,2025,1,1,27,0,0,15075.9072265625,0.0,0.0,0.0,0.0,0.0,0.0,0.0,0,0,0.0,0.0,0.0,0.0,0,0.0,0.0,0,0.0,0.0,0.0,2,,,,,,,,,,,
88895,2025,1,1,60,0,0,1061961.125,12972.580078125,0.0,0.0,23848.4296875,11317.16796875,0.0,95191.125,0,0,17804.072265625,0.0,0.0,0.0,0,14690.781387181736,0.0,0,0.0,0.0,65406.875,2,,,,,,,,,,,
88896,2025,1,1,69,0,0,0.0,0.0,0.0,0.0,0.0,40.41845703125,0.0,0.0,0,0,6295.4267578125,23443.220037453182,0.0,0.0,0,0.0,0.0,0,0.0,0.0,0.0,2,,,,,,,,,,,
88897,2025,1,2,58,52,0,119050.7734375,0.0,27848.916015625,0.0,1001.7904663085938,410.6542158126831,0.0,10060.2138671875,0,0,0.0,0.0,0.0,0.0,0,0.0,0.0,0,0.0,0.0,0.0,2,,,,,,,,,,,
88898,2025,1,2,50,56,0,25357.46875,0.0,155307.984375,0.0,13115.4853515625,914.6684694290161,0.0,35231.93359375,0,0,5529.55712890625,0.0,0.0,0.0,0,0.0,0.0,0,0.0,0.0,2150.576904296875,2,,,,,,,,,,,
88899,2025,1,2,55,56,0,3129.4013671875,0.0,7795.36328125,0.0,0.0,1.547378659248352,-1242.0313568115234,0.0,0,0,0.0,0.0,0.0,0.0,0,0.0,0.0,0,0.0,0.0,0.0,2,,,,,,,,,,,
88900,2025,1,1,37,0,2,38105.24609375,0.0,0.0,0.0,0.0,0.0,0.0,0.0,0,0,0.0,0.0,0.0,0.0,0,0.0,0.0,0,779.5443037974683,0.0,0.0,2,16.0,9.0,,,,,,,,,
88901,2025,1,1,65,0,0,8112500.0,309333.28125,0.0,0.0,9086933.0,661953.3125,53561.95703125,164211472.0,0,0,298829.125,45969.1011235955,0.0,0.0,0,0.0,0.0,0,0.0,0.0,21698472.0,2,,,,,,,,,,,
88902,2025,1,1,36,0,0,26827.9921875,0.0,0.0,0.0,0.0,0.0,0.0,0.0,0,0,0.0,0.0,0.0,0.0,0,9426.584723441614,0.0,0,0.0,0.0,0.0,2,,,,,,,,,,,
88903,2025,1,1,38,0,0,44396.765625,0.0,0.0,0.0,0.0,0.0,0.0,0.0,0,0,0.0,0.0,0.0,0.0,0,5264.196663740122,0.0,0,0.0,0.0,0.0,2,,,,,,,,,,,
88904,2025,1,1,47,0,0,29083.443359375,0.0,0.0,0.0,0.0,0.0,0.0,0.0,0,0,0.0,0.0,0.0,0.0,0,13466.549604916592,0.0,0,0.0,0.0,0.0,2,,,,,,,,,,,
88905,2025,1,1,47,0,0,52943.73828125,0.0,0.0,0.0,0.0,0.0,0.0,0.0,0,0,0.0,0.0,0.0,0.0,0,0.0,0.0,0,0.0,0.0,0.0,2,,,,,,,,,,,
88906,2025,1,1,77,0,0,681383.5,1001818.0,0.0,0.0,7623321.0,2395804.25,1696354.625,22116342.0,0,0,106358.96875,19748.325842696628,0.0,0.0,0,0.0,0.0,0,0.0,0.0,50290620.0,2,,,,,,,,,,,
88907,2025,1,1,74,0,0,0.0,0.0,0.0,0.0,517.8516235351562,282.92919921875,0.0,0.0,0,0,4771.02587890625,29224.089887640446,0.0,0.0,0,0.0,0.0,0,0.0,0.0,0.0,2,,,,,,,,,,,
88908,2025,1,2,27,27,2,119487.609375,0.0,60148.4140625,5723.87548828125,1312.3072814941406,746.9059143066406,0.0,2912.024169921865,0,0,0.0,0.0,0.0,0.0,0,0.0,0.0,0,0.0,0.0,201274.31249999983,2,6.0,1.0,,,,,,,,,
88909,2025,1,1,66,0,0,0.0,0.0,0.0,0.0,0.0,0.0,-433.9196472167969,-108.47991180419922,0,0,0.0,0.0,0.0,0.0,0,1591.5013169446881,0.0,0,0.0,0.0,0.0,2,,,,,,,,,,,
88910,2025,1,1,76,0,0,0.0,0.0,0.0,0.0,1703.459228515625,707.322998046875,0.0,0.0,0,0,11636.6484375,14886.838014981271,0.0,0.0,0,0.0,0.0,0,0.0,0.0,0.0,2,,,,,,,,,,,
88911,2025,1,1,77,0,0,0.0,0.0,0.0,0.0,0.0,10.1046142578125,0.0,0.0,0,0,0.0,12258.426966292134,0.0,0.0,0,0.0,0.0,0,0.0,0.0,0.0,2,,,,,,,,,,,
88912,2025,1,2,73,73,0,26609.232421875,0.0,32704.642578124916,0.0,12070.232910156248,7292.189056396484,0.0,32240.770431518555,0,0,10981.564697265623,63351.55056179775,0.0,0.0,0,0.0,0.0,0,0.0,0.0,6724.58447265625,2,,,,,,,,,,,
88913,2025,1,1,38,0,3,40123.281249999956,0.0,0.0,0.0,0.0,0.0,0.0,0.0,0,0,0.0,0.0,0.0,0.0,0,0.0,0.0,0,0.0,0.0,0.0,2,15.0,14.0,9.0,,,,,,,,
88914,2025,1,2,69,72,0,0.0,0.0,0.0,0.0,0.0,19.24453353881836,-1803.478515625,0.0,0,0,0.0,44473.57303370786,0.0,0.0,0,0.0,0.0,0,0.0,0.0,0.0,2,,,,,,,,,,,
88915,2025,1,1,75,0,0,0.0,0.0,0.0,0.0,0.0,0.0,-176.2798614501953,0.0,0,0,0.0,25043.966292134828,0.0,0.0,0,13466.549604916592,0.0,0,0.0,0.0,0.0,2,,,,,,,,,,,
88916,2025,1,1,51,0,0,0.0,-2404991.25,0.0,0.0,0.0,0.0,-9178757.0,-141973.09375,0,0,0.0,0.0,0.0,0.0,0,0.0,0.0,0,0.0,0.0,-23559930.0,2,,,,,,,,,,,
88917,2025,1,2,46,44,1,423506.125,2353477.25,83055.0859375,0.0,24704074.466506958,1767662.266506195,677999.4375,41085696.0,0,0,104094.34375,0.0,0.0,0.0,0,0.0,0.0,0,2165.4008438818564,0.0,24730028.0,2,6.0,,,,,,,,,,
88918,2025,1,1,73,0,0,0.0,0.0,0.0,0.0,408.8302307128906,333.4522705078125,0.0,0.0,0,0,0.0,9242.853932584268,0.0,0.0,0,0.0,0.0,0,0.0,0.0,0.0,2,,,,,,,,,,,
88919,2025,1,1,76,0,0,0.0,-189727.09375,0.0,0.0,0.0,0.0,-175466.265625,-5776.55517578125,0,0,0.0,13054.203183520598,0.0,0.0,0,0.0,0.0,0,0.0,0.0,-8443.201171875,2,,,,,,,,,,,
88920,2025,1,2,68,72,0,826029.5625,76888.7265625,0.0,0.0,154508.203125,44271.26364135742,-5086.180641174316,263754.6875,0,0,20417.4921875,43738.06741573033,0.0,0.0,0,0.0,0.0,0,0.0,0.0,761690.0,2,,,,,,,,,,,
88921,2025,1,2,46,31,3,92809.9453125,0.0,107652.1484375,0.0,1445.6899635791779,148.8227081298828,0.0,2540.924072265625,0,0,0.0,0.0,0.0,0.0,0,0.0,0.0,0,0.0,0.0,0.0,2,12.0,10.0,6.0,,,,,,,,
88922,2025,1,2,33,28,1,15340.478515625,0.0,13.09764289855957,-24370.546875,0.0,0.0,-107540.78214168549,-132662.625,0,0,0.0,0.0,0.0,0.0,0,0.0,0.0,0,0.0,0.0,-87710.8671875,2,2.0,,,,,,,,,,
88923,2025,1,2,35,40,2,71276.515625,0.0,8895.36328125,0.0,769.8915405273438,11.030508041381836,0.0,0.0,0,0,0.0,0.0,0.0,0.0,0,0.0,0.0,0,4547.341772151898,0.0,0.0,2,7.0,4.0,,,,,,,,,
88924,2025,1,2,66,35,0,58377.30078125,0.0,125156.25781249971,0.0,3739.4525146484375,1116.57568359375,0.0,4004.599914550777,0,0,9.771105766296387,15505.888576779025,0.0,0.0,0,0.0,0.0,0,0.0,0.0,0.0,2,,,,,,,,,,,
88925,2025,1,1,75,0,0,706905.75,660680.9375,0.0,0.0,19978170.0,3955956.75,1553974.75,48992240.0,0,0,117530.1484375,12050.033707865166,0.0,0.0,0,0.0,0.0,0,0.0,0.0,7873742.0,2,,,,,,,,,,,
88926,2025,1,2,42,43,1,235655.015625,0.0,159921.875,0.0,2079.0704803466797,865.4336471557617,0.0,2685.24169921875,0,0,0.0,0.0,0.0,0.0,0,0.0,0.0,0,0.0,0.0,179.9907684326172,2,13.0,,,,,,,,,,
88927,2025,1,2,50,46,2,122859.7265625,0.0,0.0,-28408.822265625,51.44198989868164,42.79085159301758,-456173.21154785156,-13630.734375,0,0,0.0,0.0,0.0,0.0,0,0.0,0.0,0,0.0,0.0,-4942377.5,2,18.0,15.0,,,,,,,,,
88928,2025,1,1,43,0,0,1187.079345703125,0.0,0.0,0.0,0.0,0.0,0.0,0.0,0,0,0.0,0.0,0.0,0.0,0,5264.196663740122,0.0,0,0.0,0.0,0.0,2,,,,,,,,,,,
88929,2025,1,1,68,0,0,0.0,0.0,0.0,0.0,109.02139282226562,50.5230712890625,0.0,0.0,0,0,0.0,15935.955056179773,0.0,0.0,0,6121.158911325723,0.0,0,0.0,0.0,0.0,2,,,,,,,,,,,
88930,2025,1,1,68,0,0,395297.40625,2365194.25,0.0,0.0,46579388.0,2277580.25,438530.0625,20706104.0,0,0,621513.375,14157.46161048689,0.0,0.0,0,0.0,0.0,0,0.0,0.0,8149904.5,2,,,,,,,,,,,
88931,2025,1,2,31,33,2,127331.0078125,4623.32177734375,4143.32958984375,0.0,2782.607421875,402.2039489746094,44.90724182128906,8257.2412109375,0,0,442.23095703125,0.0,0.0,0.0,0,0.0,0.0,0,9008.067510548522,0.0,627645.5,2,12.0,2.0,,,,,,,,,
88932,2025,1,2,31,27,2,0.0,-86575.2578125,31813.58984375,0.0,0.0,13.716805458068848,-114635.1875,-37366.27734375,0,0,0.0,0.0,0.0,0.0,0,0.0,0.0,0,216.54008438818565,0.0,-655234.625,2,4.0,3.0,,,,,,,,,
88933,2025,1,2,46,46,3,539437.125,0.0,82493.5390625,0.0,142.49755859375,213.01601600646973,-179.6006317138672,0.0,0,0,0.0,0.0,0.0,0.0,0,0.0,0.0,0,0.0,0.0,0.0,2,19.0,15.0,13.0,,,,,,,,
88934,2025,1,1,35,0,2,63390.03515625,24773.443359375,0.0,0.0,0.0,40.41845703125,0.0,0.0,0,0,0.0,0.0,0.0,0.0,0,15915.013169446882,0.0,0,5630.042194092826,0.0,0.0,2,12.0,9.0,,,,,,,,,
88935,2025,1,2,46,45,2,64584.44140625,0.0,117831.3203125,0.0,1297.052001953125,224.05247497558594,-5137.994140625,2151.97265625,0,0,0.0,0.0,0.0,0.0,0,0.0,0.0,0,0.0,0.0,3795.099365234375,2,12.0,8.0,,,,,,,,,
88936,2025,1,1,28,0,0,12108.208984375,0.0,0.0,0.0,0.0,0.0,0.0,0.0,0,0,0.0,0.0,0.0,0.0,0,0.0,0.0,0,0.0,0.0,0.0,2,,,,,,,,,,,
88937,2025,1,1,67,0,0,0.0,0.0,0.0,0.0,0.0,0.0,-257.6398010253906,0.0,0,0,0.0,13054.203183520598,0.0,0.0,0,4896.927129060579,0.0,0,0.0,0.0,0.0,2,,,,,,,,,,,
88938,2025,1,1,33,0,0,0.0,-29394.337890625,0.0,0.0,0.0,0.0,-33357.57421875,-15458.3876953125,0,0,0.0,0.0,0.0,0.0,0,6121.158911325723,0.0,0,0.0,0.0,-34766.125,2,,,,,,,,,,,
88939,2025,1,2,57,52,1,22147.8671875,0.0,86389.7890625,455.6608276367181,107.64819335937494,32.17689514160151,0.0,0.0,0,0,0.0,0.0,0.0,793.3333333333333,0,0.0,0.0,0,0.0,0.0,1721.1658935546711,2,16.0,,,,,,,,,,
88940,2025,1,1,47,0,0,21367428.0,1789379.125,0.0,0.0,1034340.4375,2442285.25,124616.296875,57060436.0,0,0,131261.390625,0.0,0.0,0.0,0,0.0,0.0,0,0.0,0.0,53778988.0,2,,,,,,,,,,,
88941,2025,1,1,41,0,1,57335.9296875,0.0,0.0,0.0,0.0,0.0,0.0,0.0,0,0,0.0,0.0,0.0,0.0,0,0.0,0.0,0,0.0,0.0,0.0,2,17.0,,,,,,,,,,
88942,2025,1,2,41,43,2,13847.5576171875,0.0,104369.8984375,0.0,82.63218688964844,136.19482421875,0.0,0.0,0,0,0.0,0.0,0.0,0.0,0,0.0,0.0,0,0.0,0.0,0.0,2,9.0,8.0,,,,,,,,,
88943,2025,1,2,43,50,3,62636.1328125,0.0,22848.92578125,0.0,972.487060546875,235.48077392578125,0.0,2058.44921875,0,0,0.0,0.0,0.0,0.0,0,0.0,0.0,0,10827.004219409282,0.0,0.0,2,8.0,5.0,5.0,,,,,,,,
88944,2025,1,2,41,38,1,25109832.0,197400.1875,806404.125,11998.958984375,11631480.30859375,561863.08984375,138856.234375,29596239.234375,0,0,325524.03125,0.0,0.0,0.0,0,0.0,0.0,0,0.0,0.0,6217877.0625,2,9.0,,,,,,,,,,
88945,2025,1,1,60,0,0,59710.08984375,0.0,0.0,0.0,272.553466796875,50.5230712890625,0.0,0.0,0,0,0.0,0.0,0.0,0.0,0,0.0,0.0,0,0.0,0.0,0.0,2,,,,,,,,,,,
88946,2025,1,2,54,56,1,151889.046875,0.0,363558.625,0.0,1784.001132965088,592.4274520874023,0.0,2624.074951171875,0,0,0.0,0.0,0.0,0.0,0,0.0,0.0,0,0.0,0.0,0.0,2,15.0,,,,,,,,,,
88947,2025,1,2,45,18,1,54511.7578125,0.0,7408.14697265625,0.0,0.0,1.909518837928772,0.0,0.0,0,0,0.0,0.0,0.0,0.0,0,1224.2317822651448,0.0,0,0.0,0.0,0.0,2,12.0,,,,,,,,,,
88948,2025,1,1,41,0,0,0.0,0.0,0.0,0.0,0.0,0.0,0.0,0.0,0,0,0.0,0.0,0.0,0.0,0,0.0,0.0,0,0.0,0.0,0.0,2,,,,,,,,,,,
88949,2025,1,1,73,0,0,13888.82812499997,0.0,0.0,0.0,449.7132263183576,798.264526367187,0.0,0.0,0,0,39564.60546874997,0.0,0.0,0.0,0,48.96927129060579,0.0,0,0.0,0.0,0.0,2,,,,,,,,,,,
88950,2025,1,1,64,0,0,2504.7373046875,0.0,0.0,0.0,0.0,0.0,0.0,0.0,0,0,0.0,0.0,0.0,0.0,0,9426.584723441614,0.0,0,0.0,0.0,0.0,2,,,,,,,,,,,
88951,2025,1,2,53,52,0,0.0,-593535.875,0.0,-110830.4296875,0.0,0.0,-9542273.1875,-75187.380859375,0,0,0.0,0.0,0.0,0.0,0,0.0,0.0,0,0.0,0.0,-4801952.46875,2,,,,,,,,,,,
88952,2025,1,1,70,0,0,0.0,0.0,0.0,0.0,10615.9580078125,1647.05224609375,0.0,5247.7158203125,0,0,12218.4814453125,20690.181647940073,0.0,0.0,0,0.0,0.0,0,0.0,0.0,0.0,2,,,,,,,,,,,
88953,2025,1,2,29,27,1,0.0,-17362.517578125,332604.15625,97802.0390625,8237.912109375,11569.2880859375,-17202137.337768555,18672.3984375,0,0,8374.8330078125,0.0,0.0,0.0,0,0.0,0.0,0,0.0,0.0,-3740922.1875,2,0.0,,,,,,,,,,
88954,2025,1,2,61,62,1,97100.6328125,0.0,24019.47265625,0.0,170.04176330566406,100.55400589108467,-49720.1162109375,0.0,0,0,0.0,0.0,0.0,0.0,0,0.0,0.0,0,0.0,0.0,-24.208900451660156,2,19.0,,,,,,,,,,
88955,2025,1,1,71,0,0,0.0,0.0,0.0,0.0,231.6704559326172,141.464599609375,0.0,0.0,0,0,27811.58984375,20430.711610486887,0.0,0.0,0,0.0,0.0,0,0.0,0.0,0.0,2,,,,,,,,,,,
88956,2025,1,1,75,0,0,706905.75,660680.9375,0.0,0.0,19978170.0,3955956.75,1553974.75,48992240.0,0,0,117530.1484375,23291.011235955055,0.0,0.0,0,0.0,0.0,0,0.0,0.0,7873742.0,2,,,,,,,,,,,
88957,2025,1,2,43,47,0,56203.51953125,0.0,200460.578125,0.0,5606.0552978515625,1255.1883239746094,0.0,11913.300720214844,0,0,0.0,0.0,0.0,0.0,0,0.0,0.0,0,0.0,0.0,49052.18921661377,2,,,,,,,,,,,
88958,2025,1,1,28,0,3,22673.21484375,0.0,0.0,0.0,0.0,0.0,0.0,0.0,0,0,0.0,0.0,0.0,0.0,0,1591.5013169446881,0.0,0,0.0,0.0,0.0,2,8.0,5.0,4.0,,,,,,,,
88959,2025,1,1,66,0,0,0.0,0.0,0.0,0.0,3338.780029296875,313.2430419921875,0.0,0.0,0,0,10531.1669921875,3787.8539325842694,0.0,0.0,0,0.0,0.0,0,0.0,0.0,0.0,2,,,,,,,,,,,
88960,2025,1,2,28,27,1,74431.609375,0.0,1230.739990234375,0.0,0.0,34.790283203125,-0.5356602072715759,0.0,0,0,0.0,0.0,0.0,0.0,0,0.0,0.0,0,0.0,0.0,0.0,2,4.0,,,,,,,,,,
88961,2025,1,2,50,52,2,0.0,-29602.951171875,29266484.0,223664.859375,1144273.875,7605682.5,1203416.890625,88004379.8984375,0,0,177072.796875,0.0,0.0,0.0,0,0.0,0.0,0,0.0,0.0,37164792.796875,2,21.0,18.0,,,,,,,,,
88962,2025,1,1,85,0,0,0.0,0.0,0.0,0.0,11133.8095703125,3061.6982421874877,0.0,28611.57812499986,0,0,29091.621093749938,23730.271535580523,0.0,0.0,0,0.0,0.0,0,0.0,0.0,0.0,2,,,,,,,,,,,
88963,2025,1,2,60,56,0,103280.34375,0.0,12218.943359375,0.0,1425.4769287109375,508.00131726264954,0.0,4425.037109375,0,0,145.5795135498047,0.0,0.0,0.0,0,0.0,0.0,0,0.0,0.0,62.29226303100586,2,,,,,,,,,,,
88964,2025,1,1,28,0,0,44159.3515625,0.0,0.0,0.0,0.0,0.0,0.0,0.0,0,0,0.0,0.0,0.0,0.0,0,6121.158911325723,0.0,0,0.0,0.0,0.0,2,,,,,,,,,,,
88965,2025,1,2,52,52,2,143391.703125,0.0,5048.24853515625,-58.51499557495117,146.5618896484375,101.046142578125,-6578.29443359375,87.5652847290039,0,0,0.0,0.0,0.0,0.0,0,0.0,0.0,0,0.0,0.0,-44189.1328125,2,11.0,9.0,,,,,,,,,
88966,2025,1,1,72,0,0,28015.072265625,23434.337890625,0.0,0.0,119105.8671875,17177.845703125,854.279296875,1734322.625,0,0,44102.8984375,20839.325842696628,0.0,0.0,0,0.0,0.0,0,0.0,0.0,688744.8125,2,,,,,,,,,,,
88967,2025,1,1,45,0,1,25047.373046875,0.0,0.0,0.0,0.0,0.0,0.0,0.0,0,0,0.0,0.0,0.0,0.0,0,15915.013169446882,0.0,0,0.0,0.0,0.0,2,15.0,,,,,,,,,,
88968,2025,1,1,26,0,2,16262.986328125,0.0,0.0,0.0,0.0,0.0,0.0,0.0,0,0,0.0,0.0,0.0,0.0,0,7345.390693590868,0.0,0,0.0,0.0,0.0,2,6.0,4.0,,,,,,,,,
88969,2025,1,2,51,58,2,22241.212890625,0.0,29022.228515625,0.0,50.31997299194336,66.07027781009674,-232.88510131835938,0.0,0,0,0.0,0.0,0.0,0.0,0,0.0,0.0,0,0.0,0.0,0.0,2,19.0,17.0,,,,,,,,,
88970,2025,1,2,71,68,0,0.0,0.0,41846.53515624994,0.0,1333.9517822265555,969.5945806503237,-2409.416015625,2963.0390624999936,0,0,0.0,40538.61797752808,0.0,0.0,0,0.0,0.0,0,0.0,0.0,0.0,2,,,,,,,,,,,
88971,2025,1,2,70,66,0,0.0,-108323.984375,131571.796875,0.0,16572.3359375,7247.9140625,-353308.09375,-1787533.0390625,0,0,99.18965911865234,14710.11235955056,0.0,0.0,0,0.0,0.0,0,0.0,0.0,-664114.26171875,2,,,,,,,,,,,
88972,2025,1,1,76,0,0,0.0,0.0,0.0,0.0,0.0,141.464599609375,0.0,0.0,0,0,5911.41748046875,0.0,0.0,0.0,0,0.0,0.0,0,0.0,0.0,0.0,2,,,,,,,,,,,
88973,2025,1,2,46,48,2,3256901.75,56835.390625,47452.15234375,0.0,134807.65625,45585.8054728508,0.0,2243329.5,0,0,75.06079864501953,0.0,0.0,0.0,0,0.0,0.0,0,0.0,0.0,1460791.0,2,17.0,13.0,,,,,,,,,
88974,2025,1,2,47,49,0,145647.90625,1940.2852783203125,0.0,-1943291.125,20649.3359375,13911.783203125,-7392040.0,-16816.8046875,0,0,5933.822265625,0.0,0.0,0.0,0,14690.781387181736,0.0,0,0.0,0.0,-646689.265625,2,,,,,,,,,,,
88975,2025,1,2,39,19,1,23490.13671875,-457801.0,15071.5390625,5119.25732421875,50.68912887573242,63.999687194823835,-3929389.25,-126203.78125,0,0,0.0,0.0,0.0,0.0,0,0.0,0.0,0,0.0,0.0,-9722277.0,2,15.0,,,,,,,,,,
88976,2025,1,1,40,0,0,0.0,-250742.609375,0.0,0.0,0.0,0.0,-500092.40625,-1253485.375,0,0,0.0,0.0,0.0,0.0,0,19587.708516242317,0.0,0,0.0,0.0,-1699619.125,2,,,,,,,,,,,
88977,2025,1,2,23,23,0,52187.65625,0.0,3078.705322265625,0.0,18821.814453125,2523.320556640621,-1469.1480712890625,181414.23437499977,0,0,954.2038574218633,0.0,0.0,0.0,0,6733.274802458296,0.0,0,0.0,0.0,407008.1562499997,2,,,,,,,,,,,
88978,2025,1,1,50,0,1,40598.11328125,0.0,0.0,0.0,0.0,0.0,0.0,0.0,0,0,0.0,0.0,0.0,0.0,0,7345.390693590868,0.0,0,0.0,0.0,0.0,2,17.0,,,,,,,,,,
88979,2025,1,1,34,0,0,107074.5546875,0.0,0.0,0.0,354.31951904296875,191.9876708984375,0.0,0.0,0,0,0.0,0.0,0.0,0.0,0,12242.317822651446,0.0,0,0.0,0.0,0.0,2,,,,,,,,,,,
88980,2025,1,1,30,0,0,78703.359375,0.0,0.0,0.0,0.0,0.0,0.0,0.0,0,0,0.0,0.0,0.0,0.0,0,10528.393327480244,0.0,0,0.0,0.0,0.0,2,,,,,,,,,,,
88981,2025,1,2,61,61,0,46943.796875,0.0,0.0,-721723.5,200.55445861816406,191.9876708984375,-751646.5,-46839.25390625,0,0,0.0,0.0,0.0,0.0,0,0.0,0.0,0,0.0,0.0,-914203.0,2,,,,,,,,,,,
88982,2025,1,1,58,0,0,79534.31249999999,0.0,0.0,0.0,190.78742980956955,313.24304199218676,0.0,0.0,0,0,2967.345458984375,0.0,0.0,0.0,0,0.0,0.0,0,0.0,0.0,0.0,2,,,,,,,,,,,
88983,2025,1,1,85,0,0,2139117.0,553217.8125,0.0,0.0,18356476.0,711061.75,2847597.75,24285940.0,0,0,580203.3125,44926.113295880146,0.0,0.0,0,0.0,0.0,0,0.0,0.0,5789027.5,2,,,,,,,,,,,
88984,2025,1,1,78,0,0,0.0,-607037.625,0.0,0.0,0.0,0.0,-2659114.0,-36476.37109375,0,0,0.0,15935.955056179773,0.0,0.0,0,0.0,0.0,0,0.0,0.0,-33328428.0,2,,,,,,,,,,,
88985,2025,1,1,68,0,2,2469.125,0.0,0.0,0.0,13.627674102783203,4688.541015625,0.0,337914.9375,0,0,16058.5751953125,51055.32677902621,0.0,0.0,0,0.0,0.0,0,0.0,0.0,0.0,2,7.0,6.0,,,,,,,,,
88986,2025,1,1,27,0,0,0.0,-2155139.5,0.0,0.0,0.0,0.0,-112683.5078125,-1556686.75,0,0,0.0,0.0,0.0,0.0,0,9426.584723441614,0.0,0,0.0,0.0,-4103971.0,2,,,,,,,,,,,
88987,2025,1,1,41,0,0,9710.30859375,0.0,0.0,0.0,0.0,0.0,0.0,0.0,0,0,0.0,0.0,0.0,0.0,0,3672.695346795434,0.0,0,0.0,0.0,0.0,2,,,,,,,,,,,
88988,2025,1,2,53,54,2,331696.96875,68.49072265624962,523520.34375,0.0,19097.529296874993,6102.441894531248,11.941165924072152,95521.62890624994,0,0,0.0,0.0,0.0,0.0,0,0.0,0.0,0,0.0,0.0,32571.259622573853,2,13.0,12.0,,,,,,,,,
88989,2025,1,2,66,66,0,58377.30078125,0.0,33833.13671875,0.0,6662.3709716796875,2995.7962036132812,0.0,19660.5419921875,0,0,0.0,43517.415730337074,0.0,0.0,0,0.0,0.0,0,0.0,0.0,0.0,2,,,,,,,,,,,
88990,2025,1,1,67,0,0,0.0,0.0,0.0,0.0,20986.6171875,6446.744140624987,0.0,71867.9453125,0,0,10973.35937499998,7894.426966292134,0.0,0.0,0,4896.927129060579,0.0,0,0.0,0.0,0.0,2,,,,,,,,,,,
88991,2025,1,1,21,0,0,0.0,0.0,0.0,0.0,0.0,0.0,-20882.3828125,0.0,0,0,0.0,0.0,0.0,0.0,0,10405.97014925373,0.0,0,0.0,0.0,-3345.91259765625,2,,,,,,,,,,,
88992,2025,1,2,63,68,0,0.0,-10413.9619140625,0.0,0.0,0.0,17.05729866027832,-497423.0721435547,-52021.1640625,0,0,0.0,33463.462546816474,0.0,0.0,0,0.0,0.0,0,0.0,0.0,-4419174.5,2,,,,,,,,,,,
88993,2025,1,1,85,0,0,0.0,0.0,0.0,0.0,0.0,0.0,-7593.59375,-623.759521484375,0,0,0.0,12307.460674157302,0.0,0.0,0,4039.9648814749776,0.0,0,0.0,0.0,0.0,2,,,,,,,,,,,
88994,2025,1,2,74,75,0,32664.781249999953,0.0,0.0,0.0,626.7841796874987,292.8977375030514,-1417.896728515625,1632.6611328124884,0,0,2093.225585937497,0.0,0.0,0.0,0,0.0,0.0,0,0.0,0.0,0.0,2,,,,,,,,,,,
88995,2025,1,1,50,0,0,413815.84375,520744.5,0.0,0.0,149631.859375,1453043.625,1727542.625,47053164.0,0,0,55623.1796875,0.0,0.0,0.0,0,0.0,0.0,0,0.0,0.0,65614516.0,2,,,,,,,,,,,
88996,2025,1,1,52,0,0,238365.515625,1121.50048828125,0.0,0.0,790.4050903320312,383.975341796875,0.0,1979.7584228515625,0,0,0.0,0.0,0.0,0.0,0,0.0,0.0,0,0.0,0.0,96553.0078125,2,,,,,,,,,,,
88997,2025,1,1,43,0,2,21723.55078125,0.0,0.0,0.0,0.0,0.0,0.0,0.0,0,0,0.0,0.0,0.0,0.0,0,0.0,0.0,0,0.0,0.0,0.0,2,5.0,3.0,,,,,,,,,
88998,2025,1,2,48,46,0,351239.03125,0.0,3808.789794921875,0.0,23810.70117187499,3448.4291992187386,-8243.0859375,109855.10937499955,0,0,623.3378295898384,0.0,0.0,0.0,0,18363.47673397717,0.0,0,0.0,0.0,177264.4502105711,2,,,,,,,,,,,
88999,2025,1,2,78,74,0,18614008.0,960640.5,0.0,0.0,22949002.0,1820851.5,186585.453125,29642136.0,0,0,177924.359375,45086.494382022465,0.0,0.0,0,0.0,0.0,0,0.0,0.0,42788752.0,2,,,,,,,,,,,
89000,2025,1,2,67,51,1,0.0,0.0,834.1892700195312,0.0,707.532696723938,454.39300537109375,-7785.914539337158,7100.99609375,0,0,0.0,20997.6638576779,0.0,0.0,0,0.0,0.0,0,0.0,0.0,1453.29345703125,2,50.0,,,,,,,,,,
89001,2025,1,2,55,65,0,202139.421875,53566.2578125,0.0,-4525217.5,32803.30859375,4634.09375,-6741034.5,-960921.84375,0,0,32688.849609375,21158.044943820223,0.0,0.0,0,0.0,0.0,0,0.0,0.0,-160730.8125,2,,,,,,,,,,,
89002,2025,1,1,40,0,0,10541.263671875,0.0,0.0,0.0,0.0,0.0,0.0,0.0,0,0,0.0,0.0,0.0,0.0,0,0.0,0.0,0,0.0,0.0,0.0,2,,,,,,,,,,,
89003,2025,1,1,50,0,0,206314.375,11348.9150390625,0.0,0.0,173889.125,23947.9375,0.0,1357354.875,0,0,0.0,0.0,0.0,0.0,0,0.0,0.0,0,0.0,0.0,76619.484375,2,,,,,,,,,,,
89004,2025,1,1,74,0,0,0.0,0.0,0.0,0.0,0.0,0.0,-4583.2763671875,-108.47991180419922,0,0,0.0,0.0,0.0,0.0,0,122.42317822651447,0.0,0,0.0,0.0,0.0,2,,,,,,,,,,,
89005,2025,1,2,71,70,1,0.0,0.0,0.0,0.0,69.21038818359375,16.76040029525757,0.0,0.0,0,0,0.0,26649.820224719097,0.0,0.0,0,0.0,0.0,0,0.0,0.0,0.0,2,13.0,,,,,,,,,,
89006,2025,1,2,44,43,2,8828.4208984375,0.0,0.0,-55883.78125,0.0,0.0,-4669028.0,-528.497314453125,0,0,0.0,0.0,0.0,0.0,0,0.0,0.0,0,0.0,0.0,-5876024.0,2,13.0,10.0,,,,,,,,,
89007,2025,1,2,56,51,3,73739.8984375,0.0,0.0,0.0,25.83504295349121,63.25402069091797,-1027.412109375,0.0,0,0,0.0,0.0,0.0,0.0,0,11997.471466198418,0.0,0,0.0,0.0,-15.502082824707031,2,15.0,10.0,9.0,,,,,,,,
89008,2025,1,2,57,57,0,62096.1953125,0.0,167937.15625,1006.2105712890625,41075.79977416992,14702.807132720947,0.0,524230.03125,0,0,13878.8955078125,0.0,0.0,0.0,0,0.0,0.0,0,0.0,0.0,179536.734375,2,,,,,,,,,,,
89009,2025,1,1,41,0,3,32407.265625,0.0,0.0,0.0,0.0,0.0,0.0,0.0,0,0,0.0,0.0,0.0,0.0,0,12242.317822651446,0.0,0,5305.232067510548,0.0,0.0,2,16.0,9.0,6.0,,,,,,,,
89010,2025,1,1,71,0,0,0.0,0.0,0.0,0.0,0.0,80.8369140625,0.0,0.0,0,0,21062.333984375,36775.2808988764,0.0,0.0,0,10528.393327480244,0.0,0,0.0,0.0,0.0,2,,,,,,,,,,,
89011,2025,1,2,41,39,1,44324.2109375,0.0,0.0,-5591302.5,0.0,0.0,-179220.31811523438,-1302216.25,0,0,0.0,0.0,0.0,0.0,0,0.0,0.0,0,0.0,0.0,-706070.0,2,20.0,,,,,,,,,,
89012,2025,1,2,56,50,0,154742.484375,7503.73095703125,49.44217300415039,-60563.01953125,65148.79296875,20301.98046875,-1792113.875,390720.375,0,0,33581.31640625,0.0,0.0,0.0,0,0.0,0.0,0,0.0,0.0,-903541.5,2,,,,,,,,,,,
89013,2025,1,1,35,0,0,0.0,-26722.125,0.0,0.0,0.0,0.0,-4854476.0,-15051.587890625,0,0,0.0,0.0,0.0,0.0,0,6121.158911325723,0.0,0,0.0,0.0,-4548350.0,2,,,,,,,,,,,
89014,2025,1,1,76,0,0,0.0,0.0,0.0,0.0,0.0,141.464599609375,0.0,0.0,0,0,5911.41748046875,19857.630149812732,0.0,0.0,0,10528.393327480244,0.0,0,0.0,0.0,0.0,2,,,,,,,,,,,
89015,2025,1,2,59,49,1,101817.2421875,0.0,73585.60156249996,241.89518737792778,723.5704040527341,169.3295669555663,0.0,58.004207611083416,0,0,0.0,0.0,0.0,0.0,0,0.0,0.0,0,0.0,0.0,0.0,2,27.0,,,,,,,,,,
89016,2025,1,1,33,0,1,44159.3515625,0.0,0.0,0.0,0.0,0.0,0.0,0.0,0,0,0.0,0.0,0.0,0.0,0,0.0,0.0,0,2273.670886075949,0.0,0.0,2,12.0,,,,,,,,,,
89017,2025,1,2,60,61,0,0.0,-1300516.375,10907.712890625,0.0,0.0,7.602570056915283,-191779.09283447266,-12001.4814453125,0,0,0.0,0.0,0.0,0.0,0,0.0,0.0,0,0.0,0.0,-589396.0,2,,,,,,,,,,,
89018,2025,1,1,64,0,0,0.0,0.0,0.0,0.0,0.0,0.0,0.0,0.0,0,0,0.0,11682.280898876403,0.0,0.0,0,0.0,0.0,0,0.0,0.0,0.0,2,,,,,,,,,,,
89019,2025,1,2,60,60,0,8018.40234375,0.0,85429.02343749997,6.035979747772131,4575.991210937498,1869.0274054408037,-90.66200256347656,67437.52343749978,0,0,4497.899902343744,0.0,0.0,0.0,0,0.0,0.0,0,0.0,0.0,62771.917968749425,2,,,,,,,,,,,
89020,2025,1,1,44,0,0,148978.453125,7917.458984375,0.0,0.0,81.76604461669922,131.3599853515625,0.0,0.0,0,0,0.0,0.0,0.0,0.0,0,15915.013169446882,0.0,0,0.0,0.0,0.0,2,,,,,,,,,,,
89021,2025,1,2,75,69,0,13591587.0,1083838.125,29783.957031249913,0.0,4950934.450073242,2414520.033508301,30424.591796875,192416546.2937317,0,0,977505.037109375,27581.4606741573,0.0,0.0,0,0.0,0.0,0,0.0,0.0,4132347.954345703,2,,,,,,,,,,,
89022,2025,1,1,49,0,1,68494.47656249999,0.0,0.0,0.0,0.0,0.0,0.0,0.0,0,0,0.0,0.0,0.0,0.0,0,0.0,0.0,0,0.0,0.0,0.0,2,14.0,,,,,,,,,,
89023,2025,1,1,55,0,0,16856.525390625,0.0,0.0,0.0,0.0,0.0,0.0,0.0,0,0,0.0,0.0,0.0,0.0,0,2326.040386303775,0.0,0,0.0,0.0,0.0,2,,,,,,,,,,,
89024,2025,1,2,41,41,3,30203.48046875,0.0,4946.30908203125,0.0,0.0,0.0,-6551.543411254883,0.0,0,0,0.0,0.0,0.0,0.0,0,0.0,0.0,0,0.0,0.0,0.0,2,16.0,15.0,13.0,,,,,,,,
89025,2025,1,2,40,41,4,9384.4072265625,0.0,110436.875,0.0,255.08099365234375,92.23923349380493,0.0,13.190522193908691,0,0,0.0,0.0,0.0,0.0,0,0.0,0.0,0,0.0,0.0,0.0,2,17.0,15.0,12.0,9.0,,,,,,,
89026,2025,1,1,61,0,0,0.0,-46763.71875,0.0,0.0,0.0,0.0,-1151243.125,-42849.56640625,0,0,0.0,0.0,0.0,0.0,0,0.0,0.0,0,0.0,0.0,-3126337.25,2,,,,,,,,,,,
89027,2025,1,1,30,0,0,4748.3173828125,0.0,0.0,0.0,0.0,0.0,0.0,0.0,0,0,0.0,0.0,0.0,0.0,0,0.0,0.0,0,0.0,0.0,0.0,2,,,,,,,,,,,
89028,2025,1,1,47,0,0,48670.25,0.0,0.0,0.0,0.0,0.0,0.0,0.0,0,0,0.0,0.0,0.0,0.0,0,14690.781387181736,0.0,0,0.0,0.0,0.0,2,,,,,,,,,,,
89029,2025,1,2,72,68,0,557775.937499999,232.79617309570145,4964.90380859375,0.0,33185.37420654292,8849.220703125,0.0,370799.0935974116,0,0,2920.0971679687427,0.0,0.0,0.0,0,0.0,0.0,0,0.0,0.0,176600.109375,2,,,,,,,,,,,
89030,2025,1,1,21,0,1,87487.7421875,439561.25,0.0,0.0,585.989990234375,1420708.875,0.0,1860430.5,0,0,6318.7001953125,0.0,0.0,0.0,0,6733.274802458296,0.0,0,0.0,0.0,116694.171875,2,3.0,,,,,,,,,,
89031,2025,1,1,83,0,0,0.0,-83061.2734375,0.0,0.0,0.0,0.0,-1529566.75,-381984.90625,0,0,0.0,0.0,0.0,0.0,0,734.5390693590869,0.0,0,0.0,0.0,-58814.87109375,2,,,,,,,,,,,
89032,2025,1,2,76,69,0,0.0,0.0,0.0,0.0,57.76373291015625,65.43315887451172,-1.6867454051971436,0.0,0,0,0.0,24516.85393258427,0.0,0.0,0,0.0,0.0,0,0.0,0.0,0.0,2,,,,,,,,,,,
89033,2025,1,2,46,20,0,52100.91015625,0.0,6654.67236328125,0.0,56.164451599121094,17.024630546569824,0.0,0.0,0,0,0.0,0.0,0.0,0.0,0,0.0,0.0,0,0.0,0.0,0.0,2,,,,,,,,,,,
89034,2025,1,1,64,0,0,178061.890625,6662.0478515625,0.0,0.0,4715.17529296875,3839.753662109375,0.0,39730.76953125,0,0,18967.736328125,0.0,0.0,0.0,0,0.0,0.0,0,0.0,0.0,23048.13671875,2,,,,,,,,,,,
89035,2025,1,2,38,36,1,377142.375,0.0,304804.40625,0.0,1600.6475219726562,200.00567626953125,-17967.8779296875,0.0,0,0,0.0,0.0,0.0,0.0,0,12242.317822651446,0.0,0,0.0,0.0,0.0,2,4.0,,,,,,,,,,
89036,2025,1,1,34,0,0,43921.93359375,0.0,0.0,0.0,0.0,0.0,0.0,0.0,0,0,0.0,0.0,0.0,0.0,0,0.0,0.0,0,0.0,0.0,0.0,2,,,,,,,,,,,
89037,2025,1,2,60,62,0,66579.875,0.0,17304706.0,709551.3125,4846013.072143555,846257.3933105469,2714721.25,99796590.48876953,0,0,104097.26678466797,0.0,0.0,0.0,0,0.0,0.0,0,0.0,0.0,54930720.0,2,,,,,,,,,,,
89038,2025,1,2,55,57,0,24356.302734375,0.0,21068.296875,0.0,17.806047439575195,21.020228385925293,0.0,0.0,0,0,0.0,0.0,0.0,0.0,0,0.0,0.0,0,0.0,0.0,0.0,2,,,,,,,,,,,
89039,2025,1,2,61,61,0,0.0,0.0,95472.46093749987,0.0,3155.913574218748,740.3491821289047,-7413.38330078125,6392.3095703125,0,0,2480.9374999999877,0.0,0.0,0.0,0,0.0,0.0,0,0.0,0.0,14258.834960937475,2,,,,,,,,,,,
89040,2025,1,2,69,70,0,0.0,0.0,0.0,0.0,0.0,47.523738861083984,-25.73381233215332,0.0,0,0,0.0,35500.40449438202,0.0,0.0,0,0.0,0.0,0,0.0,0.0,0.0,2,,,,,,,,,,,
89041,2025,1,2,53,57,0,43948.18359375,0.0,0.0,-220733.046875,48.5976448059082,17.105484008789062,-2015555.875,-222519.421875,0,0,0.0,0.0,0.0,0.0,0,0.0,0.0,0,0.0,0.0,-3339994.0,2,,,,,,,,,,,
89042,2025,1,1,66,0,0,0.0,0.0,0.0,0.0,0.0,0.0,-433.9196472167969,-108.47991180419922,0,0,0.0,20520.606741573032,0.0,0.0,0,0.0,0.0,0,0.0,0.0,0.0,2,,,,,,,,,,,
89043,2025,1,1,38,0,0,15906.8623046875,0.0,0.0,0.0,0.0,0.0,0.0,0.0,0,0,0.0,0.0,0.0,0.0,0,0.0,0.0,0,0.0,0.0,0.0,2,,,,,,,,,,,
89044,2025,1,1,59,0,1,0.0,-647566.1875,0.0,0.0,0.0,0.0,-1918738.5,-253843.0,0,0,0.0,0.0,0.0,0.0,0,0.0,0.0,0,0.0,0.0,-41144272.0,2,13.0,,,,,,,,,,
89045,2025,1,1,19,0,0,21604.84375,0.0,0.0,0.0,0.0,0.0,0.0,0.0,0,0,0.0,0.0,0.0,0.0,0,0.0,0.0,0,0.0,0.0,0.0,2,,,,,,,,,,,
89046,2025,1,2,72,65,1,1050.6048583984375,0.0,0.0,-1182049.5,24.097333908081055,30.313844680786133,-143655.609375,-3311.398681640625,0,0,0.0,58656.57303370786,0.0,0.0,0,0.0,0.0,0,0.0,0.0,-1132075.5,2,7.0,,,,,,,,,,
89047,2025,1,2,56,42,0,5199.0791015625,-3451.494873046875,87751.578125,0.0,112.95471954345703,56.3353385925293,-11303.677734375,0.0,0,0,0.0,0.0,0.0,0.0,0,0.0,0.0,0,0.0,0.0,-21976.6328125,2,,,,,,,,,,,
89048,2025,1,1,79,0,0,0.0,0.0,0.0,0.0,0.0,0.0,0.0,0.0,0,0,0.0,22002.854868913855,0.0,0.0,0,0.0,0.0,0,0.0,0.0,0.0,2,,,,,,,,,,,
89049,2025,1,2,56,53,0,0.0,-272506.21875,79970.734375,0.0,1667.6729736328125,224.5454559326172,-1526129.75,-465967.8093261719,0,0,0.0,0.0,0.0,0.0,0,0.0,0.0,0,0.0,0.0,-9228023.458618164,2,,,,,,,,,,,
89050,2025,1,1,28,0,0,37392.99609375,0.0,0.0,0.0,0.0,0.0,0.0,0.0,0,0,0.0,0.0,0.0,0.0,0,13466.549604916592,0.0,0,0.0,0.0,0.0,2,,,,,,,,,,,
89051,2025,1,1,75,0,0,0.0,0.0,0.0,0.0,36658.44140624986,5193.771972656249,0.0,42713.96484374997,0,0,20945.966796874978,32779.033707865165,0.0,0.0,0,0.0,0.0,0,0.0,0.0,0.0,2,,,,,,,,,,,
89052,2025,1,1,70,0,0,0.0,0.0,0.0,0.0,0.0,10.1046142578125,0.0,0.0,0,0,0.0,23438.11235955056,0.0,0.0,0,0.0,0.0,0,0.0,0.0,0.0,2,,,,,,,,,,,
89053,2025,1,1,28,0,0,37392.99609375,0.0,0.0,0.0,0.0,0.0,0.0,0.0,0,0,0.0,0.0,0.0,0.0,0,0.0,0.0,0,0.0,0.0,0.0,2,,,,,,,,,,,
89054,2025,1,1,66,0,0,0.0,0.0,0.0,0.0,0.0,0.0,-433.9196472167969,-108.47991180419922,0,0,0.0,26538.472846441946,0.0,0.0,0,0.0,0.0,0,0.0,0.0,0.0,2,,,,,,,,,,,
89055,2025,1,1,65,0,0,6410.22802734375,0.0,0.0,0.0,68.13836669921875,50.5230712890625,0.0,0.0,0,0,19665.935546875,20409.259363295878,0.0,0.0,0,0.0,0.0,0,0.0,0.0,0.0,2,,,,,,,,,,,
89056,2025,1,1,41,0,3,103750.7265625,26447.32421875,0.0,0.0,27.255348205566406,30.313844680786133,0.0,94.919921875,0,0,7400.90869140625,0.0,0.0,0.0,0,0.0,0.0,0,0.0,0.0,0.0,2,14.0,9.0,7.0,,,,,,,,
89057,2025,1,1,73,0,0,0.0,0.0,0.0,0.0,15262.995117187435,6992.393554687488,0.0,13559.989257812485,0,0,14313.078124999969,19000.561797752805,0.0,0.0,0,0.0,0.0,0,0.0,0.0,0.0,2,,,,,,,,,,,
89058,2025,1,2,32,30,1,0.0,-5853.65380859375,50138.98046874998,1787.5238037109375,96.61474609374976,167.31062316894497,-81146.890625,396.02212524413545,0,0,0.0,0.0,0.0,0.0,0,0.0,0.0,0,0.0,0.0,-100372.52050781263,2,2.0,,,,,,,,,,
89059,2025,1,2,75,73,0,13591587.0,1083838.125,0.0,0.0,4950047.5,2413992.5,30333.065505981445,192416240.0,0,0,974685.6875,21938.49812734082,0.0,0.0,0,0.0,0.0,0,0.0,0.0,4129977.0,2,,,,,,,,,,,
89060,2025,1,1,35,0,0,0.0,-26722.125,0.0,0.0,0.0,0.0,-4854476.0,-15051.587890625,0,0,0.0,0.0,0.0,0.0,0,4896.927129060579,0.0,0,0.0,0.0,-4548350.0,2,,,,,,,,,,,
89061,2025,1,1,57,0,0,47958.00390625,0.0,0.0,0.0,858.54345703125,282.92919921875,0.0,0.0,0,0,0.0,0.0,0.0,0.0,0,0.0,0.0,0,0.0,0.0,0.0,2,,,,,,,,,,,
89062,2025,1,2,33,51,2,321.3732604980469,0.0,460188.0,0.0,6443.037109375,1133.7012939453125,-122.53564453125,21782.400390625,0,0,0.0,0.0,0.0,0.0,0,0.0,0.0,0,0.0,0.0,24809.537109375,2,14.0,7.0,,,,,,,,,
89063,2025,1,2,32,51,1,21359.626953125,0.0,82434.875,0.0,3.4360246658325195,43.380088806152344,-6827.576171875,0.0,0,0,0.0,0.0,0.0,0.0,0,0.0,0.0,0,0.0,0.0,0.0,2,3.0,,,,,,,,,,
89064,2025,1,1,47,0,0,57810.76171875,0.0,0.0,0.0,0.0,0.0,0.0,0.0,0,0,0.0,0.0,0.0,0.0,0,6978.1211589113245,0.0,0,0.0,0.0,0.0,2,,,,,,,,,,,
89065,2025,1,1,34,0,2,20655.1796875,0.0,0.0,0.0,0.0,0.0,0.0,0.0,0,0,0.0,0.0,0.0,0.0,0,9181.738366988586,0.0,0,0.0,0.0,0.0,2,16.0,12.0,,,,,,,,,
89066,2025,1,2,48,42,2,20236174.0,405770.28125,16793.5,0.0,1770526.25,6100133.5,849419.125,28036056.0,0,0,27632.767578125,0.0,0.0,0.0,0,0.0,0.0,0,0.0,0.0,31579660.0,2,14.0,9.0,,,,,,,,,
89067,2025,1,1,67,0,0,0.0,0.0,0.0,0.0,449.7132263183594,80.8369140625,0.0,27.119977951049805,0,0,0.0,2860.2996254681643,0.0,0.0,0,0.0,0.0,0,0.0,0.0,0.0,2,,,,,,,,,,,
89068,2025,1,2,77,77,0,191819.9375,0.0,909864.25,11604.458984375,572841.8330078125,98421.23388671875,24972.69921875,1583281.89453125,0,0,19732.34048461914,23291.011235955055,0.0,0.0,0,0.0,0.0,0,0.0,0.0,1592852.1015625,2,,,,,,,,,,,
89069,2025,1,2,50,48,0,312806.21875,0.0,6166.29052734375,0.0,21722.162109374844,12369.393554687496,-3133.653564453125,139506.23437499997,0,0,170.3684082031233,0.0,0.0,0.0,0,0.0,0.0,0,0.0,0.0,61309.51171874928,2,,,,,,,,,,,
89070,2025,1,2,53,51,0,0.0,0.0,11159941.0,289626.21875,537439.6875,82371.828125,11058.28109741211,688597.9375,0,0,299948.65625,0.0,0.0,0.0,0,0.0,0.0,0,0.0,0.0,7911667.5,2,,,,,,,,,,,
89071,2025,1,1,64,0,0,263412.9062499998,0.0,0.0,0.0,5614.601562499976,767.95068359375,0.0,9695.392578124985,0,0,4712.8427734374545,0.0,0.0,0.0,0,0.0,0.0,0,0.0,0.0,0.0,2,,,,,,,,,,,
89072,2025,1,2,33,34,3,328201.21875,0.0,0.0,0.0,2392.471435546875,17.946372985839844,356.3632507324219,6432.16796875,0,0,0.0,0.0,0.0,0.0,0,0.0,0.0,0,0.0,0.0,1504.763671875,2,5.0,4.0,2.0,,,,,,,,
89073,2025,1,1,70,0,0,15550.738281249976,0.0,0.0,0.0,5192.143554687495,899.3107299804673,0.0,4501.916503906233,0,0,38982.7734375,22065.16853932584,0.0,0.0,0,0.0,0.0,0,0.0,0.0,0.0,2,,,,,,,,,,,
89074,2025,1,2,46,46,1,9992.4970703125,0.0,136925.859375,6937.001953125,3165.031005859375,615.9478759765625,10.781763076782227,53447.42578125,0,0,0.0,0.0,0.0,0.0,0,0.0,0.0,0,0.0,0.0,49945.85546875,2,20.0,,,,,,,,,,
89075,2025,1,2,37,47,2,32712.720703125,0.0,1853701.375,18951.119140625,213621.02621650696,63615.24339866638,775.9292602539062,2128384.5,0,0,365.1017761230469,0.0,0.0,0.0,0,0.0,0.0,0,0.0,0.0,1575173.875,2,6.0,2.0,,,,,,,,,
89076,2025,1,1,44,0,0,19349.392578125,0.0,0.0,0.0,0.0,0.0,0.0,0.0,0,0,0.0,0.0,0.0,0.0,0,0.0,0.0,0,0.0,0.0,0.0,2,,,,,,,,,,,
89077,2025,1,1,70,0,0,15550.738281249976,0.0,0.0,0.0,5192.143554687495,899.3107299804673,0.0,4501.916503906233,0,0,38982.7734375,31667.602996254678,0.0,0.0,0,0.0,0.0,0,0.0,0.0,0.0,2,,,,,,,,,,,
89078,2025,1,2,61,62,0,825547.5625,805588.6875,122548.69531249994,0.0,1962613.7568359375,1581516.2602539062,12301.1162109375,24587668.83203125,0,0,106940.6357421875,15568.20224719101,5317.599999999999,0.0,0,0.0,0.0,0,0.0,0.0,33238898.3046875,2,,,,,,,,,,,
89079,2025,1,2,53,59,0,13833.1845703125,0.0,4644.337890625,0.0,0.0,1.1357820928096771,-7502.922607421875,0.0,0,0,0.0,0.0,0.0,0.0,0,0.0,0.0,0,0.0,0.0,0.0,2,,,,,,,,,,,
89080,2025,1,2,49,53,0,4557.5927734375,0.0,57953.15625,0.0,0.0,20.680091857910156,-5059.794971466064,0.0,0,0,0.0,0.0,0.0,0.0,0,0.0,0.0,0,0.0,0.0,-7428.330078125,2,,,,,,,,,,,
89081,2025,1,2,38,41,2,3465.984130859375,0.0,203821.765625,0.0,1045.356689453125,511.8154602050781,-41.556453704833984,0.0,0,0,0.0,0.0,0.0,0.0,0,0.0,0.0,0,0.0,0.0,2749.37939453125,2,11.0,9.0,,,,,,,,,
89082,2025,1,1,78,0,0,0.0,0.0,0.0,0.0,0.0,0.0,0.0,0.0,0,0,0.0,26538.472846441946,0.0,0.0,0,62435.82089552238,0.0,0,0.0,0.0,0.0,2,,,,,,,,,,,
89083,2025,1,1,80,0,0,0.0,0.0,0.0,0.0,11133.8095703125,3061.6982421874877,0.0,28611.57812499986,0,0,29091.621093749938,18717.596441947564,0.0,0.0,0,3917.541703248463,0.0,0,0.0,0.0,0.0,2,,,,,,,,,,,
89084,2025,1,2,27,28,1,0.0,-344645.3125,0.0,-42622.07421875,0.0,0.0,-218541.1640625,-779584.4025268555,0,0,0.0,0.0,0.0,0.0,0,9181.738366988586,0.0,0,0.0,0.0,-19495744.78125,2,1.0,,,,,,,,,,
89085,2025,1,2,46,50,2,121102.6328125,0.0,7085935.0,5103504.5,2199819.416320801,1909405.3038330078,1147943.875,52101169.384887695,0,0,22773.349609375,0.0,0.0,0.0,0,0.0,0.0,0,0.0,0.0,13946845.0,2,20.0,16.0,,,,,,,,,
89086,2025,1,1,35,0,1,42497.4375,0.0,0.0,0.0,0.0,0.0,0.0,0.0,0,0,0.0,0.0,0.0,0.0,0,0.0,0.0,0,0.0,0.0,0.0,2,8.0,,,,,,,,,,
89087,2025,1,1,33,0,1,32169.849609375,0.0,0.0,0.0,0.0,0.0,0.0,0.0,0,0,0.0,0.0,0.0,0.0,0,0.0,0.0,0,0.0,0.0,0.0,2,16.0,,,,,,,,,,
89088,2025,1,2,54,48,1,54291.3203125,0.0,72940.28906249985,0.0,224.23988342285122,116.17756295204119,0.0,1974.31079101562,0,0,0.0,0.0,0.0,0.0,0,0.0,0.0,0,0.0,0.0,0.0,2,15.0,,,,,,,,,,
89089,2025,1,2,52,51,1,22836.75,0.0,48005.46484375,0.0,0.0,0.0,-112742.15625,-1605.2235107421875,0,0,0.0,0.0,0.0,0.0,0,0.0,0.0,0,0.0,0.0,-2419.59912109375,2,17.0,,,,,,,,,,
89090,2025,1,1,31,0,0,33238.21875,0.0,0.0,0.0,0.0,0.0,0.0,0.0,0,0,0.0,0.0,0.0,0.0,0,0.0,0.0,0,0.0,0.0,0.0,2,,,,,,,,,,,
89091,2025,1,2,34,62,1,61881.25390625,0.0,15.555935859680176,-22845.904296875,0.0,4.373920917510986,-533515.25,-470.3555603027344,0,0,0.0,0.0,0.0,0.0,0,0.0,0.0,0,0.0,0.0,-1542807.25,2,11.0,,,,,,,,,,
89092,2025,1,1,69,0,0,0.0,0.0,0.0,0.0,0.0,0.0,0.0,0.0,0,0,0.0,0.0,0.0,0.0,0,0.0,0.0,0,0.0,0.0,0.0,2,,,,,,,,,,,
89093,2025,1,2,69,69,1,0.0,-22232.041015625,59876.6328125,36300.19921875,9007.4638671875,7710.38720703125,-863955.8656005859,-330268.2578125,0,0,16109.607421875,67421.34831460673,0.0,0.0,0,0.0,0.0,0,0.0,0.0,-5640702.25,2,42.0,,,,,,,,,,
89094,2025,1,2,60,62,0,22658.416015625,0.0,122548.69531249994,0.0,9726.0068359375,4362.597706437104,0.0,50408.83203124997,0,0,13568.745117187498,0.0,0.0,0.0,0,0.0,0.0,0,0.0,0.0,81730.3046875,2,,,,,,,,,,,
89095,2025,1,1,50,0,0,101732.69531249997,0.0,0.0,0.0,14581.611328124884,687.1137695312451,0.0,19390.785156249753,0,0,0.0,0.0,0.0,0.0,0,0.0,0.0,0,0.0,0.0,0.0,2,,,,,,,,,,,
89096,2025,1,2,76,79,0,3824.992919921875,0.0,0.0,0.0,8.568131446838379,43.20895767211914,-9329.2724609375,0.0,0,0,0.0,29639.854868913855,0.0,0.0,0,0.0,0.0,0,0.0,0.0,0.0,2,,,,,,,,,,,
89097,2025,1,2,60,60,0,161967.31249999994,431.8619995117126,85429.02343749997,6.035979747772131,10894.719726562498,4354.364990234368,0.0,102441.20703124975,0,0,9622.119140624962,0.0,0.0,0.0,0,0.0,0.0,0,0.0,0.0,237813.18359374872,2,,,,,,,,,,,
89098,2025,1,2,43,45,0,39809.05859375,0.0,57264.63671875,0.0,69.05950164794922,13.68871784210205,0.0,0.0,0,0,0.0,0.0,0.0,0.0,0,0.0,0.0,0,0.0,0.0,0.0,2,,,,,,,,,,,
89099,2025,1,2,54,51,1,178.5089874267578,0.0,1561.346435546875,0.0,0.0,0.0,-946.008056640625,0.0,0,0,0.0,0.0,0.0,0.0,0,0.0,0.0,0,0.0,0.0,-4100.67626953125,2,31.0,,,,,,,,,,
89100,2025,1,2,66,62,0,512153.96875,39247.2421875,387179.96875,1438712.125,360751.1328125,217962.7734375,419013.8616466522,11922795.25,0,0,156375.70703125,39532.40543071161,0.0,0.0,0,0.0,0.0,0,0.0,0.0,7678431.15625,2,,,,,,,,,,,
89101,2025,1,1,41,0,1,36680.75,0.0,0.0,0.0,0.0,0.0,0.0,0.0,0,0,0.0,0.0,0.0,0.0,0,0.0,0.0,0,0.0,0.0,0.0,2,16.0,,,,,,,,,,
89102,2025,1,1,45,0,0,0.0,-19573.95703125,0.0,0.0,0.0,0.0,-1806190.5,-1082765.125,0,0,0.0,0.0,0.0,0.0,0,3917.541703248463,0.0,0,0.0,0.0,-8296818.0,2,,,,,,,,,,,
89103,2025,1,2,34,32,8,955064.625,0.0,15688.6953125,0.0,15706.0546875,3474.283935546875,0.0,75798.171875,0,0,0.0,0.0,0.0,0.0,0,0.0,0.0,0,0.0,0.0,265365.71875,2,15.0,14.0,12.0,12.0,9.0,9.0,4.0,2.0,,,
89104,2025,1,2,54,56,0,11118.7392578125,0.0,30098.412109375,0.0,0.0,17.220006942749023,0.0,0.0,0,0,0.0,0.0,0.0,0.0,0,0.0,0.0,0,0.0,0.0,0.0,2,,,,,,,,,,,
89105,2025,1,1,59,0,0,4807.67138671875,0.0,0.0,0.0,0.0,0.0,0.0,0.0,0,0,0.0,0.0,0.0,0.0,0,0.0,0.0,0,0.0,0.0,0.0,2,,,,,,,,,,,
89106,2025,1,2,73,72,0,755198.8749999992,0.0,1314536.75,2129.892578125,114485.25,39796.933593749985,437.5411071777344,560944.3437499998,0,0,34620.236572265625,65165.79775280898,0.0,0.0,0,0.0,0.0,0,0.0,0.0,678867.49609375,2,,,,,,,,,,,
89107,2025,1,2,73,72,0,802025.5625,19082.248046875,1259044.125,301229.75,385613.671875,136249.892578125,25900.560821533203,5012250.25,0,0,253117.0,53751.159176029956,0.0,0.0,0,0.0,0.0,0,0.0,0.0,6774481.875,2,,,,,,,,,,,
89108,2025,1,1,76,0,0,0.0,-525089.75,0.0,0.0,0.0,0.0,-1762798.625,-3563565.25,0,0,0.0,7464.360486891385,0.0,0.0,0,0.0,0.0,0,0.0,0.0,-20888428.0,2,,,,,,,,,,,
89109,2025,1,2,46,57,0,132280.6406249998,0.0,39655.90234375,0.0,11280.090820312495,1204.3425369262695,0.0,722.7431640625,0,0,0.0,0.0,0.0,0.0,0,0.0,0.0,0,0.0,0.0,0.0,2,,,,,,,,,,,
89110,2025,1,2,83,83,0,563.50732421875,0.0,0.0,0.0,2875.439208984375,1313.599853515625,0.0,1091.31591796875,0,0,0.0,55113.88764044944,0.0,0.0,0,0.0,0.0,0,0.0,0.0,0.0,2,,,,,,,,,,,
89111,2025,1,2,25,24,0,61106.5625,0.0,11452.41015625,0.0,8646.845336914055,1496.0398864746094,0.0,43106.58593749996,0,0,0.0,0.0,0.0,0.0,0,0.0,0.0,0,0.0,0.0,15220.0068359375,2,,,,,,,,,,,
89112,2025,1,2,68,67,0,695287.5625,27239.966796875,117.67417907714844,0.0,283455.625,40216.3671875,2983.197509765625,1863142.5,0,0,50489.203125,0.0,0.0,0.0,0,0.0,0.0,0,0.0,0.0,1510392.375,2,,,,,,,,,,,
89113,2025,1,1,56,0,0,213674.265625,0.0,0.0,0.0,18533.63671875,6133.5009765625,0.0,70511.9453125,0,0,21411.43359375,0.0,0.0,0.0,0,6121.158911325723,0.0,0,0.0,0.0,436.04583740234375,2,,,,,,,,,,,
89114,2025,1,1,67,0,0,0.0,0.0,0.0,0.0,0.0,0.0,-257.6398010253906,0.0,0,0,0.0,13360.6638576779,0.0,0.0,0,1836.347673397717,0.0,0,0.0,0.0,0.0,2,,,,,,,,,,,
89115,2025,1,2,69,65,0,0.0,0.0,49783.88281249999,0.0,6665.810424804672,511.12988281249886,0.0,1841.9697265624961,0,0,1519.489501953124,28439.55056179775,0.0,0.0,0,0.0,0.0,0,0.0,0.0,118.52862548827956,2,,,,,,,,,,,
89116,2025,1,2,49,47,0,352726.62499999924,0.0,89067.390625,0.0,11207.101074218739,5979.787841796868,0.0,90364.91992187485,0,0,65.4399948120108,0.0,0.0,0.0,0,0.0,0.0,0,0.0,0.0,104606.99609374994,2,,,,,,,,,,,
89117,2025,1,2,58,55,0,119050.7734375,0.0,0.0,-1288.203857421875,933.7327270507812,398.22796630859375,-224910.5625,2518.1162109375,0,0,0.0,0.0,0.0,0.0,0,0.0,0.0,0,0.0,0.0,-756318.625,2,,,,,,,,,,,
89118,2025,1,2,59,25,0,6181.66748046875,0.0,60369.203125,13389.8330078125,0.0,17.353721618652344,-4588.9736328125,0.0,0,0,0.0,0.0,0.0,0.0,0,0.0,0.0,0,0.0,0.0,0.0,2,,,,,,,,,,,
89119,2025,1,2,59,58,0,59239.09765625,0.0,6699.8583984375,0.0,108.22364807128906,50.5230712890625,-2357.345703125,0.0,0,0,0.0,0.0,0.0,0.0,0,0.0,0.0,0,0.0,0.0,0.0,2,,,,,,,,,,,
89120,2025,1,1,41,0,0,0.0,-75712.6875,0.0,0.0,0.0,0.0,-1325489.0,-166245.46875,0,0,0.0,0.0,0.0,0.0,0,0.0,0.0,0,0.0,0.0,-3766765.75,2,,,,,,,,,,,
89121,2025,1,1,32,0,2,8594.4541015625,0.0,0.0,0.0,0.0,0.0,0.0,0.0,0,0,0.0,0.0,0.0,0.0,0,0.0,0.0,0,7578.9029535864975,0.0,0.0,2,14.0,3.0,,,,,,,,,
89122,2025,1,2,44,46,0,23977.869140625,0.0,195497.828125,0.0,9801.1376953125,1367.8722577691078,0.0,22737.076171875,0,0,0.0,0.0,0.0,0.0,0,0.0,0.0,0,0.0,0.0,0.0,2,,,,,,,,,,,
89123,2025,1,1,71,0,0,0.0,0.0,0.0,0.0,0.0,0.0,0.0,0.0,0,0,0.0,26478.20224719101,0.0,0.0,0,0.0,0.0,0,0.0,0.0,0.0,2,,,,,,,,,,,
89124,2025,1,1,41,0,0,0.0,-75712.6875,0.0,0.0,0.0,0.0,-1325489.0,-166245.46875,0,0,0.0,0.0,0.0,0.0,0,0.0,0.0,0,0.0,0.0,-3766765.75,2,,,,,,,,,,,
89125,2025,1,2,40,28,2,0.0,0.0,1063.0899658203125,0.0,0.0,0.0,-30239.878415226936,0.0,0,0,0.0,0.0,0.0,0.0,0,0.0,0.0,0,1786.4556962025315,0.0,-4470.1552734375,2,6.0,4.0,,,,,,,,,
89126,2025,1,2,74,74,0,731526.125,46865.07421875,120437.9921875,563.8504638671875,138592.1943359375,16685.637084960938,447.4796447753906,1363344.21875,0,0,60675.0400390625,43872.91011235955,0.0,0.0,0,0.0,0.0,0,0.0,0.0,840218.9838867188,2,,,,,,,,,,,
89127,2025,1,2,74,74,2,188586.328125,424111.125,0.0,-10677.1552734375,726627.25,766282.9375,-652683.5625,1971610.1965942383,0,0,30837.119140625,0.0,0.0,0.0,0,0.0,0.0,0,0.0,0.0,1166866.1298828125,2,6.0,5.0,,,,,,,,,
89128,2025,1,2,30,28,1,0.0,-2262988.75,4778.89501953125,0.0,0.0,0.0,-234726.546875,-53739.38671875,0,0,0.0,0.0,0.0,0.0,0,0.0,0.0,0,0.0,0.0,-2341793.5,2,1.0,,,,,,,,,,
89129,2025,1,1,68,0,0,0.0,0.0,0.0,0.0,109.02139282226562,50.5230712890625,0.0,0.0,0,0,0.0,33097.752808988764,0.0,0.0,0,0.0,0.0,0,0.0,0.0,0.0,2,,,,,,,,,,,
89130,2025,1,1,27,0,0,25166.08203125,0.0,0.0,0.0,0.0,0.0,0.0,0.0,0,0,0.0,0.0,0.0,0.0,0,11018.086040386303,0.0,0,0.0,0.0,0.0,2,,,,,,,,,,,
89131,2025,1,2,67,65,0,0.0,0.0,26814.10546875,0.0,758.4794921875,107.92141437530518,-7668.69384765625,63.531314849853516,0,0,0.0,38979.75468164794,0.0,0.0,0,0.0,0.0,0,0.0,0.0,0.0,2,,,,,,,,,,,
89132,2025,1,1,34,0,1,29558.275390625,0.0,0.0,0.0,0.0,0.0,0.0,0.0,0,0,0.0,0.0,0.0,0.0,0,0.0,0.0,0,0.0,0.0,0.0,2,4.0,,,,,,,,,,
89133,2025,1,2,71,66,0,0.0,0.0,12001198.0,1479688.625,1416991.2016601562,359568.9630126953,1957.999755859375,8105300.6181640625,0,0,106985.16723632812,0.0,0.0,0.0,0,0.0,0.0,0,0.0,0.0,25663982.0,2,,,,,,,,,,,
89134,2025,1,2,44,50,1,83055.0859375,0.0,50803.80078125,0.0,40.46650695800781,24.64150619506836,0.0,0.0,0,0,0.0,0.0,0.0,0.0,0,0.0,0.0,0,0.0,0.0,0.0,2,20.0,,,,,,,,,,
89135,2025,1,2,59,65,0,68807.4609375,0.0,7577.52783203125,0.0,1121.1695861816406,222.63473510742188,-1064.63525390625,215.14682006835938,0,0,0.0,10602.51779026217,0.0,0.0,0,0.0,0.0,0,0.0,0.0,0.0,2,,,,,,,,,,,
89136,2025,1,1,35,0,0,443374.125,241541.078125,0.0,0.0,298446.0625,339110.875,407884.46875,2596738.0,0,0,88787.625,0.0,0.0,0.0,0,1836.347673397717,0.0,0,0.0,0.0,6416103.0,2,,,,,,,,,,,
89137,2025,1,1,30,0,0,6956.28466796875,0.0,0.0,0.0,0.0,0.0,0.0,0.0,0,0,0.0,0.0,0.0,0.0,0,7957.506584723441,0.0,0,0.0,0.0,0.0,2,,,,,,,,,,,
89138,2025,1,1,77,0,0,0.0,0.0,0.0,0.0,0.0,0.0,-29831.9765625,0.0,0,0,0.0,17736.92228464419,0.0,0.0,0,0.0,0.0,0,0.0,0.0,-5.2279887199401855,2,,,,,,,,,,,
89139,2025,1,1,37,0,3,37392.99609375,0.0,0.0,0.0,0.0,0.0,0.0,0.0,0,0,0.0,0.0,0.0,0.0,0,1101.8086040386302,0.0,0,0.0,0.0,0.0,2,16.0,8.0,7.0,,,,,,,,
89140,2025,1,1,69,0,0,0.0,0.0,0.0,0.0,13.627674102783203,121.25537872314453,0.0,0.0,0,0,5399.40478515625,18130.213483146064,0.0,0.0,0,3305.425812115891,0.0,0,0.0,0.0,0.0,2,,,,,,,,,,,
89141,2025,1,2,52,50,1,0.0,0.0,254217.421875,1280688.625,318136.625,11591.279296875,27940.448120117188,8626081.0,0,0,42323.90234375,0.0,0.0,0.0,0,0.0,0.0,0,0.0,0.0,591184.875,2,17.0,,,,,,,,,,
89142,2025,1,2,36,32,2,67258.328125,0.0,0.0,-8797.4873046875,0.0,6.314975261688232,-28289.68359375,-1954.728515625,0,0,0.0,0.0,0.0,0.0,0,0.0,0.0,0,0.0,0.0,-3064879.5,2,3.0,1.0,,,,,,,,,
89143,2025,1,1,61,0,0,164766.609375,0.0,0.0,0.0,626.8729858398438,323.34765625,0.0,0.0,0,0,0.0,0.0,0.0,0.0,0,0.0,0.0,0,0.0,0.0,0.0,2,,,,,,,,,,,
89144,2025,1,2,50,43,2,210456.125,0.0,157218.515625,11183.6513671875,4123.6724853515625,709.0923919677734,0.0,16489.28125,0,0,0.0,0.0,0.0,0.0,0,6121.158911325723,0.0,0,0.0,0.0,121212.578125,2,18.0,15.0,,,,,,,,,
89145,2025,1,1,66,0,0,102088.8203125,1732467.25,0.0,0.0,2649219.75,202092.296875,2214346.25,12971486.0,0,0,81572.90625,11314.528089887639,0.0,0.0,0,0.0,0.0,0,0.0,0.0,7624573.0,2,,,,,,,,,,,
89146,2025,1,1,63,0,0,29676.982421875,0.0,0.0,0.0,0.0,0.0,0.0,0.0,0,0,0.0,19409.176029962546,0.0,0.0,0,0.0,0.0,0,0.0,0.0,0.0,2,,,,,,,,,,,
89147,2025,1,1,39,0,0,323004.28125,37997.10546875,0.0,0.0,86399.453125,236852.171875,0.0,1935010.5,0,0,34211.74609375,0.0,0.0,0.0,0,0.0,0.0,0,0.0,0.0,3718848.0,2,,,,,,,,,,,
89148,2025,1,1,72,0,0,0.0,0.0,0.0,0.0,0.0,0.0,-29967.576171875,0.0,0,0,0.0,14648.8202247191,0.0,0.0,0,0.0,0.0,0,0.0,0.0,0.0,2,,,,,,,,,,,
89149,2025,1,1,36,0,0,0.0,0.0,0.0,0.0,0.0,0.0,0.0,0.0,0,0,0.0,0.0,0.0,0.0,0,0.0,0.0,0,0.0,0.0,0.0,2,,,,,,,,,,,
89150,2025,1,2,47,53,2,11233.5087890625,0.0,2318192.75,3403.4013671875,65258.1171875,14491.65625,-4822.590576171875,354231.46875,0,0,0.0,0.0,0.0,0.0,0,0.0,0.0,0,0.0,0.0,652091.375,2,18.0,15.0,,,,,,,,,
89151,2025,1,2,55,61,2,101900.5703125,12344.507812499858,18607.681640625,0.0,55650.97265625,8678.160400152166,0.0,1399390.75,0,0,0.0,0.0,0.0,0.0,0,0.0,0.0,0,0.0,0.0,1181378.124999996,2,10.0,8.0,,,,,,,,,
89152,2025,1,1,71,0,0,0.0,0.0,0.0,0.0,13409.630859374936,3253.685791015616,0.0,12258.230468749985,0,0,16291.307617187489,17565.304307116105,0.0,0.0,0,7712.660228270412,0.0,0,0.0,0.0,1827.2397460937311,2,,,,,,,,,,,
89153,2025,1,1,50,0,0,30389.23046875,0.0,0.0,0.0,0.0,0.0,0.0,0.0,0,0,0.0,0.0,0.0,0.0,0,10038.700614574187,0.0,0,0.0,0.0,0.0,2,,,,,,,,,,,
89154,2025,1,2,38,46,2,32419.294921875,0.0,64584.44140625,0.0,0.0,0.17115172743797302,-5137.994140625,0.0,0,0,0.0,0.0,0.0,0.0,0,6121.158911325723,0.0,0,0.0,0.0,0.0,2,14.0,14.0,,,,,,,,,
89155,2025,1,1,69,0,0,0.0,0.0,0.0,0.0,0.0,0.0,-509584.40625,-85292.328125,0,0,0.0,20250.921348314605,0.0,0.0,0,0.0,0.0,0,0.0,0.0,-10429.8369140625,2,,,,,,,,,,,
89156,2025,1,1,73,0,0,0.0,0.0,0.0,0.0,1935.1297607421875,1667.261474609375,0.0,216.95982360839844,0,0,3921.550537109375,16731.731273408237,0.0,0.0,0,8814.468832309041,0.0,0,0.0,0.0,0.0,2,,,,,,,,,,,
89157,2025,1,1,85,0,0,0.0,-24784772.0,0.0,0.0,0.0,0.0,-1521430.75,-438936.84375,0,0,0.0,15077.865168539323,0.0,0.0,0,0.0,0.0,0,0.0,0.0,-4117041.0,2,,,,,,,,,,,
89158,2025,1,1,56,0,0,13770.1201171875,0.0,0.0,0.0,0.0,0.0,0.0,0.0,0,0,0.0,0.0,0.0,0.0,0,0.0,0.0,0,0.0,0.0,0.0,2,,,,,,,,,,,
89159,2025,1,1,74,0,0,0.0,0.0,0.0,0.0,0.0,20.209228515625,0.0,0.0,0,0,0.0,25129.775280898873,0.0,0.0,0,0.0,0.0,0,0.0,0.0,0.0,2,,,,,,,,,,,
89160,2025,1,1,67,0,0,0.0,0.0,0.0,0.0,20986.6171875,6446.744140624987,0.0,71867.9453125,0,0,10973.35937499998,19613.483146067414,0.0,0.0,0,0.0,0.0,0,0.0,0.0,0.0,2,,,,,,,,,,,
89161,2025,1,2,30,33,2,2934.399169921875,0.0,73614.9921875,0.0,0.0,18.891929626464844,0.0,0.0,0,0,0.0,0.0,0.0,0.0,0,0.0,0.0,0,4521.3569620253165,0.0,0.0,2,7.0,2.0,,,,,,,,,
89162,2025,1,1,20,0,0,21960.966796875,0.0,0.0,0.0,0.0,0.0,0.0,0.0,0,0,0.0,0.0,0.0,0.0,0,11139.489025460929,0.0,0,0.0,0.0,0.0,2,,,,,,,,,,,
89163,2025,1,1,65,0,0,100545.6171875,0.0,0.0,0.0,2521.11962890625,1707.679931640625,0.0,15187.1875,0,0,40030.0703125,19613.483146067414,0.0,0.0,0,9181.738366988586,0.0,0,0.0,0.0,5128.7294921875,2,,,,,,,,,,,
89164,2025,1,1,71,0,0,0.0,0.0,0.0,0.0,967.5648803710938,161.673828125,0.0,0.0,0,0,1326.577880859375,0.0,0.0,0.0,0,0.0,0.0,0,0.0,0.0,0.0,2,,,,,,,,,,,
89165,2025,1,2,46,45,0,81761.46875,0.0,141545.71875,26084.55078125,12224.59780883789,5863.032493591309,0.0,117889.3671875,0,0,2427.697265625,0.0,340.0,0.0,0,0.0,0.0,0,0.0,0.0,76069.484375,2,,,,,,,,,,,
89166,2025,1,1,63,0,0,224239.28125,0.0,0.0,0.0,2166.800048828125,2121.968994140625,0.0,5356.19580078125,0,0,17105.873046875,19409.176029962546,0.0,0.0,0,7957.506584723441,0.0,0,0.0,0.0,0.0,2,,,,,,,,,,,
89167,2025,1,2,36,18,2,1920.978271484375,-2225.802734375,14282.9765625,0.0,0.0,3.4400217533111572,-64014.16796875,-11426.2294921875,0,0,0.0,0.0,0.0,0.0,0,15915.013169446882,0.0,0,0.0,0.0,-228253.34375,2,15.0,12.0,,,,,,,,,
89168,2025,1,1,85,0,0,0.0,0.0,0.0,0.0,0.0,0.0,0.0,0.0,0,0,0.0,28647.943820224715,0.0,0.0,0,0.0,0.0,0,0.0,0.0,0.0,2,,,,,,,,,,,
89169,2025,1,1,25,0,2,19705.515625,0.0,0.0,0.0,0.0,0.0,0.0,0.0,0,0,0.0,0.0,0.0,0.0,0,20811.94029850746,0.0,0,108.27004219409282,0.0,0.0,2,7.0,5.0,,,,,,,,,
89170,2025,1,2,27,26,0,41254.38671875,0.0,98200.96875,1183.9700927734375,9219.6005859375,3619.603240966797,0.0,61444.4375,0,0,657.1102905273438,0.0,0.0,0.0,0,0.0,0.0,0,0.0,0.0,199851.28125,2,,,,,,,,,,,
89171,2025,1,1,70,0,0,5211.2783203125,0.0,0.0,0.0,104387.984375,26979.3203125,0.0,878144.875,0,0,39448.23828125,12822.314606741571,0.0,0.0,0,0.0,0.0,0,0.0,0.0,668396.0,2,,,,,,,,,,,
89172,2025,1,1,42,0,0,22791.921875,0.0,0.0,0.0,0.0,0.0,0.0,0.0,0,0,0.0,0.0,0.0,0.0,0,0.0,0.0,0,0.0,0.0,0.0,2,,,,,,,,,,,
89173,2025,1,1,62,0,0,0.0,-10176.67578125,0.0,0.0,0.0,0.0,-14644.7880859375,-12787.0693359375,0,0,0.0,0.0,0.0,0.0,0,0.0,0.0,0,0.0,0.0,-246761.0625,2,,,,,,,,,,,
89174,2025,1,2,68,64,0,0.0,0.0,371337.46875,1830958.75,3319920.25,1739219.125,84765.16796875,22335630.0,0,0,142782.140625,62223.775280898866,0.0,0.0,0,0.0,0.0,0,0.0,0.0,50284487.32348633,2,,,,,,,,,,,
89175,2025,1,2,50,51,1,717596.5625,11796.8603515625,30836.79296875,0.0,23966.568359375,21131.24609375,-32114.54296875,166015.875,0,0,13141.97265625,0.0,0.0,0.0,0,0.0,0.0,0,0.0,0.0,528344.1477050781,2,4.0,,,,,,,,,,
89176,2025,1,2,60,85,0,121229.72656249997,0.0,563.50732421875,0.0,8405.633056640592,7996.049560546809,0.0,11793.85595703123,0,0,219.96562194824145,23045.84269662921,0.0,0.0,0,0.0,0.0,0,0.0,0.0,494373.71874999907,2,,,,,,,,,,,
89177,2025,1,1,27,0,0,63746.15625,0.0,0.0,0.0,0.0,10.1046142578125,0.0,0.0,0,0,0.0,0.0,0.0,0.0,0,0.0,0.0,0,0.0,0.0,0.0,2,,,,,,,,,,,
89178,2025,1,2,80,80,0,35214.90625,0.0,20703.255859375,0.0,5253.1202392578125,603.3250122070312,-34.485172271728516,12069.840087890625,0,0,0.0,19613.483146067414,0.0,0.0,0,0.0,0.0,0,0.0,0.0,0.0,2,,,,,,,,,,,
89179,2025,1,1,59,0,0,47958.00390625,0.0,0.0,0.0,0.0,0.0,0.0,0.0,0,0,0.0,0.0,0.0,0.0,0,0.0,0.0,0,0.0,0.0,0.0,2,,,,,,,,,,,
89180,2025,1,1,58,0,0,0.0,0.0,0.0,0.0,0.0,0.0,0.0,0.0,0,0,0.0,0.0,0.0,0.0,0,0.0,0.0,0,0.0,0.0,0.0,2,,,,,,,,,,,
89181,2025,1,2,57,55,0,130947.2421875,0.0,0.0,0.0,872.57275390625,456.7698059082031,-2703.18310546875,1914.072265625,0,0,2252.66357421875,0.0,0.0,0.0,0,0.0,0.0,0,0.0,0.0,-77.97384643554688,2,,,,,,,,,,,
89182,2025,1,2,83,83,0,100040.359375,0.0,6468482.0,1868697.0,24472064.4296875,8929311.444519043,4827580.0,29989669.9453125,0,0,241112.890625,28292.449438202246,0.0,0.0,0,0.0,0.0,0,0.0,0.0,24117482.0,2,,,,,,,,,,,
89183,2025,1,1,78,0,0,0.0,0.0,0.0,0.0,9171.424804687485,1697.5753173828018,0.0,27797.97851562493,0,0,20480.50195312498,12846.831460674155,0.0,0.0,0,0.0,0.0,0,0.0,0.0,0.0,2,,,,,,,,,,,
89184,2025,1,2,68,67,0,591.3352661132812,0.0,0.0,0.0,2003.26806640625,195.739501953125,0.0,2798.156982421875,0,0,0.0,75609.97752808989,0.0,0.0,0,0.0,0.0,0,0.0,0.0,0.0,2,,,,,,,,,,,
89185,2025,1,1,85,0,0,0.0,-24784772.0,0.0,0.0,0.0,0.0,-1521430.75,-438936.84375,0,0,0.0,17676.651685393255,0.0,0.0,0,4896.927129060579,0.0,0,0.0,0.0,-4117041.0,2,,,,,,,,,,,
89186,2025,1,2,54,60,1,986995.1875,953461.5625,400539.84375,1348350.375,8331527.0,716413.748046875,868853.8125,36128988.0,0,0,254149.0625,0.0,0.0,0.0,0,0.0,0.0,0,0.0,0.0,65371846.0,2,20.0,,,,,,,,,,
89187,2025,1,1,56,0,0,0.0,-1224.7640380859375,0.0,0.0,0.0,0.0,-1387186.875,-49765.16015625,0,0,0.0,0.0,0.0,0.0,0,0.0,0.0,0,0.0,0.0,-854514.75,2,,,,,,,,,,,
89188,2025,1,2,74,77,0,5215.583984375,0.0,90397.875,0.0,4112.020324707031,940.283935546875,-15984.9765625,11836.130859375,0,0,0.0,41591.82116104868,0.0,0.0,0,0.0,0.0,0,0.0,0.0,833.0698852539062,2,,,,,,,,,,,
89189,2025,1,1,75,0,0,0.0,0.0,0.0,0.0,0.0,70.7322998046875,0.0,0.0,0,0,0.0,22347.11235955056,0.0,0.0,0,7957.506584723441,0.0,0,0.0,0.0,0.0,2,,,,,,,,,,,
89190,2025,1,1,67,0,0,0.0,0.0,0.0,0.0,0.0,0.0,-379.6796875,0.0,0,0,0.0,0.0,0.0,0.0,0,0.0,0.0,0,0.0,0.0,0.0,2,,,,,,,,,,,
89191,2025,1,1,44,0,0,45465.13671875,0.0,0.0,0.0,0.0,0.0,0.0,0.0,0,0,0.0,0.0,0.0,0.0,0,0.0,0.0,0,0.0,0.0,0.0,2,,,,,,,,,,,
89192,2025,1,1,47,0,0,413459.71875,8369406.5,0.0,0.0,50340628.0,2076498.25,9814720.0,148210688.0,0,0,129865.0,0.0,0.0,0.0,0,7957.506584723441,0.0,0,0.0,0.0,7454307.5,2,,,,,,,,,,,
89193,2025,1,2,17,39,0,0.0,0.0,33475.63671875,0.0,0.0,0.0,0.0,0.0,0,0,0.0,0.0,0.0,0.0,0,30605.794556628618,0.0,0,0.0,0.0,0.0,2,,,,,,,,,,,
89194,2025,1,2,31,32,2,50504.6171875,2782.277587890625,32725.8203125,0.0,1307.9202880859375,245.9475860595703,0.0,11946.333984375,0,0,0.0,0.0,0.0,0.0,0,0.0,0.0,0,0.0,0.0,105136.46875,2,5.0,2.0,,,,,,,,,
89195,2025,1,2,74,69,0,11731.8251953125,0.0,0.0,0.0,980.2706909179688,679.62255859375,-40367.179450035095,2800.000732421875,0,0,0.0,34458.438202247184,0.0,0.0,0,0.0,0.0,0,0.0,0.0,-63586.83984375,2,,,,,,,,,,,
89196,2025,1,1,78,0,0,0.0,-2226.84375,0.0,0.0,0.0,0.0,-90716.328125,-5329.07568359375,0,0,0.0,17222.068352059923,0.0,0.0,0,0.0,0.0,0,0.0,0.0,-52018.48828125,2,,,,,,,,,,,
89197,2025,1,2,32,33,1,29135.302734375,0.0,34086.7421875,0.0,0.0,2.9809467792510986,0.0,0.0,0,0,0.0,0.0,0.0,0.0,0,0.0,0.0,0,0.0,0.0,0.0,2,1.0,,,,,,,,,,
89198,2025,1,2,32,34,1,4727.4677734375,0.0,64029.31640625,0.0,0.0,4.298457622528076,-247.2578125,0.0,0,0,0.0,0.0,0.0,0.0,0,19587.708516242317,0.0,0,0.0,0.0,0.0,2,2.0,,,,,,,,,,
89199,2025,1,2,49,53,1,20412.53515625,0.0,55436.04296875,0.0,0.0,5.856733322143555,0.0,0.0,0,0,0.0,0.0,0.0,0.0,0,0.0,0.0,0,0.0,0.0,0.0,2,12.0,,,,,,,,,,
89200,2025,1,2,65,45,0,0.0,0.0,14577.9638671875,0.0,0.0,2.2336173057556152,-28169.779296875,-2068.11328125,0,0,0.0,883.628277153558,0.0,0.0,0,0.0,0.0,0,0.0,0.0,-5002.14794921875,2,,,,,,,,,,,
89201,2025,1,1,55,0,0,16856.525390625,0.0,0.0,0.0,0.0,0.0,0.0,0.0,0,0,0.0,0.0,0.0,0.0,0,0.0,0.0,0,0.0,0.0,0.0,2,,,,,,,,,,,
89202,2025,1,2,32,33,1,105368.7109375,7412.78564453125,0.0,-14158.7353515625,1935.658203125,119.22185516357422,-64396.6015625,-273642.5886230469,0,0,0.0,0.0,0.0,0.0,0,9793.854258121159,0.0,0,0.0,0.0,-40977.796875,2,0.0,,,,,,,,,,
89203,2025,1,2,45,50,5,77866.59374999999,0.0,376308.15625,9179215.0,7048928.895019531,1875661.4819641113,20528.96484375,53932815.953125,0,0,108146.3984375,0.0,0.0,0.0,0,0.0,0.0,0,0.0,0.0,38860205.35546875,2,17.0,7.0,6.0,3.0,1.0,,,,,,
89204,2025,1,1,55,0,0,0.0,0.0,0.0,0.0,0.0,0.0,-2969.6376953125,0.0,0,0,0.0,0.0,0.0,0.0,0,0.0,0.0,0,0.0,0.0,-52.279884338378906,2,,,,,,,,,,,
89205,2025,1,2,39,40,1,28959.626953125,0.0,1096050.3749999986,0.0,35390.84765624996,6391.879394531236,-107483.6953125,176688.35937499956,0,0,0.0,0.0,0.0,0.0,0,0.0,0.0,0,0.0,0.0,170341.51611328046,2,10.0,,,,,,,,,,
89206,2025,1,2,39,19,1,2413917.5,9739.69921875,810.2520751953125,0.0,90717.5546875,60367.171875,2472.896484375,720033.8125,0,0,1547.7423095703125,0.0,0.0,0.0,0,0.0,0.0,0,0.0,0.0,231100.625,2,3.0,,,,,,,,,,
