taxsimid,year,state,fiitax,siitax,fica,tfica,v10,v11,v12,v13,v14,v17,qbid,niit,v18,v19,v22,v24,v25,v26,v27,v28,v29,v32,v34,v35,v36,srebate,v37,v38,v39,v40,v42,v43,v44,actc,cares,frate,srate,pe_al_agi,pe_al_standard_deduction,pe_al_itemized_deductions,pe_al_deductions,pe_al_federal_income_tax_deduction,pe_al_personal_exemption,pe_al_dependent_exemption,pe_al_retirement_exemption,pe_al_taxable_income,pe_al_income_tax_before_non_refundable_credits,pe_al_non_refundable_credits,pe_al_income_tax_before_refundable_credits,pe_al_refundable_credits,pe_al_income_tax,pe_adjusted_gross_income,pe_income_tax_before_credits,pe_income_tax_capped_non_refundable_credits,pe_net_investment_income_tax,pe_income_tax_before_refundable_credits,pe_eitc,pe_american_opportunity_credit,pe_refundable_ctc,pe_income_tax_refundable_credits,pe_income_tax,pe_recapture_of_investment_credit,pe_unreported_payroll_tax,pe_qualified_retirement_penalty,pe_tax_unit_taxable_social_security,pe_tax_unit_social_security,pe_taxable_pension_income
88052,2025,1,0.0,0.0,0.0,0.0,-307998.88,1.13,0.0,17750.0,0.0,0.0,0.0,0.0,0.0,0.0,0.0,0.0,0.0,17750.0,0.0,0.0,0.0,-30862180.0,3000.0,4.9379485e+06,0.0,0.0,0.0,0.0,0.0,0.0,0.0,0.0,0.0,0.0,0.0,0.0,0.0,-3.086218e+07,3000.0,4.9379485e+06,4.9394485e+06,0.0,1500.0,0.0,0.0,0.0,0.0,0.0,0.0,0.0,0.0,-307998.88,0.0,0.0,0.0,0.0,0.0,0.0,0.0,0.0,0.0,0.0,0.0,0.0,0.0,817.22845,0.0
88053,2025,1,3113.64,1746.45,6683.73,3341.87,43684.52,0.0,0.0,15750.0,0.0,1994.23,0.0,0.0,27934.52,3113.64,0.0,0.0,0.0,43684.52,0.0,3113.64,3341.87,43684.52,2500.0,3341.87,35729.01,0.0,0.0,0.0,0.0,0.0,0.0,0.0,633.43,0.0,0.0,12.0,4.0175,43684.52,2500.0,3341.8657,7955.508,3113.6423,1500.0,0.0,0.0,35729.01,1746.4506,0.0,1746.4506,0.0,1746.4506,43684.52,3113.6423,0.0,0.0,3113.6423,0.0,0.0,0.0,0.0,3113.6423,0.0,0.0,0.0,0.0,0.0,0.0
88054,2025,1,0.0,0.0,0.0,0.0,6424.37,0.0,88.52,17750.0,0.0,785.72,0.0,0.0,0.0,0.0,0.0,0.0,0.0,17750.0,0.0,0.0,0.0,335.85,3000.0,0.0,0.0,0.0,0.0,0.0,0.0,0.0,0.0,0.0,0.0,0.0,0.0,0.0,0.0,335.8452,3000.0,0.0,4500.0,0.0,1500.0,0.0,6000.0,0.0,0.0,0.0,0.0,0.0,0.0,6424.3696,0.0,0.0,0.0,0.0,0.0,0.0,0.0,0.0,0.0,0.0,0.0,0.0,88.524414,37682.406,6295.4267578125
88055,2025,1,188245.31,29501.88,30427.18,16133.58,796126.94,0.0,0.0,15750.0,0.0,10000.0,58229.82,10343.28,722147.1,128089.15,0.0,0.0,0.0,737897.1,0.0,177902.05,16133.58,796716.44,2500.0,16133.58,590837.5,0.0,0.0,0.0,0.0,0.0,0.0,0.0,4036.37,0.0,0.0,23331.922,-1161.7129,796716.44,2500.0,16133.579,205878.9,188245.33,1500.0,0.0,0.0,590837.5,29501.875,0.0,29501.875,0.0,29501.875,796126.94,177902.05,0.0,10343.279,188245.33,0.0,0.0,0.0,0.0,188245.33,0.0,0.0,0.0,0.0,0.0,0.0
88056,2025,1,401219.3,54555.26,47661.78,26849.43,1.524232e+06,1360.0,0.0,31500.0,0.0,10000.0,96678.72,13387.58,1.3960532e+06,325748.88,0.0,0.0,0.0,1.4275532e+06,0.0,387831.74,26849.43,1523774.0,5000.0,26849.43,1092705.25,0.0,0.0,0.0,0.0,0.0,0.0,0.0,13776.65,0.0,0.0,35808.188,-1785.5352,1.523774e+06,5000.0,26849.432,431068.75,401219.3,3000.0,0.0,0.0,1.0927052e+06,54555.26,0.0,54555.26,0.0,54555.26,1.524232e+06,387831.75,0.0,13387.578,401219.3,0.0,0.0,0.0,0.0,401219.3,0.0,0.0,0.0,0.0,0.0,29009.912109375
88057,2025,1,191604.8,35106.64,33117.32,21806.49,915916.75,0.0,0.0,31500.0,0.0,10000.0,140607.06,2471.04,743809.7,177210.1,0.0,772.24,0.0,775309.7,0.0,189905.99,21806.49,920744.0,5000.0,21806.49,703732.75,0.0,0.0,0.0,0.0,0.0,0.0,0.0,2985.18,0.0,0.0,50637.953,-2526.7246,920744.0,5000.0,21806.488,217011.28,191604.8,3000.0,600.0,0.0,703732.75,35106.637,0.0,35106.637,0.0,35106.637,915916.75,189905.98,772.2368,2471.0435,191604.8,0.0,0.0,0.0,0.0,191604.8,0.0,0.0,0.0,0.0,0.0,0.0
88058,2025,1,0.0,0.0,0.0,0.0,-542.4,0.0,0.0,17750.0,0.0,0.0,0.0,0.0,0.0,0.0,0.0,0.0,0.0,17750.0,0.0,0.0,0.0,-542.4,3000.0,86.78,0.0,0.0,0.0,0.0,0.0,0.0,0.0,0.0,0.0,0.0,0.0,0.0,0.0,-542.39954,3000.0,86.78393,4500.0,0.0,1500.0,0.0,0.0,0.0,0.0,0.0,0.0,0.0,0.0,-542.39954,0.0,0.0,0.0,0.0,0.0,0.0,0.0,0.0,0.0,0.0,0.0,0.0,0.0,10051.91,0.0
88059,2025,1,8672.6,5240.26,19063.19,9531.6,127909.38,0.0,0.0,31500.0,0.0,6015.47,629.02,0.0,95780.36,11002.53,2200.0,129.92,0.0,127280.36,0.0,11002.53,9531.6,127909.37,5000.0,9531.6,106405.17,0.0,0.0,0.0,0.0,0.0,0.0,0.0,1806.64,0.0,0.0,12.0,4.0171,127909.37,5000.0,9531.596,21504.2,8672.604,3000.0,300.0,0.0,106405.17,5240.259,0.0,5240.259,0.0,5240.259,127909.375,11002.527,2329.924,0.0,8672.604,0.0,0.0,0.0,0.0,8672.604,0.0,0.0,0.0,0.0,0.0,0.0
88060,2025,1,0.0,0.0,0.0,0.0,6405.55,0.0,0.0,17750.0,0.0,476.39,0.0,0.0,0.0,0.0,0.0,0.0,0.0,17750.0,0.0,0.0,0.0,1890.53,3000.0,0.0,0.0,0.0,0.0,0.0,0.0,0.0,0.0,0.0,0.0,0.0,0.0,0.0,0.0,1890.5302,3000.0,0.0,4500.0,0.0,1500.0,0.0,4515.0195,0.0,0.0,0.0,0.0,0.0,0.0,6405.55,0.0,0.0,0.0,0.0,0.0,0.0,0.0,0.0,0.0,0.0,0.0,0.0,0.0,0.0,4515.01953125
88061,2025,1,83934.7,19592.82,17417.67,8708.84,516713.8,0.0,15613.86,34700.0,0.0,25455.69,14534.86,10135.12,467478.9,33355.73,0.0,0.0,0.0,502178.9,0.0,73799.57,8708.84,489099.94,5000.0,8708.84,393456.41,0.0,0.0,0.0,0.0,0.0,0.0,0.0,1650.69,0.0,0.0,2903.6562,-140.5664,489099.94,5000.0,8708.837,95643.54,83934.7,3000.0,0.0,12000.0,393456.4,19592.82,0.0,19592.82,0.0,19592.82,516713.78,73799.58,0.0,10135.124,83934.7,0.0,0.0,0.0,0.0,83934.7,0.0,0.0,0.0,15613.864,18369.252,32503.583984375
88062,2025,1,-10797.28,931.91,4522.42,2261.21,29558.28,0.0,0.0,23625.0,0.0,1287.91,0.0,0.0,5933.28,593.33,593.33,0.0,6738.54,29558.28,0.0,593.33,2261.21,29558.28,4120.0,2261.21,19438.28,0.0,0.0,0.0,0.0,0.0,0.0,0.0,428.59,4058.74,0.0,6.0596,5.0,29558.275,4120.0,2261.208,10120.0,0.0,3000.0,3000.0,0.0,19438.275,931.91376,0.0,931.91376,0.0,931.91376,29558.275,593.3275,593.3275,0.0,0.0,6738.537,0.0,4058.7412,10797.278,-10797.278,0.0,0.0,0.0,0.0,0.0,0.0
88063,2025,1,14410.3,3998.2,15873.86,7936.93,104611.13,0.0,0.0,15750.0,0.0,5040.56,0.0,0.0,88861.13,14296.39,0.0,0.0,0.0,104611.13,0.0,14410.29,7936.93,104611.13,2500.0,7936.93,80763.91,0.0,0.0,0.0,0.0,0.0,0.0,0.0,1504.39,0.0,0.0,22.0,3.5176,104611.13,2500.0,7936.9307,23847.227,14410.295,1500.0,0.0,0.0,80763.91,3998.1953,0.0,3998.1953,0.0,3998.1953,104611.13,14410.295,0.0,0.0,14410.295,0.0,0.0,0.0,0.0,14410.295,0.0,0.0,0.0,0.0,0.0,0.0
88064,2025,1,2.0558196e+06,254534.9,115991.29,66915.6,7.218875e+06,0.0,0.0,31500.0,0.0,10000.0,421566.28,110031.02,6.7658085e+06,1.3791735e+06,0.0,0.0,0.0,6.797309e+06,0.0,1945788.62,66915.6,7218933.0,5000.0,66915.6,5092298.0,0.0,0.0,0.0,0.0,0.0,0.0,0.0,49849.68,0.0,0.0,156016.88,-7796.0,7.218933e+06,5000.0,66915.59,2.1266352e+06,2.0558196e+06,3000.0,900.0,0.0,5.092298e+06,254534.9,0.0,254534.9,0.0,254534.9,7.218875e+06,1.9457886e+06,0.0,110031.016,2.0558196e+06,0.0,0.0,0.0,0.0,2.0558196e+06,0.0,0.0,0.0,0.0,0.0,0.0
88065,2025,1,159392.03,33290.51,31513.77,16294.32,845920.25,0.0,0.0,31500.0,0.0,10000.0,41093.68,15449.29,773326.56,75256.5,0.0,0.0,0.0,804826.56,0.0,143942.75,16294.32,846396.5,5000.0,16294.32,667410.12,0.0,0.0,0.0,0.0,0.0,0.0,0.0,3468.11,0.0,0.0,13527.8125,-671.5293,846396.5,5000.0,16294.32,178986.34,159392.03,3000.0,300.0,0.0,667410.1,33290.508,0.0,33290.508,0.0,33290.508,845920.25,143942.75,0.0,15449.289,159392.03,0.0,0.0,0.0,0.0,159392.03,0.0,0.0,0.0,0.0,0.0,3147.2314453125
88066,2025,1,25217.43,7865.61,25776.64,12888.32,200017.86,0.0,0.0,31500.0,0.0,9620.89,3343.12,0.0,165174.75,23183.82,0.0,0.0,0.0,196674.77,0.0,25217.43,12888.32,200017.86,5000.0,12888.32,158912.11,0.0,0.0,0.0,0.0,0.0,0.0,0.0,2442.88,0.0,0.0,22.0,3.5181,200017.86,5000.0,12888.321,41105.75,25217.428,3000.0,0.0,0.0,158912.11,7865.6055,0.0,7865.6055,0.0,7865.6055,200017.86,25217.428,0.0,0.0,25217.428,0.0,0.0,0.0,0.0,25217.428,0.0,0.0,0.0,0.0,0.0,0.0
88067,2025,1,16420.77,6511.69,18699.59,9349.79,160604.4,0.0,0.0,31500.0,0.0,7650.22,5233.5,0.0,123870.91,15009.0,0.0,0.0,0.0,155370.9,0.0,16420.77,9349.79,160604.39,5000.0,9349.79,131833.83,0.0,0.0,0.0,0.0,0.0,0.0,0.0,1772.18,0.0,0.0,21.9961,3.5181,160604.39,5000.0,9349.793,28770.564,16420.771,3000.0,0.0,0.0,131833.83,6511.6914,0.0,6511.6914,0.0,6511.6914,160604.4,16420.771,0.0,0.0,16420.771,0.0,0.0,0.0,0.0,16420.771,0.0,0.0,0.0,0.0,0.0,0.0
88068,2025,1,0.0,0.0,17387.34,8854.42,-499079.1,0.0,0.0,31500.0,0.0,0.0,0.0,0.0,0.0,0.0,0.0,0.0,0.0,31500.0,0.0,0.0,8854.42,-1763037.5,8500.0,290940.4,0.0,0.0,0.0,0.0,0.0,0.0,0.0,0.0,1617.35,0.0,0.0,0.0,0.0,-1.7630375e+06,8500.0,290940.4,294940.4,0.0,3000.0,1000.0,0.0,0.0,0.0,0.0,0.0,0.0,0.0,-499079.1,0.0,0.0,0.0,0.0,0.0,0.0,0.0,0.0,0.0,0.0,0.0,0.0,0.0,0.0,0.0
88069,2025,1,-1683.4,0.0,524.89,262.45,3430.66,0.0,0.0,23625.0,0.0,682.61,0.0,0.0,0.0,0.0,0.0,0.0,1543.8,23625.0,0.0,0.0,262.45,3430.66,5200.0,262.45,0.0,0.0,0.0,0.0,0.0,0.0,0.0,0.0,49.74,139.6,0.0,-60.0,0.0,3430.6592,5200.0,262.44543,11200.0,0.0,3000.0,3000.0,0.0,0.0,0.0,0.0,0.0,0.0,0.0,3430.6592,0.0,0.0,0.0,0.0,1543.7966,0.0,139.59888,1683.3955,-1683.3955,0.0,0.0,0.0,0.0,0.0,0.0
88070,2025,1,0.0,0.0,8758.17,4379.09,-554764.75,0.0,0.0,33100.0,0.0,0.0,0.0,0.0,0.0,0.0,0.0,0.0,0.0,33100.0,0.0,0.0,4379.09,-45711352.0,8500.0,7.318195e+06,0.0,0.0,0.0,0.0,0.0,0.0,0.0,0.0,830.02,0.0,0.0,0.0,0.0,-4.571135e+07,8500.0,7.3181955e+06,7.3211955e+06,0.0,3000.0,0.0,3.817087,0.0,0.0,0.0,0.0,0.0,0.0,-554764.75,0.0,0.0,0.0,0.0,0.0,0.0,0.0,0.0,0.0,0.0,0.0,0.0,0.0,0.0,7.63417387008667
88071,2025,1,25444.6,7128.29,7065.14,3532.57,181718.52,0.0,1875.54,17750.0,0.0,8895.93,76.87,0.0,163891.64,13604.13,0.0,0.0,0.0,181641.64,0.0,25444.61,3532.57,173842.95,2500.0,3532.57,143365.78,0.0,0.0,0.0,0.0,0.0,0.0,0.0,669.57,0.0,0.0,22.0,3.5171,173842.95,2500.0,3532.5698,30477.176,25444.605,1500.0,0.0,6000.0,143365.78,7128.289,0.0,7128.289,0.0,7128.289,181718.52,25444.605,0.0,0.0,25444.605,0.0,0.0,0.0,0.0,25444.605,0.0,0.0,0.0,1875.5394,2206.5168,37470.0078125
88072,2025,1,0.0,0.0,111.73,55.86,1061.54,0.0,0.0,34700.0,0.0,853.59,0.0,0.0,0.0,0.0,0.0,0.0,0.0,34700.0,0.0,0.0,55.86,1061.54,8500.0,55.86,0.0,0.0,0.0,0.0,0.0,0.0,0.0,0.0,10.59,0.0,0.0,0.0,0.0,1061.5398,8500.0,55.86371,11500.0,0.0,3000.0,0.0,0.0,0.0,0.0,0.0,0.0,0.0,0.0,1061.5398,0.0,0.0,0.0,0.0,0.0,0.0,0.0,0.0,0.0,0.0,0.0,0.0,0.0,32411.281,0.0
88073,2025,1,2786.01,1636.76,6266.0,3133.0,40954.24,0.0,0.0,15750.0,0.0,1857.71,0.0,0.0,25204.24,2786.01,0.0,0.0,0.0,40954.24,0.0,2786.01,3133.0,40954.23,2500.0,3133.0,33535.23,0.0,0.0,0.0,0.0,0.0,0.0,0.0,593.84,0.0,0.0,12.0,4.0176,40954.234,2500.0,3132.999,7419.007,2786.008,1500.0,0.0,0.0,33535.227,1636.7614,0.0,1636.7614,0.0,1636.7614,40954.234,2786.008,0.0,0.0,2786.008,0.0,0.0,0.0,0.0,2786.008,0.0,0.0,0.0,0.0,0.0,0.0
88074,2025,1,0.0,0.0,1519.8,759.9,10072.13,0.0,0.0,34700.0,0.0,931.9,0.0,0.0,0.0,0.0,0.0,0.0,0.0,34700.0,0.0,0.0,759.9,10072.13,8500.0,759.9,0.0,0.0,0.0,0.0,0.0,0.0,0.0,0.0,144.03,0.0,0.0,0.0,0.0,10072.134,8500.0,759.89746,11500.0,0.0,3000.0,0.0,0.0,0.0,0.0,0.0,0.0,0.0,0.0,10072.134,0.0,0.0,0.0,0.0,0.0,0.0,0.0,0.0,0.0,0.0,0.0,0.0,0.0,31553.191,0.0
88075,2025,1,-4115.48,0.0,1402.13,701.07,9164.25,0.0,0.0,23625.0,0.0,569.06,0.0,0.0,0.0,0.0,0.0,0.0,3115.85,23625.0,0.0,0.0,701.07,9164.25,5200.0,701.07,0.0,0.0,0.0,0.0,0.0,0.0,0.0,0.0,132.88,999.64,0.0,-49.0,1.285,9164.252,5200.0,701.06525,9200.0,0.0,3000.0,1000.0,0.0,0.0,0.0,0.0,0.0,0.0,0.0,9164.252,0.0,0.0,0.0,0.0,3115.8457,0.0,999.6378,4115.4834,-4115.4834,0.0,0.0,0.0,0.0,0.0,0.0
88076,2025,1,0.0,0.0,90.47,45.24,5867.02,0.0,278.52,34700.0,0.0,998.46,0.0,0.0,0.0,0.0,0.0,0.0,0.0,34700.0,0.0,0.0,45.24,5588.5,8500.0,45.24,0.0,0.0,0.0,0.0,0.0,0.0,0.0,0.0,8.57,0.0,0.0,0.0,0.0,5588.5,8500.0,45.237144,11500.0,0.0,3000.0,0.0,0.0,0.0,0.0,0.0,0.0,0.0,0.0,5867.0195,0.0,0.0,0.0,0.0,0.0,0.0,0.0,0.0,0.0,0.0,0.0,0.0,278.51953,53937.08,0.0
88077,2025,1,4581.21,3021.95,11213.39,5606.69,75226.81,0.0,0.0,31500.0,0.0,3381.34,0.0,0.0,43726.81,4581.21,0.0,0.0,0.0,75226.81,0.0,4581.21,5606.69,75226.81,5000.0,5606.69,62038.91,0.0,0.0,0.0,0.0,0.0,0.0,0.0,1062.71,0.0,0.0,12.0,4.0176,75226.81,5000.0,5606.694,13187.901,4581.2075,3000.0,0.0,0.0,62038.91,3021.9456,0.0,3021.9456,0.0,3021.9456,75226.81,4581.2075,0.0,0.0,4581.2075,0.0,0.0,0.0,0.0,4581.2075,0.0,0.0,0.0,0.0,0.0,0.0
88078,2025,1,1.584759e+07,2.4886462e+06,51015.26,33062.92,6.5652704e+07,0.0,0.0,31500.0,0.0,10000.0,728669.5,2.3404535e+06,6.4892532e+07,1.2398816e+06,0.0,0.0,0.0,6.4924036e+07,0.0,13507135.62,33062.92,65658176.0,5000.0,33062.92,49774524.0,0.0,0.0,0.0,0.0,0.0,0.0,0.0,9025.25,0.0,0.0,269642.0,-13477.501,6.5658176e+07,5000.0,33062.926,1.5883653e+07,1.584759e+07,3000.0,0.0,0.0,4.9774524e+07,2.4886462e+06,0.0,2.4886462e+06,0.0,2.4886462e+06,6.5652704e+07,1.3507136e+07,0.0,2.3404535e+06,1.584759e+07,0.0,0.0,0.0,0.0,1.584759e+07,0.0,0.0,0.0,0.0,0.0,83239.1328125
88079,2025,1,0.0,0.0,0.0,0.0,40.42,0.0,0.0,17750.0,0.0,40.42,0.0,0.0,0.0,0.0,0.0,0.0,0.0,17750.0,0.0,0.0,0.0,40.42,3000.0,0.0,0.0,0.0,0.0,0.0,0.0,0.0,0.0,0.0,0.0,0.0,0.0,0.0,0.0,40.418457,3000.0,0.0,4500.0,0.0,1500.0,0.0,0.0,0.0,0.0,0.0,0.0,0.0,0.0,40.418457,0.0,0.0,0.0,0.0,0.0,0.0,0.0,0.0,0.0,0.0,0.0,0.0,0.0,7220.2134,0.0
88080,2025,1,0.0,0.0,15717.43,7858.72,-508668.88,0.0,0.0,31500.0,0.0,0.0,0.0,0.0,0.0,0.0,0.0,0.0,0.0,31500.0,0.0,0.0,7858.72,-2295737.0,8500.0,375176.62,0.0,0.0,0.0,0.0,0.0,0.0,0.0,0.0,1489.56,0.0,0.0,0.0,0.0,-2.295737e+06,8500.0,375176.62,378176.62,0.0,3000.0,0.0,0.0,0.0,0.0,0.0,0.0,0.0,0.0,-508668.88,0.0,0.0,0.0,0.0,0.0,0.0,0.0,0.0,0.0,0.0,0.0,0.0,0.0,0.0,0.0
88081,2025,1,163522.73,24605.62,44434.15,23991.44,684526.4,0.0,0.0,31500.0,0.0,10000.0,0.0,1528.51,653026.44,154448.17,0.0,0.0,0.0,684526.4,0.0,161994.23,23991.44,684526.5,5000.0,23991.44,493712.31,0.0,0.0,0.0,0.0,0.0,0.0,0.0,12891.11,0.0,0.0,35.0,3.1309,684526.5,5000.0,23991.436,190814.17,163522.73,3000.0,300.0,0.0,493712.3,24605.615,0.0,24605.615,0.0,24605.615,684526.44,161994.22,0.0,1528.5103,163522.73,0.0,0.0,0.0,0.0,163522.73,0.0,0.0,0.0,0.0,0.0,0.0
88082,2025,1,211.12,644.43,2815.16,1407.58,18399.73,0.0,0.0,15750.0,0.0,729.99,0.0,0.0,2649.73,264.97,0.0,0.0,53.85,18399.73,0.0,264.97,1407.58,18399.73,3000.0,1407.58,13688.61,0.0,0.0,0.0,0.0,0.0,0.0,0.0,266.8,0.0,0.0,17.65,4.1176,18399.729,3000.0,1407.5792,4711.122,211.12207,1500.0,0.0,0.0,13688.606,644.4303,0.0,644.4303,0.0,644.4303,18399.729,264.97284,0.0,0.0,264.97284,53.85077,0.0,0.0,53.85077,211.12207,0.0,0.0,0.0,0.0,0.0,0.0
88083,2025,1,0.0,0.0,0.0,0.0,-41864.66,0.0,0.0,23625.0,0.0,0.0,0.0,0.0,0.0,0.0,0.0,0.0,0.0,23625.0,0.0,0.0,0.0,-41864.66,5200.0,6698.35,0.0,0.0,0.0,0.0,0.0,0.0,0.0,0.0,0.0,0.0,0.0,0.0,0.0,-41864.664,5200.0,6698.346,11698.346,0.0,3000.0,2000.0,0.0,0.0,0.0,0.0,0.0,0.0,0.0,-41864.664,0.0,0.0,0.0,0.0,0.0,0.0,0.0,0.0,0.0,0.0,0.0,0.0,0.0,0.0,0.0
88084,2025,1,7498.12,4589.5,13988.09,8530.94,110882.08,0.0,0.0,31500.0,0.0,5164.1,5452.79,0.0,73929.3,7498.12,0.0,0.0,0.0,105429.3,0.0,7498.12,8530.94,112418.97,5000.0,8530.94,93389.91,0.0,0.0,0.0,0.0,0.0,0.0,0.0,1034.36,0.0,0.0,12.0,4.0176,112418.97,5000.0,8530.938,19029.057,7498.1177,3000.0,0.0,0.0,93389.914,4589.4956,0.0,4589.4956,0.0,4589.4956,110882.08,7498.1177,0.0,0.0,7498.1177,0.0,0.0,0.0,0.0,7498.1177,0.0,0.0,0.0,0.0,0.0,1682.0968017578125
88085,2025,1,2.4897766e+07,3.299217e+06,1.0133072e+06,882494.0,9.150897e+07,0.0,0.0,31500.0,0.0,10000.0,7.029298e+06,1.8328e+06,8.444817e+07,1.3529768e+07,0.0,0.0,0.0,8.447966e+07,0.0,23064966.0,882494.0,91769200.0,5000.0,882494.0,65985940.0,0.0,0.0,0.0,0.0,0.0,0.0,0.0,347210.91,0.0,0.0,2.600878e+06,-130039.24,9.17692e+07,5000.0,882494.0,2.578326e+07,2.4897766e+07,3000.0,0.0,0.0,6.598594e+07,3.299217e+06,0.0,3.299217e+06,0.0,3.299217e+06,9.150897e+07,2.3064966e+07,0.0,1.8328e+06,2.4897766e+07,0.0,0.0,0.0,0.0,2.4897766e+07,0.0,0.0,0.0,0.0,0.0,132138.25
88086,2025,1,59037.13,15008.4,30739.6,15720.98,379881.12,0.0,0.0,31500.0,0.0,18614.06,21689.22,559.44,326691.9,60840.42,4400.0,0.0,0.0,358191.9,0.0,62877.69,15720.98,380126.09,5000.0,15720.98,301768.0,0.0,0.0,0.0,0.0,0.0,0.0,0.0,3934.79,0.0,0.0,24.0,3.6748,380126.1,5000.0,15720.977,78358.11,59037.13,3000.0,600.0,0.0,301768.0,15008.4,0.0,15008.4,0.0,15008.4,379881.12,62877.69,4400.0,559.4368,59037.13,0.0,0.0,0.0,0.0,59037.13,0.0,0.0,0.0,0.0,0.0,0.0
88087,2025,1,2.1371556e+07,2.6361655e+06,371395.88,242008.38,7.4323416e+07,0.0,0.0,31500.0,0.0,10000.0,7.4574005e+06,1.1240876e+06,6.683451e+07,1.5064686e+07,0.0,0.0,0.0,6.6866016e+07,0.0,20247468.5,242008.38,74341776.0,5000.0,242008.38,52724912.0,0.0,0.0,0.0,0.0,0.0,0.0,0.0,183452.61,0.0,0.0,2.759274e+06,-137959.0,7.434178e+07,5000.0,242008.38,2.1616864e+07,2.1371556e+07,3000.0,300.0,0.0,5.272491e+07,2.6361655e+06,0.0,2.6361655e+06,0.0,2.6361655e+06,7.4323416e+07,2.0247468e+07,0.0,1.1240876e+06,2.1371556e+07,0.0,0.0,0.0,0.0,2.1371556e+07,0.0,0.0,0.0,0.0,0.0,37842.05859375
88088,2025,1,2.055812e+07,3.0432838e+06,118059.47,101409.45,8.151868e+07,0.0,16838.18,17750.0,0.0,10000.0,2.0966855e+06,2.6600608e+06,7.940425e+07,4.4409615e+06,0.0,0.0,0.0,7.9422e+07,0.0,17898059.5,101409.45,81527512.0,2500.0,101409.45,60866480.0,0.0,0.0,0.0,0.0,0.0,0.0,0.0,27147.8,0.0,0.0,775806.0,-38785.5,8.152751e+07,2500.0,101409.45,2.066103e+07,2.055812e+07,1500.0,0.0,6000.0,6.086648e+07,3.043284e+06,0.0,3.043284e+06,0.0,3.043284e+06,8.151868e+07,1.789806e+07,0.0,2.6600608e+06,2.055812e+07,0.0,0.0,0.0,0.0,2.055812e+07,0.0,0.0,0.0,16838.176,19809.617,621513.375
88089,2025,1,27327.95,7500.25,24077.36,12038.68,219401.34,23120.0,2309.69,34700.0,0.0,10590.07,612.37,0.0,180417.14,22631.18,0.0,0.0,0.0,215117.14,0.0,27327.95,12038.68,193971.66,5000.0,12038.68,151605.03,0.0,0.0,0.0,0.0,0.0,0.0,0.0,2281.84,0.0,0.0,24.6387,3.3853,193971.66,5000.0,12038.683,42366.63,27327.947,3000.0,0.0,0.0,151605.03,7500.2515,0.0,7500.2515,0.0,7500.2515,219401.34,27327.947,0.0,0.0,27327.947,0.0,0.0,0.0,0.0,27327.947,0.0,0.0,0.0,2309.6921,2717.2847,0.0
88090,2025,1,2486.86,1536.61,5884.59,2942.3,38461.37,0.0,0.0,15750.0,0.0,1733.07,0.0,0.0,22711.37,2486.86,0.0,0.0,0.0,38461.37,0.0,2486.86,2942.3,38461.37,2500.0,2942.3,31532.21,0.0,0.0,0.0,0.0,0.0,0.0,0.0,557.69,0.0,0.0,12.0,4.0176,38461.37,2500.0,2942.295,6929.159,2486.8645,1500.0,0.0,0.0,31532.21,1536.6106,0.0,1536.6106,0.0,1536.6106,38461.37,2486.8645,0.0,0.0,2486.8645,0.0,0.0,0.0,0.0,2486.8645,0.0,0.0,0.0,0.0,0.0,0.0
88091,2025,1,0.0,0.0,0.0,0.0,0.0,0.0,0.0,23625.0,0.0,0.0,0.0,0.0,0.0,0.0,0.0,0.0,0.0,23625.0,0.0,0.0,0.0,0.0,5200.0,0.0,0.0,0.0,0.0,0.0,0.0,0.0,0.0,0.0,0.0,0.0,0.0,-17.0,0.0,0.0,5200.0,0.0,9200.0,0.0,3000.0,1000.0,0.0,0.0,0.0,0.0,0.0,0.0,0.0,0.0,0.0,0.0,0.0,0.0,0.0,0.0,0.0,0.0,0.0,0.0,0.0,0.0,0.0,0.0,0.0
88092,2025,1,2451.05,1671.49,0.0,0.0,62216.48,0.0,15535.72,17750.0,0.0,2920.82,0.0,0.0,38466.48,2451.05,0.0,0.0,0.0,56216.48,0.0,2451.05,0.0,40680.76,2500.0,0.0,34229.71,0.0,0.0,0.0,0.0,0.0,0.0,0.0,0.0,0.0,0.0,6.0,2.2,40680.758,2500.0,0.0,6451.0503,2451.0503,1500.0,0.0,6000.0,34229.707,1671.4854,0.0,1671.4854,0.0,1671.4854,62216.477,2451.0503,0.0,0.0,2451.0503,0.0,0.0,0.0,0.0,2451.0503,0.0,0.0,0.0,15535.718,18277.314,28858.888671875
88093,2025,1,-3276.45,1640.18,6597.87,3298.93,43403.64,0.0,0.0,31500.0,0.0,1897.49,56.06,0.0,11847.57,1184.76,1184.76,0.0,2261.21,43347.57,0.0,1184.76,3298.93,43403.63,5000.0,3298.93,34403.63,0.0,0.0,0.0,0.0,0.0,0.0,0.0,625.29,1015.24,0.0,25.98,5.0,43403.633,5000.0,3298.933,9000.0,0.0,3000.0,1000.0,0.0,34403.633,1640.1816,0.0,1640.1816,0.0,1640.1816,43403.633,1184.7568,1184.7568,0.0,0.0,2261.2056,0.0,1015.24316,3276.4487,-3276.4487,0.0,0.0,0.0,0.0,0.0,0.0
88094,2025,1,206894.38,39973.88,28137.6,14446.56,1.02504075e+06,0.0,0.0,31500.0,0.0,10000.0,73440.81,17428.82,920099.94,107202.84,0.0,0.0,0.0,951599.94,0.0,189465.56,14446.56,1025418.5,5000.0,14446.56,801077.56,0.0,0.0,0.0,0.0,0.0,0.0,0.0,2595.03,0.0,0.0,28738.154,-1431.6953,1.0254185e+06,5000.0,14446.565,224340.94,206894.38,3000.0,0.0,0.0,801077.56,39973.88,0.0,39973.88,0.0,39973.88,1.02504075e+06,189465.56,0.0,17428.82,206894.38,0.0,0.0,0.0,0.0,206894.38,0.0,0.0,0.0,0.0,0.0,20215.796875
88095,2025,1,1988.29,1369.69,5248.91,2624.45,34306.59,0.0,0.0,15750.0,0.0,1525.33,0.0,0.0,18556.59,1988.29,0.0,0.0,0.0,34306.59,0.0,1988.29,2624.45,34306.59,2575.0,2624.45,28193.84,0.0,0.0,0.0,0.0,0.0,0.0,0.0,497.45,0.0,0.0,12.0,4.0176,34306.59,2575.0,2624.454,6112.745,1988.2908,1500.0,0.0,0.0,28193.844,1369.6921,0.0,1369.6921,0.0,1369.6921,34306.59,1988.2908,0.0,0.0,1988.2908,0.0,0.0,0.0,0.0,1988.2908,0.0,0.0,0.0,0.0,0.0,0.0
88096,2025,1,7757.12,4733.53,16692.51,10344.78,115174.04,0.0,0.0,23625.0,0.0,5568.7,5258.01,0.0,86291.02,12153.03,4400.0,0.0,0.0,109916.02,0.0,12157.12,10344.78,117172.55,2500.0,10344.78,95470.66,0.0,0.0,0.0,0.0,0.0,0.0,0.0,1203.16,0.0,0.0,22.0,3.5176,117172.555,2500.0,10344.779,21701.895,7757.116,3000.0,600.0,0.0,95470.66,4733.5327,0.0,4733.5327,0.0,4733.5327,115174.04,12157.116,4400.0,0.0,7757.116,0.0,0.0,0.0,0.0,7757.116,0.0,0.0,0.0,0.0,0.0,5748.50439453125
88097,2025,1,-8589.19,0.0,7972.41,3986.21,-25747.66,0.0,0.0,31500.0,0.0,0.0,0.0,0.0,0.0,0.0,0.0,0.0,3489.19,31500.0,0.0,0.0,3986.21,-37244.65,8500.0,9945.35,0.0,0.0,0.0,0.0,0.0,0.0,0.0,0.0,755.56,5100.0,0.0,21.0605,0.0,-37244.65,8500.0,9945.35,15945.35,0.0,3000.0,3000.0,0.0,0.0,0.0,0.0,0.0,0.0,0.0,-25747.654,0.0,0.0,0.0,0.0,3489.191,0.0,5100.0,8589.191,-8589.191,0.0,0.0,0.0,0.0,0.0,0.0
88098,2025,1,5.01057e+06,648781.3,226563.84,187197.27,1.8167534e+07,0.0,28070.58,34700.0,0.0,10000.0,1.03044744e+06,417027.38,1.7102386e+07,2.6424805e+06,0.0,0.0,0.0,1.7137086e+07,0.0,4593542.5,187197.27,18177994.0,5000.0,187197.27,12977226.0,0.0,0.0,0.0,0.0,0.0,0.0,0.0,75219.36,0.0,0.0,381303.0,-19060.188,1.8177994e+07,5000.0,187197.27,5.2007675e+06,5.01057e+06,3000.0,0.0,12000.0,1.2977226e+07,648781.3,0.0,648781.3,0.0,648781.3,1.8167534e+07,4.5935425e+06,0.0,417027.38,5.01057e+06,0.0,0.0,0.0,0.0,5.01057e+06,0.0,0.0,0.0,28070.574,33024.203,50864.73046875
88099,2025,1,-271.8,475.25,2379.26,1189.63,14804.94,0.0,0.0,15750.0,0.0,550.25,0.0,0.0,0.0,0.0,0.0,0.0,271.8,15750.0,0.0,0.0,1189.63,14804.94,3000.0,1189.63,10304.94,0.0,0.0,0.0,0.0,0.0,0.0,0.0,225.49,0.0,0.0,7.65,5.0,14804.938,3000.0,1189.6315,4500.0,0.0,1500.0,0.0,0.0,10304.938,475.24692,0.0,475.24692,0.0,475.24692,14804.938,0.0,0.0,0.0,0.0,271.79852,0.0,0.0,271.79852,-271.79852,0.0,0.0,0.0,0.0,0.0,0.0
88100,2025,1,8.2969965e+06,1.0157722e+06,242776.95,152916.27,2.8808062e+07,0.0,32328.74,34700.0,0.0,10000.0,1.9043808e+06,521618.4,2.6868982e+07,5.31631e+06,0.0,0.0,0.0,2.6903682e+07,0.0,7775378.0,152916.27,28769958.0,5000.0,152916.27,20317044.0,0.0,0.0,0.0,0.0,0.0,0.0,0.0,129553.4,0.0,0.0,704657.5,-35228.0,2.8769958e+07,5000.0,152916.27,8.452913e+06,8.2969965e+06,3000.0,0.0,12000.0,2.0317044e+07,1.0157722e+06,0.0,1.0157722e+06,0.0,1.0157722e+06,2.8808062e+07,7.775378e+06,0.0,521618.4,8.2969965e+06,0.0,0.0,0.0,0.0,8.2969965e+06,0.0,0.0,0.0,32328.742,38033.812,82722.84375
88101,2025,1,2.1913095e+06,292812.75,103209.41,74560.81,8.11073e+06,0.0,0.0,31500.0,0.0,10000.0,440801.2,195750.14,7.6384295e+06,1.107651e+06,0.0,0.0,0.0,7.6699295e+06,0.0,1995559.31,74560.81,8127025.0,5000.0,74560.81,5857855.0,0.0,0.0,0.0,0.0,0.0,0.0,0.0,22325.69,0.0,0.0,163133.5,-8151.875,8.127025e+06,5000.0,74560.81,2.2691702e+06,2.1913095e+06,3000.0,300.0,0.0,5.857855e+06,292812.75,0.0,292812.75,0.0,292812.75,8.1107305e+06,1.9955592e+06,0.0,195750.14,2.1913095e+06,0.0,0.0,0.0,0.0,2.1913095e+06,0.0,0.0,0.0,0.0,0.0,134544.921875
88102,2025,1,0.0,0.0,0.0,0.0,30.31,0.0,0.0,17750.0,0.0,30.31,0.0,0.0,0.0,0.0,0.0,0.0,0.0,17750.0,0.0,0.0,0.0,30.31,3000.0,0.0,0.0,0.0,0.0,0.0,0.0,0.0,0.0,0.0,0.0,0.0,0.0,0.0,0.0,30.313845,3000.0,0.0,4500.0,0.0,1500.0,0.0,0.0,0.0,0.0,0.0,0.0,0.0,0.0,30.313845,0.0,0.0,0.0,0.0,0.0,0.0,0.0,0.0,0.0,0.0,0.0,0.0,0.0,19172.18,0.0
88103,2025,1,2.3680466e+07,3.5733082e+06,103667.1,94284.49,9.521188e+07,0.0,0.0,31500.0,0.0,10000.0,3.0327832e+06,3.0313552e+06,9.21476e+07,4.920211e+06,0.0,0.0,0.0,9.21791e+07,0.0,20649110.0,94284.49,95245512.0,5000.0,94284.49,71467760.0,0.0,0.0,0.0,0.0,0.0,0.0,0.0,19412.86,0.0,0.0,1.122166e+06,-56102.754,9.524551e+07,5000.0,94284.49,2.377775e+07,2.3680466e+07,3000.0,0.0,0.0,7.146776e+07,3.573308e+06,0.0,3.573308e+06,0.0,3.573308e+06,9.521188e+07,2.064911e+07,0.0,3.0313552e+06,2.3680466e+07,0.0,0.0,0.0,0.0,2.3680466e+07,0.0,0.0,0.0,0.0,0.0,152809.484375
88104,2025,1,81747.7,17567.01,46547.98,23663.59,461951.53,0.0,0.0,31500.0,0.0,22717.58,16768.91,1578.16,413682.6,75622.42,1300.0,0.0,0.0,445182.6,0.0,81469.55,23663.59,461951.53,5000.0,23663.59,352940.25,0.0,0.0,0.0,0.0,0.0,0.0,0.0,5659.55,0.0,0.0,1520.875,-71.2656,461951.53,5000.0,23663.588,109011.29,81747.7,3000.0,600.0,0.0,352940.25,17567.012,0.0,17567.012,0.0,17567.012,461951.5,81469.55,1300.0,1578.1558,81747.7,0.0,0.0,0.0,0.0,81747.7,0.0,0.0,0.0,0.0,0.0,0.0
88105,2025,1,9410.74,5407.49,20275.74,10137.87,132898.4,0.0,0.0,31500.0,0.0,6264.92,0.0,0.0,101398.41,12057.35,2700.0,0.0,0.0,132898.4,0.0,12110.74,10137.87,132898.41,5000.0,10137.87,109749.8,0.0,0.0,0.0,0.0,0.0,0.0,0.0,1921.56,0.0,0.0,22.0,3.5176,132898.4,5000.0,10137.868,23148.604,9410.735,3000.0,600.0,0.0,109749.805,5407.49,0.0,5407.49,0.0,5407.49,132898.4,12110.735,2700.0,0.0,9410.735,0.0,0.0,0.0,0.0,9410.735,0.0,0.0,0.0,0.0,0.0,0.0
88106,2025,1,1.7585166e+07,2.3372958e+06,210760.6,163265.53,6.447362e+07,0.0,13170.45,15750.0,0.0,10000.0,4.6692145e+06,1.4617495e+06,5.9788656e+07,9.117057e+06,0.0,0.0,0.0,5.9804404e+07,0.0,16123417.0,163265.53,64496648.0,2500.0,163265.53,46746716.0,0.0,0.0,0.0,0.0,0.0,0.0,0.0,79948.4,0.0,0.0,1.7276461e+06,-86377.25,6.449665e+07,2500.0,163265.53,1.7749932e+07,1.7585166e+07,1500.0,0.0,0.0,4.6746716e+07,2.3372958e+06,0.0,2.3372958e+06,0.0,2.3372958e+06,6.447362e+07,1.6123417e+07,0.0,1.4617494e+06,1.7585166e+07,0.0,0.0,0.0,0.0,1.7585166e+07,0.0,0.0,0.0,13170.454,15494.651,124744.875
88107,2025,1,-3678.14,1336.02,5267.07,2633.54,34425.3,0.0,0.0,23625.0,0.0,1531.26,0.0,0.0,10800.3,1080.03,1080.03,0.0,2558.17,34425.3,0.0,1080.03,2633.54,34425.3,2905.0,2633.54,27520.3,0.0,0.0,0.0,0.0,0.0,0.0,0.0,499.17,1119.97,0.0,25.98,11.75,34425.3,2905.0,2633.5354,6905.0,0.0,3000.0,1000.0,0.0,27520.3,1336.015,0.0,1336.015,0.0,1336.015,34425.3,1080.03,1080.03,0.0,0.0,2558.167,0.0,1119.97,3678.137,-3678.137,0.0,0.0,0.0,0.0,0.0,0.0
88108,2025,1,0.0,0.0,0.0,0.0,742.17,0.0,742.17,17750.0,0.0,742.17,0.0,0.0,0.0,0.0,0.0,0.0,0.0,17750.0,0.0,0.0,0.0,0.0,3000.0,0.0,0.0,0.0,0.0,0.0,0.0,0.0,0.0,0.0,0.0,0.0,0.0,0.0,0.0,0.0,3000.0,0.0,4500.0,0.0,1500.0,0.0,0.0,0.0,0.0,0.0,0.0,0.0,0.0,742.166,0.0,0.0,0.0,0.0,0.0,0.0,0.0,0.0,0.0,0.0,0.0,0.0,742.166,52968.664,0.0
88109,2025,1,7134.01,2820.64,10897.39,5448.69,71295.49,0.0,0.0,15750.0,0.0,3374.77,0.0,0.0,55545.49,7134.01,0.0,0.0,0.0,71295.49,0.0,7134.01,5448.69,71295.49,2500.0,5448.69,57212.79,0.0,0.0,0.0,0.0,0.0,0.0,0.0,1032.76,0.0,0.0,22.0,3.5176,71295.49,2500.0,5448.694,14082.702,7134.0083,1500.0,0.0,0.0,57212.79,2820.6394,0.0,2820.6394,0.0,2820.6394,71295.49,7134.0083,0.0,0.0,7134.0083,0.0,0.0,0.0,0.0,7134.0083,0.0,0.0,0.0,0.0,0.0,0.0
88110,2025,1,6521.26,3051.34,12870.34,6435.17,97662.01,0.0,16202.58,33100.0,0.0,4503.1,0.0,0.0,58562.01,6521.26,0.0,0.0,0.0,91662.01,0.0,6521.26,6435.17,78583.26,5000.0,6435.17,62626.84,0.0,0.0,0.0,0.0,0.0,0.0,0.0,1219.74,0.0,0.0,12.0005,4.0173,78583.26,5000.0,6435.1685,15956.424,6521.256,3000.0,0.0,0.0,62626.836,3051.3418,0.0,3051.3418,0.0,3051.3418,97662.01,6521.256,0.0,0.0,6521.256,0.0,0.0,0.0,0.0,6521.256,0.0,0.0,0.0,16202.576,19061.854,0.0
88111,2025,1,-649.0,190.84,1394.87,697.43,9116.77,0.0,0.0,15750.0,0.0,476.39,0.0,0.0,0.0,0.0,0.0,0.0,649.0,15750.0,0.0,0.0,697.43,9116.77,3000.0,697.43,4616.77,0.0,0.0,0.0,0.0,0.0,0.0,0.0,132.19,0.0,0.0,0.0,5.0,9116.769,3000.0,697.43274,4500.0,0.0,1500.0,0.0,0.0,4616.7686,190.83842,0.0,190.83842,0.0,190.83842,9116.769,0.0,0.0,0.0,0.0,649.0,0.0,0.0,649.0,-649.0,0.0,0.0,0.0,0.0,0.0,0.0
88112,2025,1,0.0,0.0,0.0,0.0,0.0,0.0,0.0,17750.0,0.0,0.0,0.0,0.0,0.0,0.0,0.0,0.0,0.0,17750.0,0.0,0.0,0.0,0.0,3000.0,0.0,0.0,0.0,0.0,0.0,0.0,0.0,0.0,0.0,0.0,0.0,0.0,0.0,0.0,0.0,3000.0,0.0,4500.0,0.0,1500.0,0.0,0.0,0.0,0.0,0.0,0.0,0.0,0.0,0.0,0.0,0.0,0.0,0.0,0.0,0.0,0.0,0.0,0.0,0.0,0.0,0.0,0.0,3187.191,0.0
88113,2025,1,0.0,0.0,0.0,0.0,0.0,0.0,0.0,23625.0,0.0,0.0,0.0,0.0,0.0,0.0,0.0,0.0,0.0,23625.0,0.0,0.0,0.0,0.0,5200.0,0.0,0.0,0.0,0.0,0.0,0.0,0.0,0.0,0.0,0.0,0.0,0.0,-22.5,0.0,0.0,5200.0,0.0,11200.0,0.0,3000.0,3000.0,0.0,0.0,0.0,0.0,0.0,0.0,0.0,0.0,0.0,0.0,0.0,0.0,0.0,0.0,0.0,0.0,0.0,0.0,0.0,0.0,0.0,0.0,0.0
88114,2025,1,-232.48,0.0,464.96,232.48,3038.92,0.0,0.0,15750.0,0.0,476.39,0.0,0.0,0.0,0.0,0.0,0.0,232.48,15750.0,0.0,0.0,232.48,3038.92,3000.0,232.48,0.0,0.0,0.0,0.0,0.0,0.0,0.0,0.0,44.06,0.0,0.0,-7.65,0.0,3038.923,3000.0,232.4776,4500.0,0.0,1500.0,0.0,0.0,0.0,0.0,0.0,0.0,0.0,0.0,3038.923,0.0,0.0,0.0,0.0,232.47762,0.0,0.0,232.47762,-232.47762,0.0,0.0,0.0,0.0,0.0,0.0
88115,2025,1,0.0,0.0,0.0,0.0,-308000.0,0.0,0.0,15750.0,0.0,0.0,0.0,0.0,0.0,0.0,0.0,0.0,0.0,15750.0,0.0,0.0,0.0,-4164519.0,3000.0,666323.0,0.0,0.0,0.0,0.0,0.0,0.0,0.0,0.0,0.0,0.0,0.0,0.0,0.0,-4.164519e+06,3000.0,666323.0,667823.0,0.0,1500.0,0.0,0.0,0.0,0.0,0.0,0.0,0.0,0.0,-308000.0,0.0,0.0,0.0,0.0,0.0,0.0,0.0,0.0,0.0,0.0,0.0,0.0,0.0,0.0,0.0
88116,2025,1,0.0,0.0,5643.56,2821.78,-576113.94,0.0,0.0,31500.0,0.0,0.0,0.0,0.0,0.0,0.0,0.0,0.0,0.0,31500.0,0.0,0.0,2821.78,-1905345.38,8500.0,307677.06,0.0,0.0,0.0,0.0,0.0,0.0,0.0,0.0,534.85,0.0,0.0,0.0,0.0,-1.9053454e+06,8500.0,307677.06,311677.06,0.0,3000.0,1000.0,0.0,0.0,0.0,0.0,0.0,0.0,0.0,-576113.94,0.0,0.0,0.0,0.0,0.0,0.0,0.0,0.0,0.0,0.0,0.0,0.0,0.0,0.0,0.0
88117,2025,1,111086.29,23973.54,25217.92,12718.71,638460.7,0.0,24694.6,33100.0,0.0,10000.0,45115.5,7778.49,560245.2,75232.7,0.0,0.0,0.0,593345.2,0.0,103307.79,12718.71,607875.81,5000.0,12718.71,481070.81,0.0,0.0,0.0,0.0,0.0,0.0,0.0,2369.13,0.0,0.0,13017.727,-646.2696,607875.8,5000.0,12718.709,126805.0,111086.29,3000.0,0.0,6000.0,481070.8,23973.541,0.0,23973.541,0.0,23973.541,638460.7,103307.8,0.0,7778.493,111086.29,0.0,0.0,0.0,0.0,111086.29,0.0,0.0,0.0,24694.602,29052.473,20103.10546875
88118,2025,1,0.0,0.0,277.43,138.72,4657.09,0.0,0.0,34700.0,0.0,853.59,0.0,0.0,0.0,0.0,0.0,0.0,0.0,34700.0,0.0,0.0,138.72,3507.01,8500.0,138.72,0.0,0.0,0.0,0.0,0.0,0.0,0.0,0.0,26.29,0.0,0.0,0.0,0.0,3507.006,8500.0,138.7152,11500.0,0.0,3000.0,0.0,1150.0804,0.0,0.0,0.0,0.0,0.0,0.0,4657.087,0.0,0.0,0.0,0.0,0.0,0.0,0.0,0.0,0.0,0.0,0.0,0.0,0.0,35157.168,1150.0804443359375
88119,2025,1,0.0,0.0,0.0,0.0,-13.56,0.0,0.0,17750.0,0.0,0.0,0.0,0.0,0.0,0.0,0.0,0.0,0.0,17750.0,0.0,0.0,0.0,-13.56,3000.0,2.17,0.0,0.0,0.0,0.0,0.0,0.0,0.0,0.0,0.0,0.0,0.0,0.0,0.0,-13.559989,3000.0,2.169598,4500.0,0.0,1500.0,0.0,0.0,0.0,0.0,0.0,0.0,0.0,0.0,-13.559989,0.0,0.0,0.0,0.0,0.0,0.0,0.0,0.0,0.0,0.0,0.0,0.0,0.0,16731.73,0.0
88120,2025,1,-7243.27,0.0,2119.27,1059.63,10851.41,0.0,0.0,31500.0,0.0,682.61,0.0,0.0,0.0,0.0,0.0,0.0,5540.56,31500.0,0.0,0.0,1059.63,-4512.94,8500.0,1781.7,0.0,0.0,0.0,0.0,0.0,0.0,0.0,0.0,200.85,1702.71,0.0,-55.0,0.0,-4512.9355,8500.0,1781.7023,13500.0,0.0,3000.0,2000.0,0.0,0.0,0.0,0.0,0.0,0.0,0.0,10851.406,0.0,0.0,0.0,0.0,5540.5625,0.0,1702.711,7243.2734,-7243.2734,0.0,0.0,0.0,0.0,0.0,0.0
88121,2025,1,17397.49,4481.59,17799.07,8899.53,118228.91,0.0,0.0,15750.0,0.0,5721.44,16.74,0.0,102462.16,17272.79,0.0,0.0,0.0,118212.16,0.0,17397.49,8899.53,118228.91,2500.0,8899.53,90431.89,0.0,0.0,0.0,0.0,0.0,0.0,0.0,1686.84,0.0,0.0,22.0,3.5171,118228.91,2500.0,8899.533,27797.02,17397.486,1500.0,0.0,0.0,90431.89,4481.5947,0.0,4481.5947,0.0,4481.5947,118228.91,17397.486,0.0,0.0,17397.486,0.0,0.0,0.0,0.0,17397.486,0.0,0.0,0.0,0.0,0.0,0.0
88122,2025,1,15273.86,4971.51,17104.06,8552.03,165366.88,0.0,37510.78,34700.0,0.0,7888.34,0.0,0.0,120510.9,12988.42,0.0,0.0,0.0,155210.9,0.0,15273.86,8552.03,127856.09,5000.0,8552.03,101030.2,0.0,0.0,0.0,0.0,0.0,0.0,0.0,1620.97,0.0,0.0,24.6396,3.3857,127856.086,5000.0,8552.031,26825.893,15273.861,3000.0,0.0,0.0,101030.195,4971.51,0.0,4971.51,0.0,4971.51,165366.88,15273.861,0.0,0.0,15273.861,0.0,0.0,0.0,0.0,15273.861,0.0,0.0,0.0,37510.785,44130.336,0.0
88123,2025,1,0.0,0.0,0.0,0.0,-19195.39,0.0,0.0,23625.0,0.0,0.0,0.0,0.0,0.0,0.0,0.0,0.0,0.0,23625.0,0.0,0.0,0.0,-19195.39,5200.0,3071.26,0.0,0.0,0.0,0.0,0.0,0.0,0.0,0.0,0.0,0.0,0.0,0.0,0.0,-19195.393,5200.0,3071.2627,9200.0,0.0,3000.0,1000.0,0.0,0.0,0.0,0.0,0.0,0.0,0.0,-19195.393,0.0,0.0,0.0,0.0,0.0,0.0,0.0,0.0,0.0,0.0,0.0,0.0,0.0,0.0,0.0
88124,2025,1,0.0,0.0,0.0,0.0,0.0,0.0,0.0,17750.0,0.0,0.0,0.0,0.0,0.0,0.0,0.0,0.0,0.0,17750.0,0.0,0.0,0.0,0.0,3000.0,0.0,0.0,0.0,0.0,0.0,0.0,0.0,0.0,0.0,0.0,0.0,0.0,0.0,0.0,0.0,3000.0,0.0,4500.0,0.0,1500.0,0.0,0.0,0.0,0.0,0.0,0.0,0.0,0.0,0.0,0.0,0.0,0.0,0.0,0.0,0.0,0.0,0.0,0.0,0.0,0.0,0.0,0.0,36162.36,0.0
88125,2025,1,101922.04,21863.6,33638.43,17161.99,560955.94,0.0,0.0,31500.0,0.0,21713.22,12261.9,6585.52,517194.03,71196.44,0.0,0.0,0.0,548694.0,0.0,95336.52,17161.99,560955.94,5000.0,17161.99,438871.91,0.0,0.0,0.0,0.0,0.0,0.0,0.0,5415.06,0.0,0.0,2966.875,-143.4746,560955.94,5000.0,17161.992,122084.03,101922.04,3000.0,0.0,0.0,438871.9,21863.596,0.0,21863.596,0.0,21863.596,560955.94,95336.516,0.0,6585.523,101922.04,0.0,0.0,0.0,0.0,101922.04,0.0,0.0,0.0,0.0,0.0,170.368408203125
88126,2025,1,500.34,3048.16,11056.65,5844.07,72291.88,0.0,0.0,23625.0,0.0,3424.59,830.7,0.0,47836.17,5400.34,4900.0,0.0,0.0,71461.17,0.0,5400.34,5844.07,72607.62,2500.0,5844.07,61763.21,0.0,0.0,0.0,0.0,0.0,0.0,0.0,988.01,0.0,0.0,12.0,4.0173,72607.62,2500.0,5844.0703,10844.411,500.34082,3000.0,1500.0,0.0,61763.207,3048.1604,0.0,3048.1604,0.0,3048.1604,72291.875,5400.341,4900.0,0.0,500.34082,0.0,0.0,0.0,0.0,500.34082,0.0,0.0,0.0,0.0,0.0,0.0
88127,2025,1,54.44,523.79,0.0,0.0,24744.11,0.0,2913.93,17750.0,0.0,1047.21,0.0,0.0,994.11,54.44,0.0,0.0,0.0,18744.11,0.0,54.44,0.0,15830.18,3000.0,0.0,11275.74,0.0,0.0,0.0,0.0,0.0,0.0,0.0,0.0,0.0,0.0,7.5,2.125,15830.179,3000.0,0.0,4554.4395,54.439613,1500.0,0.0,6000.0,11275.739,523.787,0.0,523.787,0.0,523.787,24744.11,54.439613,0.0,0.0,54.439613,0.0,0.0,0.0,0.0,54.439613,0.0,0.0,0.0,2913.9316,17995.371,20945.966796875
88128,2025,1,5791.29,3007.99,11760.41,5880.21,87902.41,0.0,10971.04,31500.0,0.0,4015.12,0.0,0.0,56402.4,6291.29,500.0,0.0,0.0,87902.41,0.0,6291.29,5880.21,76931.37,5000.0,5880.21,61759.88,0.0,0.0,0.0,0.0,0.0,0.0,0.0,1114.55,0.0,0.0,12.0,4.0176,76931.37,5000.0,5880.2056,15171.494,5791.2886,3000.0,500.0,0.0,61759.875,3007.9937,0.0,3007.9937,0.0,3007.9937,87902.41,6291.2886,500.0,0.0,5791.2886,0.0,0.0,0.0,0.0,5791.2886,0.0,0.0,0.0,10971.037,12907.103,0.0
88129,2025,1,-9762.23,35.82,2584.99,1292.5,16895.38,0.0,0.0,31500.0,0.0,783.11,0.0,0.0,0.0,0.0,0.0,0.0,7602.92,31500.0,0.0,0.0,1292.5,16895.38,8500.0,1292.5,1395.38,0.0,0.0,0.0,0.0,0.0,0.0,0.0,244.98,2159.31,0.0,-60.0,4.0,16895.38,8500.0,1292.4967,15500.0,0.0,3000.0,4000.0,0.0,1395.3809,35.815235,0.0,35.815235,0.0,35.815235,16895.38,0.0,0.0,0.0,0.0,7602.9214,0.0,2159.3071,9762.229,-9762.229,0.0,0.0,0.0,0.0,0.0,0.0
88130,2025,1,1.2614604e+06,161837.47,69009.72,37944.22,4.5714705e+06,0.0,19431.8,34700.0,0.0,10000.0,451575.25,54067.27,4.0851952e+06,938932.4,0.0,0.0,0.0,4.1198952e+06,0.0,1207393.12,37944.22,4540754.0,5000.0,37944.22,3238349.5,0.0,0.0,0.0,0.0,0.0,0.0,0.0,17137.06,0.0,0.0,167120.0,-8351.172,4.540754e+06,5000.0,37944.223,1.3024046e+06,1.2614604e+06,3000.0,0.0,12000.0,3.2383495e+06,161837.47,0.0,161837.47,0.0,161837.47,4.5714705e+06,1.2073931e+06,0.0,54067.27,1.2614604e+06,0.0,0.0,0.0,0.0,1.2614604e+06,0.0,0.0,0.0,19431.805,22860.945,65244.0078125
88131,2025,1,8.716893e+06,1.0477626e+06,553322.8,422444.7,3.0015784e+07,0.0,0.0,31500.0,0.0,10000.0,1.6286521e+06,510925.62,2.8355636e+07,5.6063435e+06,0.0,0.0,0.0,2.8387134e+07,0.0,8205967.25,422444.7,30099490.0,5000.0,422444.7,20956852.0,0.0,0.0,0.0,0.0,0.0,0.0,0.0,244121.16,0.0,0.0,602639.0,-30127.002,3.009949e+07,5000.0,422444.7,9.142638e+06,8.716893e+06,3000.0,300.0,0.0,2.0956852e+07,1.0477626e+06,0.0,1.0477626e+06,0.0,1.0477626e+06,3.0015786e+07,8.205967e+06,0.0,510925.66,8.716893e+06,0.0,0.0,0.0,0.0,8.716893e+06,0.0,0.0,0.0,0.0,0.0,154017.484375
88132,2025,1,0.0,0.0,8801.46,4400.73,-554855.2,0.0,0.0,31500.0,0.0,0.0,0.0,0.0,0.0,0.0,0.0,0.0,0.0,31500.0,0.0,0.0,4400.73,-2098405.25,8500.0,340145.56,0.0,0.0,0.0,0.0,0.0,0.0,0.0,0.0,834.13,0.0,0.0,0.0,0.0,-2.0984052e+06,8500.0,340145.56,343145.56,0.0,3000.0,0.0,0.0,0.0,0.0,0.0,0.0,0.0,0.0,-554855.2,0.0,0.0,0.0,0.0,0.0,0.0,0.0,0.0,0.0,0.0,0.0,0.0,0.0,14280.046,0.0
88133,2025,1,0.0,0.0,0.0,0.0,10.1,0.0,0.0,17750.0,0.0,10.1,0.0,0.0,0.0,0.0,0.0,0.0,0.0,17750.0,0.0,0.0,0.0,10.1,3000.0,0.0,0.0,0.0,0.0,0.0,0.0,0.0,0.0,0.0,0.0,0.0,0.0,0.0,0.0,10.104614,3000.0,0.0,4500.0,0.0,1500.0,0.0,0.0,0.0,0.0,0.0,0.0,0.0,0.0,10.104614,0.0,0.0,0.0,0.0,0.0,0.0,0.0,0.0,0.0,0.0,0.0,0.0,0.0,13484.27,0.0
88134,2025,1,-11651.21,1330.3,6151.24,3075.62,40206.06,0.0,0.0,31500.0,0.0,1630.3,0.0,0.0,8706.06,870.61,870.61,0.0,5995.58,40206.06,0.0,870.61,3075.62,40206.06,5000.0,3075.62,28206.06,0.0,0.0,0.0,0.0,0.0,0.0,0.0,582.96,5655.62,0.0,6.0596,5.0,40206.062,5000.0,3075.6187,12000.0,0.0,3000.0,4000.0,0.0,28206.062,1330.3031,0.0,1330.3031,0.0,1330.3031,40206.062,870.60626,870.6062,0.0,6.1035156e-05,5995.585,0.0,5655.625,11651.21,-11651.21,0.0,0.0,0.0,0.0,0.0,0.0
88135,2025,1,18096.1,6053.34,24671.02,12335.51,160552.52,0.0,0.0,31500.0,0.0,7657.02,0.0,0.0,129052.52,17831.55,0.0,0.0,0.0,160552.52,0.0,18096.1,12335.51,156098.41,5000.0,12335.51,122666.8,0.0,0.0,0.0,0.0,0.0,0.0,0.0,2338.1,0.0,0.0,22.0,3.5176,156098.4,5000.0,12335.51,33431.61,18096.098,3000.0,0.0,0.0,122666.8,6053.34,0.0,6053.34,0.0,6053.34,160552.52,18096.098,0.0,0.0,18096.098,0.0,0.0,0.0,0.0,18096.098,0.0,0.0,0.0,0.0,0.0,209.39645385742188
88136,2025,1,1.897452e+07,2.5755365e+06,244646.3,167249.16,7.067391e+07,0.0,24225.72,34700.0,0.0,10000.0,5.215041e+06,1.4972385e+06,6.5424176e+07,9.649372e+06,0.0,0.0,0.0,6.545887e+07,0.0,17477282.5,167249.16,70657096.0,5000.0,167249.16,51512328.0,0.0,0.0,0.0,0.0,0.0,0.0,0.0,117532.6,0.0,0.0,1.9296019e+06,-96475.75,7.0657096e+07,5000.0,167249.16,1.914477e+07,1.897452e+07,3000.0,0.0,12000.0,5.151233e+07,2.5755365e+06,0.0,2.5755365e+06,0.0,2.5755365e+06,7.067391e+07,1.7477282e+07,0.0,1.4972385e+06,1.897452e+07,0.0,0.0,0.0,0.0,1.897452e+07,0.0,0.0,0.0,24225.717,28500.842,588723.8125
88137,2025,1,0.0,0.0,0.0,0.0,0.0,0.0,0.0,17750.0,0.0,0.0,0.0,0.0,0.0,0.0,0.0,0.0,0.0,17750.0,0.0,0.0,0.0,0.0,3000.0,0.0,0.0,0.0,0.0,0.0,0.0,0.0,0.0,0.0,0.0,0.0,0.0,0.0,0.0,0.0,3000.0,0.0,4500.0,0.0,1500.0,0.0,0.0,0.0,0.0,0.0,0.0,0.0,0.0,0.0,0.0,0.0,0.0,0.0,0.0,0.0,0.0,0.0,0.0,0.0,0.0,0.0,0.0,16719.473,0.0
88138,2025,1,2.1862144e+07,2.2450988e+06,1.3076072e+06,822996.94,6.759045e+07,0.0,12649.47,17750.0,0.0,10000.0,4.0154185e+06,557316.56,6.355728e+07,1.8753784e+07,0.0,0.0,0.0,6.3575028e+07,0.0,21304827.0,822996.94,67589416.0,2500.0,822996.94,44902776.0,0.0,0.0,0.0,0.0,0.0,0.0,0.0,776843.09,0.0,0.0,1.48574e+06,-74282.25,6.7589416e+07,2500.0,822996.94,2.268664e+07,2.1862144e+07,1500.0,0.0,6000.0,4.4902776e+07,2.2450988e+06,0.0,2.2450988e+06,0.0,2.2450988e+06,6.759045e+07,2.1304828e+07,0.0,557316.56,2.1862144e+07,0.0,0.0,0.0,0.0,2.1862144e+07,0.0,0.0,0.0,12649.472,14881.73,166054.96875
88139,2025,1,-4524.86,1672.32,6502.11,3251.05,42497.44,0.0,0.0,23625.0,0.0,1934.87,0.0,0.0,18872.44,1924.69,1294.69,630.0,3119.55,42497.44,0.0,1924.69,3251.05,42497.44,2500.0,3251.05,34246.38,0.0,0.0,0.0,0.0,0.0,0.0,0.0,616.21,1405.31,0.0,33.0601,4.6177,42497.438,2500.0,3251.054,8251.054,0.0,3000.0,2000.0,0.0,34246.383,1672.3191,0.0,1672.3191,0.0,1672.3191,42497.438,1924.6925,1924.6925,0.0,0.0,3119.5496,0.0,1405.3075,4524.857,-4524.857,0.0,0.0,0.0,0.0,0.0,0.0
88140,2025,1,13394.18,6509.74,23332.4,11666.2,160455.12,0.0,0.0,31500.0,0.0,7642.76,1089.74,0.0,127865.39,17442.31,4400.0,0.0,0.0,159365.39,0.0,17794.18,11666.2,160455.12,5000.0,11666.2,131794.75,0.0,0.0,0.0,0.0,0.0,0.0,0.0,2211.24,0.0,0.0,22.0039,3.5176,160455.12,5000.0,11666.2,28660.379,13394.18,3000.0,600.0,0.0,131794.75,6509.7373,0.0,6509.7373,0.0,6509.7373,160455.12,17794.18,4400.0,0.0,13394.18,0.0,0.0,0.0,0.0,13394.18,0.0,0.0,0.0,0.0,0.0,0.0
88141,2025,1,0.0,0.0,13282.02,6673.2,-526502.6,0.0,0.0,31500.0,0.0,0.0,0.0,0.0,0.0,0.0,0.0,0.0,0.0,31500.0,0.0,0.0,6673.2,-4043663.0,8500.0,653659.3,0.0,0.0,0.0,0.0,0.0,0.0,0.0,0.0,1252.65,0.0,0.0,0.0,0.0,-4.043663e+06,8500.0,653659.3,657659.3,0.0,3000.0,1000.0,0.0,0.0,0.0,0.0,0.0,0.0,0.0,-526502.6,0.0,0.0,0.0,0.0,0.0,0.0,0.0,0.0,0.0,0.0,0.0,0.0,0.0,0.0,0.0
88142,2025,1,858.51,908.83,3723.27,1861.64,24335.12,0.0,0.0,15750.0,0.0,1026.76,0.0,0.0,8585.12,858.51,0.0,0.0,0.0,24335.12,0.0,858.51,1861.64,24335.12,3000.0,1861.64,18976.61,0.0,0.0,0.0,0.0,0.0,0.0,0.0,352.86,0.0,0.0,10.0,4.5,24335.125,3000.0,1861.637,5358.5127,858.5125,1500.0,0.0,0.0,18976.613,908.8307,0.0,908.8307,0.0,908.8307,24335.125,858.5125,0.0,0.0,858.5125,0.0,0.0,0.0,0.0,858.5125,0.0,0.0,0.0,0.0,0.0,0.0
88143,2025,1,4025.32,2051.67,7846.12,3923.06,51281.82,0.0,0.0,15750.0,0.0,2374.09,0.0,0.0,35531.82,4025.32,0.0,0.0,0.0,51281.82,0.0,4025.32,3923.06,51281.82,2500.0,3923.06,41833.45,0.0,0.0,0.0,0.0,0.0,0.0,0.0,743.59,0.0,0.0,12.0,4.0176,51281.824,2500.0,3923.0596,9448.379,4025.3188,1500.0,0.0,0.0,41833.445,2051.6724,0.0,2051.6724,0.0,2051.6724,51281.824,4025.3188,0.0,0.0,4025.3188,0.0,0.0,0.0,0.0,4025.3188,0.0,0.0,0.0,0.0,0.0,0.0
88144,2025,1,15.69,529.56,2433.75,1216.88,15906.86,0.0,0.0,15750.0,0.0,605.34,0.0,0.0,156.86,15.69,0.0,0.0,0.0,15906.86,0.0,15.69,1216.88,15906.86,3000.0,1216.88,11391.18,0.0,0.0,0.0,0.0,0.0,0.0,0.0,230.65,0.0,0.0,10.0,4.5,15906.862,3000.0,1216.875,4515.6865,15.686231,1500.0,0.0,0.0,11391.176,529.5588,0.0,529.5588,0.0,529.5588,15906.862,15.686231,0.0,0.0,15.686231,0.0,0.0,0.0,0.0,15.686231,0.0,0.0,0.0,0.0,0.0,0.0
88145,2025,1,0.0,0.0,0.0,0.0,-13.56,0.0,0.0,17750.0,0.0,0.0,0.0,0.0,0.0,0.0,0.0,0.0,0.0,17750.0,0.0,0.0,0.0,-13.56,3000.0,2.17,0.0,0.0,0.0,0.0,0.0,0.0,0.0,0.0,0.0,0.0,0.0,0.0,0.0,-13.559989,3000.0,2.169598,4500.0,0.0,1500.0,0.0,0.0,0.0,0.0,0.0,0.0,0.0,0.0,-13.559989,0.0,0.0,0.0,0.0,0.0,0.0,0.0,0.0,0.0,0.0,0.0,0.0,0.0,2237.1628,0.0
88146,2025,1,-6069.55,1770.98,6829.03,3414.51,44634.18,0.0,0.0,23625.0,0.0,2041.71,0.0,0.0,21009.18,2181.1,981.1,1200.0,2669.55,44634.18,0.0,2181.1,3414.51,44634.18,2500.0,3414.51,36219.66,0.0,0.0,0.0,0.0,0.0,0.0,0.0,647.2,3400.0,0.0,21.0601,4.6177,44634.18,2500.0,3414.5146,8414.515,0.0,3000.0,2000.0,0.0,36219.664,1770.9832,0.0,1770.9832,0.0,1770.9832,44634.18,2181.1016,2181.1016,0.0,0.0,2669.5518,0.0,3400.0,6069.552,-6069.552,0.0,0.0,0.0,0.0,0.0,0.0
88147,2025,1,5442.69,2782.8,0.0,0.0,88506.78,0.0,16608.07,17750.0,0.0,4235.34,0.0,0.0,65567.19,2860.12,0.0,0.0,0.0,83317.19,0.0,5442.69,0.0,65898.7,2500.0,0.0,56456.01,0.0,0.0,0.0,0.0,0.0,0.0,0.0,0.0,0.0,0.0,14.3096,1.7847,65898.7,2500.0,0.0,9442.694,5442.6943,1500.0,0.0,6000.0,56456.008,2782.8003,0.0,2782.8003,0.0,2782.8003,88506.78,5442.6943,0.0,0.0,5442.6943,0.0,0.0,0.0,0.0,5442.6943,0.0,0.0,0.0,16608.074,19538.91,29091.62109375
88148,2025,1,0.0,0.0,0.0,0.0,0.0,0.0,0.0,17750.0,0.0,0.0,0.0,0.0,0.0,0.0,0.0,0.0,0.0,17750.0,0.0,0.0,0.0,0.0,3000.0,0.0,0.0,0.0,0.0,0.0,0.0,0.0,0.0,0.0,0.0,0.0,0.0,0.0,0.0,0.0,3000.0,0.0,4500.0,0.0,1500.0,0.0,0.0,0.0,0.0,0.0,0.0,0.0,0.0,0.0,0.0,0.0,0.0,0.0,0.0,0.0,0.0,0.0,0.0,0.0,0.0,0.0,0.0,9806.741,0.0
88149,2025,1,1.3329242e+07,1.9253415e+06,64339.1,46701.08,5.1906244e+07,0.0,25351.04,17750.0,0.0,10000.0,674170.9,1.8199515e+06,5.1214324e+07,2.8069008e+06,0.0,0.0,0.0,5.123207e+07,0.0,11509289.75,46701.08,51885072.0,2500.0,46701.08,38507628.0,0.0,0.0,0.0,0.0,0.0,0.0,0.0,15412.56,0.0,0.0,249477.98,-12469.0,5.188507e+07,2500.0,46701.086,1.3377443e+07,1.3329242e+07,1500.0,0.0,6000.0,3.8507628e+07,1.9253414e+06,0.0,1.9253414e+06,0.0,1.9253414e+06,5.1906244e+07,1.150929e+07,0.0,1.8199515e+06,1.3329242e+07,0.0,0.0,0.0,0.0,1.3329242e+07,0.0,0.0,0.0,25351.04,29824.752,153138.296875
88150,2025,1,0.0,0.0,0.0,0.0,-308000.0,0.0,0.0,17750.0,0.0,0.0,0.0,0.0,0.0,0.0,0.0,0.0,0.0,17750.0,0.0,0.0,0.0,-26739882.0,3000.0,4.278381e+06,0.0,0.0,0.0,0.0,0.0,0.0,0.0,0.0,0.0,0.0,0.0,0.0,0.0,-2.6739882e+07,3000.0,4.278381e+06,4.279881e+06,0.0,1500.0,0.0,0.0,0.0,0.0,0.0,0.0,0.0,0.0,-308000.0,0.0,0.0,0.0,0.0,0.0,0.0,0.0,0.0,0.0,0.0,0.0,0.0,0.0,41641.875,0.0
88151,2025,1,0.0,0.0,0.0,0.0,3797.06,0.0,0.0,17750.0,0.0,639.54,0.0,0.0,0.0,0.0,0.0,0.0,0.0,17750.0,0.0,0.0,0.0,515.53,3000.0,0.0,0.0,0.0,0.0,0.0,0.0,0.0,0.0,0.0,0.0,0.0,0.0,0.0,0.0,515.5288,3000.0,0.0,4500.0,0.0,1500.0,0.0,3281.535,0.0,0.0,0.0,0.0,0.0,0.0,3797.0637,0.0,0.0,0.0,0.0,0.0,0.0,0.0,0.0,0.0,0.0,0.0,0.0,0.0,21820.0,3281.534912109375
88152,2025,1,-7459.72,24.31,1997.85,998.93,13057.87,0.0,0.0,23625.0,0.0,724.37,0.0,0.0,0.0,0.0,0.0,0.0,5876.04,23625.0,0.0,0.0,998.93,13057.87,5200.0,998.93,857.87,0.0,0.0,0.0,0.0,0.0,0.0,0.0,189.34,1583.68,0.0,-60.0,4.0,13057.872,5200.0,998.92725,12200.0,0.0,3000.0,4000.0,0.0,857.8721,24.314882,0.0,24.314882,0.0,24.314882,13057.872,0.0,0.0,0.0,0.0,5876.0425,0.0,1583.6809,7459.7236,-7459.7236,0.0,0.0,0.0,0.0,0.0,0.0
88153,2025,1,6.87226e+06,890628.9,36688.47,19320.32,2.4708442e+07,0.0,0.0,31500.0,0.0,10000.0,3.399763e+06,274853.75,2.127718e+07,5.1865675e+06,0.0,0.0,0.0,2.130868e+07,0.0,6597406.25,19320.32,24708758.0,5000.0,19320.32,17814178.0,0.0,0.0,0.0,0.0,0.0,0.0,0.0,6766.89,0.0,0.0,1.257949e+06,-62892.56,2.4708758e+07,5000.0,19320.322,6.8945805e+06,6.87226e+06,3000.0,0.0,0.0,1.7814178e+07,890628.9,0.0,890628.9,0.0,890628.9,2.4708442e+07,6.597406e+06,0.0,274853.75,6.87226e+06,0.0,0.0,0.0,0.0,6.87226e+06,0.0,0.0,0.0,0.0,0.0,101238.84375
88154,2025,1,0.0,0.0,0.0,0.0,0.0,0.0,0.0,17750.0,0.0,0.0,0.0,0.0,0.0,0.0,0.0,0.0,0.0,17750.0,0.0,0.0,0.0,0.0,3000.0,0.0,0.0,0.0,0.0,0.0,0.0,0.0,0.0,0.0,0.0,0.0,0.0,0.0,0.0,0.0,3000.0,0.0,4500.0,0.0,1500.0,0.0,0.0,0.0,0.0,0.0,0.0,0.0,0.0,0.0,0.0,0.0,0.0,0.0,0.0,0.0,0.0,0.0,0.0,0.0,0.0,0.0,0.0,20839.326,0.0
88155,2025,1,0.0,0.0,0.0,0.0,-2.71,0.0,0.0,17750.0,0.0,0.0,0.0,0.0,0.0,0.0,0.0,0.0,0.0,17750.0,0.0,0.0,0.0,-2.71,3000.0,0.43,0.0,0.0,0.0,0.0,0.0,0.0,0.0,0.0,0.0,0.0,0.0,0.0,0.0,-2.7119977,3000.0,0.43391967,4500.0,0.0,1500.0,0.0,0.0,0.0,0.0,0.0,0.0,0.0,0.0,-2.7119977,0.0,0.0,0.0,0.0,0.0,0.0,0.0,0.0,0.0,0.0,0.0,0.0,0.0,24210.393,0.0
88156,2025,1,831912.94,112829.55,51852.48,28776.28,3.1336248e+06,0.0,0.0,34700.0,0.0,10000.0,190891.92,49853.4,2.9080328e+06,525618.56,0.0,0.0,0.0,2.9427325e+06,0.0,782059.61,28776.28,3121880.25,5000.0,28776.28,2258191.0,0.0,0.0,0.0,0.0,0.0,0.0,0.0,16918.59,0.0,0.0,70667.125,-3528.4688,3.1218802e+06,5000.0,28776.28,863689.25,831913.0,3000.0,0.0,12000.0,2.258191e+06,112829.55,0.0,112829.55,0.0,112829.55,3.1336245e+06,782059.6,0.0,49853.406,831913.0,0.0,0.0,0.0,0.0,831913.0,0.0,0.0,0.0,0.0,0.0,58297.5
88157,2025,1,-9026.67,304.7,2615.37,1307.69,17093.94,0.0,0.0,23625.0,0.0,664.7,0.0,0.0,0.0,0.0,0.0,0.0,6837.58,23625.0,0.0,0.0,1307.69,17093.94,5200.0,1307.69,6893.94,0.0,0.0,0.0,0.0,0.0,0.0,0.0,247.86,2189.09,0.0,-55.0,5.0,17093.941,5200.0,1307.6865,10200.0,0.0,3000.0,2000.0,0.0,6893.9414,304.69708,0.0,304.69708,0.0,304.69708,17093.941,0.0,0.0,0.0,0.0,6837.5767,0.0,2189.0913,9026.668,-9026.668,0.0,0.0,0.0,0.0,0.0,0.0
88158,2025,1,18126.6,4916.65,16182.62,8091.31,126850.91,0.0,0.0,15750.0,0.0,6152.55,0.0,0.0,111100.91,15491.74,0.0,0.0,0.0,126850.91,0.0,18126.6,8091.31,126850.91,2500.0,8091.31,99133.0,0.0,0.0,0.0,0.0,0.0,0.0,0.0,1533.65,0.0,0.0,22.0,3.5171,126850.91,2500.0,8091.3105,27717.908,18126.598,1500.0,0.0,0.0,99133.0,4916.65,0.0,4916.65,0.0,4916.65,126850.91,18126.598,0.0,0.0,18126.598,0.0,0.0,0.0,0.0,18126.598,0.0,0.0,0.0,0.0,0.0,0.0
88159,2025,1,0.0,0.0,0.0,0.0,-308000.0,0.0,0.0,23625.0,0.0,0.0,0.0,0.0,0.0,0.0,0.0,0.0,0.0,23625.0,0.0,0.0,0.0,-1956181.75,5200.0,312989.06,0.0,0.0,0.0,0.0,0.0,0.0,0.0,0.0,0.0,0.0,0.0,0.0,0.0,-1.9561818e+06,5200.0,312989.06,317989.06,0.0,3000.0,2000.0,0.0,0.0,0.0,0.0,0.0,0.0,0.0,-308000.0,0.0,0.0,0.0,0.0,0.0,0.0,0.0,0.0,0.0,0.0,0.0,0.0,0.0,0.0,0.0
88160,2025,1,18052.18,4745.74,17435.82,8717.91,123984.8,0.0,0.0,15750.0,0.0,6009.24,0.0,0.0,108234.8,16609.04,0.0,0.0,0.0,123984.8,0.0,18052.19,8717.91,123984.8,2500.0,8717.91,95714.7,0.0,0.0,0.0,0.0,0.0,0.0,0.0,1652.41,0.0,0.0,22.0,3.5171,123984.8,2500.0,8717.91,28270.096,18052.186,1500.0,0.0,0.0,95714.7,4745.7354,0.0,4745.7354,0.0,4745.7354,123984.8,18052.186,0.0,0.0,18052.186,0.0,0.0,0.0,0.0,18052.186,0.0,0.0,0.0,0.0,0.0,0.0
88161,2025,1,3.4711508e+07,4.9695855e+06,367261.6,228722.58,1.3434536e+08,0.0,9012.14,33100.0,0.0,10000.0,5.338312e+06,3.7624675e+06,1.28973944e+08,1.1307411e+07,0.0,0.0,0.0,1.2900706e+08,0.0,30949039.0,228722.58,134336544.0,5000.0,228722.58,99393312.0,0.0,0.0,0.0,0.0,0.0,0.0,0.0,200631.73,0.0,0.0,1.975212e+06,-98756.0,1.3433654e+08,5000.0,228722.58,3.494323e+07,3.4711508e+07,3000.0,0.0,6000.0,9.939331e+07,4.9695855e+06,0.0,4.9695855e+06,0.0,4.9695855e+06,1.3434536e+08,3.094904e+07,0.0,3.7624675e+06,3.4711508e+07,0.0,0.0,0.0,0.0,3.4711508e+07,0.0,0.0,0.0,9012.141,10602.518,162538.1875
88162,2025,1,81877.33,18770.6,4377.12,2188.56,481634.84,0.0,13545.56,17750.0,0.0,23891.74,13662.77,10702.12,444080.38,24090.07,0.0,0.0,0.0,467972.1,0.0,71175.21,2188.56,462089.25,2500.0,2188.56,376211.94,0.0,0.0,0.0,0.0,0.0,0.0,0.0,414.82,0.0,0.0,3305.6562,-160.2852,462089.25,2500.0,2188.5588,85877.33,81877.33,1500.0,0.0,6000.0,376211.94,18770.598,0.0,18770.598,0.0,18770.598,481634.84,71175.2,0.0,10702.124,81877.33,0.0,0.0,0.0,0.0,81877.33,0.0,0.0,0.0,13545.5625,15935.955,38168.20703125
88163,2025,1,5.3386075e+06,613437.8,225641.19,139064.39,1.7747164e+07,0.0,0.0,31500.0,0.0,10000.0,1.3652942e+06,203074.55,1.6350371e+07,4.149455e+06,0.0,0.0,0.0,1.638187e+07,0.0,5135532.88,139064.39,17751028.0,5000.0,139064.39,12270356.0,0.0,0.0,0.0,0.0,0.0,0.0,0.0,116624.69,0.0,0.0,505195.97,-25254.938,1.7751028e+07,5000.0,139064.39,5.480672e+06,5.3386075e+06,3000.0,0.0,0.0,1.2270356e+07,613437.8,0.0,613437.8,0.0,613437.8,1.7747164e+07,5.135533e+06,0.0,203074.55,5.3386075e+06,0.0,0.0,0.0,0.0,5.3386075e+06,0.0,0.0,0.0,0.0,0.0,620220.25
88164,2025,1,0.0,0.0,0.0,0.0,-3000.0,0.0,0.0,17750.0,0.0,0.0,0.0,0.0,0.0,0.0,0.0,0.0,0.0,17750.0,0.0,0.0,0.0,-9098.75,3000.0,1455.8,0.0,0.0,0.0,0.0,0.0,0.0,0.0,0.0,0.0,0.0,0.0,0.0,0.0,-9098.753,3000.0,1455.8004,4500.0,0.0,1500.0,0.0,0.0,0.0,0.0,0.0,0.0,0.0,0.0,-3000.0,0.0,0.0,0.0,0.0,0.0,0.0,0.0,0.0,0.0,0.0,0.0,0.0,0.0,34323.594,0.0
88165,2025,1,-576.15,0.0,1152.3,576.15,7387.27,0.0,0.0,33100.0,0.0,760.92,0.0,0.0,0.0,0.0,0.0,0.0,576.15,33100.0,0.0,0.0,576.15,7387.27,8500.0,576.15,0.0,0.0,0.0,0.0,0.0,0.0,0.0,0.0,109.2,0.0,0.0,-7.65,0.0,7387.266,8500.0,576.1487,11500.0,0.0,3000.0,0.0,0.0,0.0,0.0,0.0,0.0,0.0,0.0,7387.2666,0.0,0.0,0.0,0.0,576.1487,0.0,0.0,576.1487,-576.1487,0.0,0.0,0.0,0.0,18547.0,0.0
88166,2025,1,1.2146246e+07,1.449095e+06,422278.7,260350.5,4.1388164e+07,0.0,0.0,31500.0,0.0,10000.0,2.7356168e+06,682659.1,3.862105e+07,8.2279835e+06,0.0,0.0,0.0,3.8652548e+07,0.0,11463587.0,260350.5,41393396.0,5000.0,260350.5,28983500.0,0.0,0.0,0.0,0.0,0.0,0.0,0.0,228044.51,0.0,0.0,1.01221506e+06,-50605.875,4.1393396e+07,5000.0,260350.5,1.2409896e+07,1.2146246e+07,3000.0,300.0,0.0,2.89835e+07,1.449095e+06,0.0,1.449095e+06,0.0,1.449095e+06,4.1388164e+07,1.1463587e+07,0.0,682659.1,1.2146246e+07,0.0,0.0,0.0,0.0,1.2146246e+07,0.0,0.0,0.0,0.0,0.0,83862.8515625
88167,2025,1,621.1,801.99,3360.03,1680.01,21960.97,0.0,0.0,15750.0,0.0,908.05,0.0,0.0,6210.97,621.1,0.0,0.0,0.0,21960.97,0.0,621.1,1680.01,21960.97,3000.0,1680.01,16839.87,0.0,0.0,0.0,0.0,0.0,0.0,0.0,318.43,0.0,0.0,10.0,4.5,21960.967,3000.0,1680.0139,5121.0967,621.0967,1500.0,0.0,0.0,16839.871,801.9935,0.0,801.9935,0.0,801.9935,21960.967,621.0967,0.0,0.0,621.0967,0.0,0.0,0.0,0.0,621.0967,0.0,0.0,0.0,0.0,0.0,0.0
88168,2025,1,9593.09,5466.52,16350.69,8342.62,131698.8,0.0,0.0,31500.0,0.0,6204.94,1875.35,0.0,98323.45,9349.58,0.0,0.0,0.0,129823.45,0.0,9593.09,8342.62,131866.06,5000.0,8342.62,110930.35,0.0,0.0,0.0,0.0,0.0,0.0,0.0,1517.87,0.0,0.0,26.9961,3.2676,131866.06,5000.0,8342.619,20935.71,9593.093,3000.0,0.0,0.0,110930.35,5466.5176,0.0,5466.5176,0.0,5466.5176,131698.8,9593.093,0.0,0.0,9593.093,0.0,0.0,0.0,0.0,9593.093,0.0,0.0,0.0,0.0,0.0,215.62322998046875
88169,2025,1,0.0,0.0,875.09,437.54,-607275.9,0.0,0.0,31500.0,0.0,0.0,0.0,0.0,0.0,0.0,0.0,0.0,0.0,31500.0,0.0,0.0,437.54,-2152603.5,8500.0,344854.12,0.0,0.0,0.0,0.0,0.0,0.0,0.0,0.0,82.93,0.0,0.0,0.0,0.0,-2.1526035e+06,8500.0,344854.12,347854.12,0.0,3000.0,0.0,0.0,0.0,0.0,0.0,0.0,0.0,0.0,-607275.9,0.0,0.0,0.0,0.0,0.0,0.0,0.0,0.0,0.0,0.0,0.0,0.0,0.0,15616.215,0.0
88170,2025,1,7.3500225e+06,661876.8,698513.75,474675.1,2.1024562e+07,0.0,0.0,17750.0,0.0,10000.0,936276.94,58682.22,2.0070536e+07,7.1833665e+06,0.0,0.0,0.0,2.0088286e+07,0.0,7291340.55,474675.1,21064534.0,2500.0,474675.1,13238336.0,0.0,0.0,0.0,0.0,0.0,0.0,0.0,371812.47,0.0,0.0,346459.53,-17318.125,2.1064534e+07,2500.0,474675.06,7.8261975e+06,7.3500225e+06,1500.0,0.0,6000.0,1.3238336e+07,661876.8,0.0,661876.8,0.0,661876.8,2.1024562e+07,7.2913405e+06,0.0,58682.223,7.3500225e+06,0.0,0.0,0.0,0.0,7.3500225e+06,0.0,0.0,0.0,0.0,0.0,114737.3515625
88171,2025,1,9.589981e+06,1.3340432e+06,88394.84,50104.02,3.633008e+07,0.0,0.0,33100.0,0.0,10000.0,2.697768e+06,823895.25,3.3599212e+07,4.542927e+06,0.0,0.0,0.0,3.363231e+07,0.0,8766086.0,50104.02,36325548.0,5000.0,50104.02,26682464.0,0.0,0.0,0.0,0.0,0.0,0.0,0.0,25329.38,0.0,0.0,998210.06,-49905.625,3.6325548e+07,5000.0,50104.027,9.643085e+06,9.589981e+06,3000.0,0.0,6000.0,2.6682464e+07,1.3340432e+06,0.0,1.3340432e+06,0.0,1.3340432e+06,3.633008e+07,8.766086e+06,0.0,823895.3,9.589981e+06,0.0,0.0,0.0,0.0,9.589981e+06,0.0,0.0,0.0,0.0,0.0,24993.6015625
88172,2025,1,-5472.22,854.9,4104.68,2052.34,26827.99,0.0,0.0,23625.0,0.0,1151.4,0.0,0.0,3202.99,320.3,0.0,320.3,3772.22,26827.99,0.0,320.3,2052.34,26827.99,4930.0,2052.34,17897.99,0.0,0.0,0.0,0.0,0.0,0.0,0.0,389.01,1700.0,0.0,15.98,5.0,26827.992,4930.0,2052.3413,8930.0,0.0,3000.0,1000.0,0.0,17897.992,854.8996,0.0,854.8996,0.0,854.8996,26827.992,320.29922,320.29922,0.0,0.0,3772.2168,0.0,1700.0,5472.217,-5472.217,0.0,0.0,0.0,0.0,0.0,0.0
88173,2025,1,34698.58,10444.59,30637.44,15368.75,264459.12,0.0,0.0,31500.0,0.0,12842.96,0.0,126.93,232959.12,40854.94,6600.0,151.58,0.0,264459.12,0.0,41323.22,15368.75,264459.12,5000.0,15368.75,210491.8,0.0,0.0,0.0,0.0,0.0,0.0,0.0,3886.29,0.0,0.0,24.0,3.6709,264459.12,5000.0,15368.753,53967.332,34698.58,3000.0,900.0,0.0,210491.8,10444.59,0.0,10444.59,0.0,10444.59,264459.12,41323.223,6751.578,126.93465,34698.58,0.0,0.0,0.0,0.0,34698.58,0.0,0.0,0.0,0.0,0.0,0.0
88174,2025,1,-9.51,0.0,3.64,1.82,23.79,0.0,0.0,31500.0,0.0,23.79,0.0,0.0,0.0,0.0,0.0,0.0,9.51,31500.0,0.0,0.0,1.82,23.79,8500.0,1.82,0.0,0.0,0.0,0.0,0.0,0.0,0.0,0.0,0.34,0.0,0.0,-40.0,0.0,23.786737,8500.0,1.8196853,14500.0,0.0,3000.0,3000.0,0.0,0.0,0.0,0.0,0.0,0.0,0.0,23.786737,0.0,0.0,0.0,0.0,9.514695,0.0,0.0,9.514695,-9.514695,0.0,0.0,0.0,0.0,0.0,0.0
88175,2025,1,-10157.04,1412.69,6138.86,3069.43,40123.28,0.0,0.0,23625.0,0.0,1816.16,0.0,0.0,16498.28,1649.83,1649.83,0.0,4513.55,40123.28,0.0,1649.83,3069.43,40123.28,2500.0,3069.43,29053.85,0.0,0.0,0.0,0.0,0.0,0.0,0.0,581.79,5643.49,0.0,6.0605,4.6173,40123.28,2500.0,3069.431,11069.431,0.0,3000.0,5000.0,0.0,29053.852,1412.6926,0.0,1412.6926,0.0,1412.6926,40123.28,1649.8281,1649.8281,0.0,0.0,4513.547,0.0,5643.492,10157.039,-10157.039,0.0,0.0,0.0,0.0,0.0,0.0
88176,2025,1,2.6810062e+06,0.0,166742.72,108729.02,9.847908e+06,0.0,0.0,31500.0,0.0,10000.0,0.0,273571.78,9.816408e+06,1.0560236e+06,0.0,0.0,0.0,9.847908e+06,0.0,2407434.38,108729.02,-37797552.0,8500.0,6.1563375e+06,0.0,0.0,0.0,0.0,0.0,0.0,0.0,0.0,79698.31,0.0,0.0,37.0,0.0,-3.779755e+07,8500.0,6.1563375e+06,8.843344e+06,2.6810062e+06,3000.0,3000.0,0.0,0.0,0.0,0.0,0.0,0.0,0.0,9.847908e+06,2.4074345e+06,0.0,273571.78,2.6810062e+06,0.0,0.0,0.0,0.0,2.6810062e+06,0.0,0.0,0.0,0.0,0.0,19741.53515625
88177,2025,1,4751.81,2294.9,8772.4,4386.2,57335.93,0.0,0.0,15750.0,0.0,2676.8,0.0,0.0,41585.93,4751.81,0.0,0.0,0.0,57335.93,0.0,4751.81,4386.2,57335.93,2500.0,4386.2,46697.92,0.0,0.0,0.0,0.0,0.0,0.0,0.0,831.37,0.0,0.0,12.0,4.0176,57335.93,2500.0,4386.1987,10638.01,4751.8115,1500.0,0.0,0.0,46697.92,2294.896,0.0,2294.896,0.0,2294.896,57335.93,4751.8115,0.0,0.0,4751.8115,0.0,0.0,0.0,0.0,4751.8115,0.0,0.0,0.0,0.0,0.0,0.0
88178,2025,1,-3678.14,1336.02,5267.07,2633.54,34425.3,0.0,0.0,23625.0,0.0,1531.26,0.0,0.0,10800.3,1080.03,1080.03,0.0,2558.17,34425.3,0.0,1080.03,2633.54,34425.3,2905.0,2633.54,27520.3,0.0,0.0,0.0,0.0,0.0,0.0,0.0,499.17,1119.97,0.0,25.98,11.75,34425.3,2905.0,2633.5354,6905.0,0.0,3000.0,1000.0,0.0,27520.3,1336.015,0.0,1336.015,0.0,1336.015,34425.3,1080.03,1080.03,0.0,0.0,2558.167,0.0,1119.97,3678.137,-3678.137,0.0,0.0,0.0,0.0,0.0,0.0
88179,2025,1,3364.89,3569.46,13199.05,8349.71,86453.71,0.0,0.0,31500.0,0.0,4131.67,4604.65,0.0,50349.06,5564.89,2200.0,0.0,0.0,81849.06,0.0,5564.89,8349.71,88203.9,5000.0,8349.71,72989.3,0.0,0.0,0.0,0.0,0.0,0.0,0.0,919.16,0.0,0.0,12.0,4.0176,88203.9,5000.0,8349.713,15214.6,3364.8872,3000.0,500.0,0.0,72989.3,3569.4648,0.0,3569.4648,0.0,3569.4648,86453.71,5564.887,2200.0,0.0,3364.8872,0.0,0.0,0.0,0.0,3364.8872,0.0,0.0,0.0,0.0,0.0,0.0
88180,2025,1,-5653.3,1810.16,7762.87,3881.43,47803.26,0.0,0.0,31500.0,0.0,2112.22,0.0,0.0,16303.26,1630.33,1630.33,0.0,2883.62,47803.26,0.0,1630.33,3881.43,47803.26,5000.0,3881.43,37803.26,0.0,0.0,0.0,0.0,0.0,0.0,0.0,735.7,2769.67,0.0,31.0601,5.0,47803.258,5000.0,3881.433,10000.0,0.0,3000.0,2000.0,0.0,37803.258,1810.1628,0.0,1810.1628,0.0,1810.1628,47803.258,1630.3258,1630.3257,0.0,0.00012207031,2883.625,0.0,2769.6743,5653.2993,-5653.2993,0.0,0.0,0.0,0.0,0.0,0.0
88181,2025,1,5814.88,2609.5,9989.27,4994.64,65299.46,0.0,0.0,15750.0,0.0,3074.97,0.0,0.0,49549.46,5814.88,0.0,0.0,0.0,65299.46,0.0,5814.88,4994.64,65299.46,2500.0,4994.64,52989.95,0.0,0.0,0.0,0.0,0.0,0.0,0.0,946.7,0.0,0.0,22.0,3.5176,65299.465,2500.0,4994.6357,12309.518,5814.8823,1500.0,0.0,0.0,52989.945,2609.4973,0.0,2609.4973,0.0,2609.4973,65299.465,5814.8823,0.0,0.0,5814.8823,0.0,0.0,0.0,0.0,5814.8823,0.0,0.0,0.0,0.0,0.0,0.0
88182,2025,1,1.4030362e+07,1.8098804e+06,87771.58,71044.4,5.028338e+07,0.0,0.0,31500.0,0.0,10000.0,6.800489e+06,599569.75,4.3451396e+07,1.0406926e+07,0.0,0.0,0.0,4.3482896e+07,0.0,13430792.5,71044.4,50303612.0,5000.0,71044.4,36199208.0,0.0,0.0,0.0,0.0,0.0,0.0,0.0,19578.7,0.0,0.0,2.516218e+06,-125806.12,5.0303612e+07,5000.0,71044.4,1.4104406e+07,1.4030362e+07,3000.0,0.0,0.0,3.619921e+07,1.8098804e+06,0.0,1.8098804e+06,0.0,1.8098804e+06,5.0283384e+07,1.3430792e+07,0.0,599569.75,1.4030362e+07,0.0,0.0,0.0,0.0,1.4030362e+07,0.0,0.0,0.0,0.0,0.0,108220.828125
88183,2025,1,6715.18,3790.96,14334.08,7167.04,94713.16,0.0,0.0,31500.0,0.0,4355.66,54.24,0.0,63158.92,6715.18,0.0,0.0,0.0,94658.91,0.0,6715.18,7167.04,94301.48,5000.0,7167.04,77419.27,0.0,0.0,0.0,0.0,0.0,0.0,0.0,1358.46,0.0,0.0,12.0,4.0171,94301.484,5000.0,7167.041,16882.22,6715.179,3000.0,0.0,0.0,77419.266,3790.9634,0.0,3790.9634,0.0,3790.9634,94713.16,6715.179,0.0,0.0,6715.179,0.0,0.0,0.0,0.0,6715.179,0.0,0.0,0.0,0.0,0.0,190.72105407714844
88184,2025,1,0.0,0.0,0.0,0.0,-308000.0,0.0,0.0,15750.0,0.0,0.0,0.0,0.0,0.0,0.0,0.0,0.0,0.0,15750.0,0.0,0.0,0.0,-17219048.0,3000.0,2.7550478e+06,0.0,0.0,0.0,0.0,0.0,0.0,0.0,0.0,0.0,0.0,0.0,0.0,0.0,-1.7219048e+07,3000.0,2.7550478e+06,2.7565478e+06,0.0,1500.0,0.0,0.0,0.0,0.0,0.0,0.0,0.0,0.0,-308000.0,0.0,0.0,0.0,0.0,0.0,0.0,0.0,0.0,0.0,0.0,0.0,0.0,0.0,0.0,0.0
88185,2025,1,-5929.49,158.83,2016.02,1008.01,13176.58,0.0,0.0,23625.0,0.0,569.06,0.0,0.0,0.0,0.0,0.0,0.0,4328.0,23625.0,0.0,0.0,1008.01,13176.58,5200.0,1008.01,3976.58,0.0,0.0,0.0,0.0,0.0,0.0,0.0,191.06,1601.49,0.0,-15.0,5.0,13176.58,5200.0,1008.00836,9200.0,0.0,3000.0,1000.0,0.0,3976.58,158.82901,0.0,158.82901,0.0,158.82901,13176.58,0.0,0.0,0.0,0.0,4328.0,0.0,1601.487,5929.4873,-5929.4873,0.0,0.0,0.0,0.0,0.0,0.0
88186,2025,1,606.04,1567.72,6511.74,3255.87,42560.4,0.0,0.0,31500.0,0.0,1748.02,0.0,0.0,11060.4,1106.04,500.0,0.0,0.0,42560.4,0.0,1106.04,3255.87,42560.4,5000.0,3255.87,32954.36,0.0,0.0,0.0,0.0,0.0,0.0,0.0,617.13,0.0,0.0,10.0,4.5,42560.402,5000.0,3255.8706,9606.04,606.0403,3000.0,1000.0,0.0,32954.363,1567.7181,0.0,1567.7181,0.0,1567.7181,42560.402,1106.0403,500.0,0.0,606.0403,0.0,0.0,0.0,0.0,606.0403,0.0,0.0,0.0,0.0,0.0,0.0
88187,2025,1,921.27,2161.69,8027.74,4013.87,52468.9,0.0,0.0,23625.0,0.0,2433.45,0.0,0.0,28843.9,3121.27,2200.0,0.0,0.0,52468.9,0.0,3121.27,4013.87,52468.91,2500.0,4013.87,44033.77,0.0,0.0,0.0,0.0,0.0,0.0,0.0,760.8,0.0,0.0,12.0,4.0176,52468.906,2500.0,4013.871,8435.14,921.2688,3000.0,500.0,0.0,44033.766,2161.6882,0.0,2161.6882,0.0,2161.6882,52468.906,3121.2688,2200.0,0.0,921.2688,0.0,0.0,0.0,0.0,921.2688,0.0,0.0,0.0,0.0,0.0,0.0
88188,2025,1,0.0,0.0,0.0,0.0,-3005.23,0.0,0.0,17750.0,0.0,0.0,0.0,0.0,0.0,0.0,0.0,0.0,0.0,17750.0,0.0,0.0,0.0,-29837.21,3000.0,4773.95,0.0,0.0,0.0,0.0,0.0,0.0,0.0,0.0,0.0,0.0,0.0,0.0,0.0,-29837.205,3000.0,4773.9526,6273.9526,0.0,1500.0,0.0,0.0,0.0,0.0,0.0,0.0,0.0,0.0,-3005.228,0.0,0.0,0.0,0.0,0.0,0.0,0.0,0.0,0.0,0.0,0.0,0.0,0.0,20888.36,0.0
88189,2025,1,0.0,0.0,0.0,0.0,-308000.0,0.0,0.0,15750.0,0.0,0.0,0.0,0.0,0.0,0.0,0.0,0.0,0.0,15750.0,0.0,0.0,0.0,-6354510.5,3000.0,1.0167217e+06,0.0,0.0,0.0,0.0,0.0,0.0,0.0,0.0,0.0,0.0,0.0,0.0,0.0,-6.3545105e+06,3000.0,1.0167217e+06,1.0182217e+06,0.0,1500.0,0.0,0.0,0.0,0.0,0.0,0.0,0.0,0.0,-308000.0,0.0,0.0,0.0,0.0,0.0,0.0,0.0,0.0,0.0,0.0,0.0,0.0,0.0,0.0,0.0
88190,2025,1,-39.05,0.0,78.1,39.05,510.44,0.0,0.0,15750.0,0.0,476.39,0.0,0.0,0.0,0.0,0.0,0.0,39.05,15750.0,0.0,0.0,39.05,510.44,3000.0,39.05,0.0,0.0,0.0,0.0,0.0,0.0,0.0,0.0,7.4,0.0,0.0,-7.65,0.0,510.4441,3000.0,39.048973,4500.0,0.0,1500.0,0.0,0.0,0.0,0.0,0.0,0.0,0.0,0.0,510.4441,0.0,0.0,0.0,0.0,39.048973,0.0,0.0,39.048973,-39.048973,0.0,0.0,0.0,0.0,0.0,0.0
88191,2025,1,1523.27,1462.63,0.0,0.0,58809.98,0.0,17234.12,17750.0,0.0,2750.5,0.0,0.0,35059.98,1523.27,0.0,0.0,0.0,52809.98,0.0,1523.27,0.0,35575.86,2500.0,0.0,30052.59,0.0,0.0,0.0,0.0,0.0,0.0,0.0,0.0,0.0,0.0,6.0,2.2,35575.86,2500.0,0.0,5523.2676,1523.2678,1500.0,0.0,6000.0,30052.592,1462.6296,0.0,1462.6296,0.0,1462.6296,58809.984,1523.2678,0.0,0.0,1523.2678,0.0,0.0,0.0,0.0,1523.2678,0.0,0.0,0.0,17234.123,20275.438,20015.03515625
88192,2025,1,5.8092145e+06,765598.2,94474.46,74924.12,2.1205824e+07,0.0,21193.6,17750.0,0.0,10000.0,1.2817989e+06,509707.1,1.9906276e+07,2.919702e+06,0.0,0.0,0.0,1.9924026e+07,0.0,5299507.5,74924.12,21198402.0,2500.0,74924.12,15312764.0,0.0,0.0,0.0,0.0,0.0,0.0,0.0,24462.21,0.0,0.0,474302.47,-23710.312,2.1198402e+07,2500.0,74924.12,5.8856385e+06,5.8092145e+06,1500.0,0.0,6000.0,1.5312764e+07,765598.2,0.0,765598.2,0.0,765598.2,2.1205824e+07,5.2995075e+06,0.0,509707.06,5.8092145e+06,0.0,0.0,0.0,0.0,5.8092145e+06,0.0,0.0,0.0,21193.596,24933.64,766971.5
88193,2025,1,2530.81,1551.36,5939.08,2969.54,38827.6,0.0,0.0,15750.0,0.0,1751.38,0.0,0.0,23077.6,2530.81,0.0,0.0,0.0,38827.6,0.0,2530.81,2969.54,38827.6,2500.0,2969.54,31827.25,0.0,0.0,0.0,0.0,0.0,0.0,0.0,562.85,0.0,0.0,12.0,4.0175,38827.598,2500.0,2969.538,7000.3496,2530.8118,1500.0,0.0,0.0,31827.248,1551.3624,0.0,1551.3624,0.0,1551.3624,38827.598,2530.8118,0.0,0.0,2530.8118,0.0,0.0,0.0,0.0,2530.8118,0.0,0.0,0.0,0.0,0.0,0.0
88194,2025,1,5.1073545e+06,760814.9,45962.28,24486.06,2.035228e+07,0.0,0.0,31500.0,0.0,10000.0,1.01464325e+06,568845.0,1.9306136e+07,1.5646954e+06,0.0,584.66,0.0,1.9337636e+07,0.0,4539093.88,24486.06,20353338.0,5000.0,24486.06,15217898.0,0.0,0.0,0.0,0.0,0.0,0.0,0.0,4962.68,0.0,0.0,375456.0,-18767.875,2.0353338e+07,5000.0,24486.055,5.1354405e+06,5.1073545e+06,3000.0,600.0,0.0,1.5217898e+07,760814.9,0.0,760814.9,0.0,760814.9,2.035228e+07,4.539094e+06,584.65826,568845.0,5.1073545e+06,0.0,0.0,0.0,0.0,5.1073545e+06,0.0,0.0,0.0,0.0,0.0,28721.9609375
88195,2025,1,0.0,0.0,0.0,0.0,0.0,0.0,0.0,23625.0,0.0,0.0,0.0,0.0,0.0,0.0,0.0,0.0,0.0,23625.0,0.0,0.0,0.0,0.0,5200.0,0.0,0.0,0.0,0.0,0.0,0.0,0.0,0.0,0.0,0.0,0.0,0.0,-22.5,0.0,0.0,5200.0,0.0,12200.0,0.0,3000.0,4000.0,0.0,0.0,0.0,0.0,0.0,0.0,0.0,0.0,0.0,0.0,0.0,0.0,0.0,0.0,0.0,0.0,0.0,0.0,0.0,0.0,0.0,0.0,0.0
88196,2025,1,-4328.0,202.61,2763.98,1381.99,18065.23,0.0,0.0,31500.0,0.0,713.26,0.0,0.0,0.0,0.0,0.0,0.0,4328.0,31500.0,0.0,0.0,1381.99,18065.23,8500.0,1381.99,5565.23,0.0,0.0,0.0,0.0,0.0,0.0,0.0,261.95,0.0,0.0,0.0,4.0,18065.227,8500.0,1381.9899,12500.0,0.0,3000.0,1000.0,0.0,5565.2266,202.60907,0.0,202.60907,0.0,202.60907,18065.227,0.0,0.0,0.0,0.0,4328.0,0.0,0.0,4328.0,-4328.0,0.0,0.0,0.0,0.0,0.0,0.0
88197,2025,1,0.0,0.0,0.0,0.0,-308000.0,0.0,0.0,15750.0,0.0,0.0,0.0,0.0,0.0,0.0,0.0,0.0,0.0,15750.0,0.0,0.0,0.0,-35068084.0,3000.0,5.6108935e+06,0.0,0.0,0.0,0.0,0.0,0.0,0.0,0.0,0.0,0.0,0.0,0.0,0.0,-3.5068084e+07,3000.0,5.6108935e+06,5.6123935e+06,0.0,1500.0,0.0,0.0,0.0,0.0,0.0,0.0,0.0,0.0,-308000.0,0.0,0.0,0.0,0.0,0.0,0.0,0.0,0.0,0.0,0.0,0.0,0.0,0.0,0.0,0.0
88198,2025,1,-679.97,1864.83,6974.33,3487.16,45583.84,0.0,0.0,23625.0,0.0,2089.19,0.0,0.0,21958.84,2295.06,2200.0,0.0,775.03,45583.84,0.0,2295.06,3487.16,45583.84,2500.0,3487.16,38096.68,0.0,0.0,0.0,0.0,0.0,0.0,0.0,660.97,0.0,0.0,27.98,4.6176,45583.844,2500.0,3487.164,7487.164,0.0,3000.0,1000.0,0.0,38096.68,1864.834,0.0,1864.834,0.0,1864.834,45583.844,2295.0613,2200.0,0.0,95.06128,775.032,0.0,0.0,775.032,-679.9707,0.0,0.0,0.0,0.0,0.0,0.0
88199,2025,1,7527.51,3661.21,14607.29,7303.64,111487.81,0.0,0.0,33100.0,0.0,5194.39,2527.63,0.0,69860.18,7527.51,0.0,0.0,0.0,102960.18,0.0,7527.51,7303.64,92655.28,5000.0,7303.64,74824.12,0.0,0.0,0.0,0.0,0.0,0.0,0.0,1384.35,0.0,0.0,12.0,4.0176,92655.28,5000.0,7303.643,17831.154,7527.5117,3000.0,0.0,1240.4688,74824.125,3661.2063,0.0,3661.2063,0.0,3661.2063,111487.81,7527.5117,0.0,0.0,7527.5117,0.0,0.0,0.0,0.0,7527.5117,0.0,0.0,0.0,0.0,0.0,2480.9375
88200,2025,1,20309.21,4483.48,8627.1,4313.55,137950.98,0.0,15358.58,17750.0,0.0,6707.55,0.0,0.0,117978.05,18888.35,0.0,0.0,0.0,135728.05,0.0,20309.21,4313.55,116592.41,2500.0,4313.55,90469.64,0.0,0.0,0.0,0.0,0.0,0.0,0.0,817.6,0.0,0.0,25.4414,3.3457,116592.41,2500.0,4313.5493,26122.762,20309.213,1500.0,0.0,6000.0,90469.64,4483.482,0.0,4483.482,0.0,4483.482,137950.98,20309.213,0.0,0.0,20309.213,0.0,0.0,0.0,0.0,20309.213,0.0,0.0,0.0,15358.584,18068.922,54924.98046875
88201,2025,1,-8734.22,2985.98,11249.44,5624.72,72944.36,0.0,0.0,31500.0,0.0,3471.75,0.0,0.0,41444.36,4465.78,4465.78,0.0,0.0,72944.36,0.0,4465.78,5624.72,72944.36,5000.0,5624.72,61319.64,0.0,0.0,0.0,0.0,0.0,0.0,0.0,1066.12,8734.22,0.0,12.0,4.6177,72944.36,5000.0,5624.7197,11624.72,0.0,3000.0,3000.0,0.0,61319.64,2985.982,0.0,2985.982,0.0,2985.982,72944.36,4465.778,4465.7773,0.0,0.00048828125,0.0,0.0,8734.223,8734.223,-8734.223,0.0,0.0,0.0,0.0,0.0,0.0
88202,2025,1,2.802966e+06,394546.25,42801.72,26807.89,1.0722416e+07,0.0,0.0,31500.0,0.0,10000.0,626137.1,273400.0,1.0064779e+07,1.2137251e+06,0.0,0.0,0.0,1.0096279e+07,0.0,2529566.0,26807.89,10726199.0,5000.0,26807.89,7892525.0,0.0,0.0,0.0,0.0,0.0,0.0,0.0,8324.0,0.0,0.0,231707.5,-11580.5,1.0726199e+07,5000.0,26807.89,2.833674e+06,2.802966e+06,3000.0,900.0,0.0,7.892525e+06,394546.25,0.0,394546.25,0.0,394546.25,1.0722416e+07,2.529566e+06,0.0,273400.0,2.802966e+06,0.0,0.0,0.0,0.0,2.802966e+06,0.0,0.0,0.0,0.0,0.0,46949.33203125
88203,2025,1,-2737.05,1715.86,7006.93,3503.46,44917.14,0.0,0.0,31500.0,0.0,1865.86,0.0,0.0,13417.14,1341.71,1341.71,0.0,1878.76,44917.14,0.0,1341.71,3503.46,44917.14,5000.0,3503.46,35917.14,0.0,0.0,0.0,0.0,0.0,0.0,0.0,664.06,858.29,0.0,25.98,5.0,44917.14,5000.0,3503.4639,9000.0,0.0,3000.0,1000.0,0.0,35917.14,1715.857,0.0,1715.857,0.0,1715.857,44917.14,1341.7141,1341.7141,0.0,0.0,1878.7593,0.0,858.2859,2737.0452,-2737.0452,0.0,0.0,0.0,0.0,0.0,0.0
88204,2025,1,271737.06,46253.16,39030.75,19932.39,1.2209549e+06,0.0,0.0,31500.0,0.0,10000.0,96240.89,17855.55,1.093214e+06,163430.95,0.0,0.0,0.0,1.124714e+06,0.0,253881.49,19932.39,1221332.62,5000.0,19932.39,926663.19,0.0,0.0,0.0,0.0,0.0,0.0,0.0,3698.45,0.0,0.0,33720.78,-1681.043,1.2213326e+06,5000.0,19932.39,294669.44,271737.06,3000.0,0.0,0.0,926663.2,46253.16,0.0,46253.16,0.0,46253.16,1.2209549e+06,253881.5,0.0,17855.55,271737.06,0.0,0.0,0.0,0.0,271737.06,0.0,0.0,0.0,0.0,0.0,20215.796875
88205,2025,1,-3184.69,1437.29,5557.67,2778.83,36324.62,0.0,0.0,23625.0,0.0,1626.23,0.0,0.0,12699.62,1269.96,1269.96,0.0,2254.66,36324.62,0.0,1269.96,2778.83,36324.62,2500.0,2778.83,29545.79,0.0,0.0,0.0,0.0,0.0,0.0,0.0,526.71,930.04,0.0,25.98,4.6174,36324.625,2500.0,2778.8337,6778.834,0.0,3000.0,1000.0,0.0,29545.791,1437.2896,0.0,1437.2896,0.0,1437.2896,36324.625,1269.9625,1269.9625,0.0,0.0,2254.655,0.0,930.0375,3184.6924,-3184.6924,0.0,0.0,0.0,0.0,0.0,0.0
88206,2025,1,1888.58,1333.1,5121.77,2560.89,33475.64,0.0,0.0,15750.0,0.0,1483.78,0.0,0.0,17725.64,1888.58,0.0,0.0,0.0,33475.64,0.0,1888.58,2560.89,33475.64,2625.0,2560.89,27462.06,0.0,0.0,0.0,0.0,0.0,0.0,0.0,485.4,0.0,0.0,12.0,5.65,33475.637,2625.0,2560.8862,6013.576,1888.5764,1500.0,0.0,0.0,27462.06,1333.103,0.0,1333.103,0.0,1333.103,33475.637,1888.5764,0.0,0.0,1888.5764,0.0,0.0,0.0,0.0,1888.5764,0.0,0.0,0.0,0.0,0.0,0.0
88207,2025,1,6449.16,3734.91,14283.59,7141.79,93389.05,0.0,0.0,31500.0,0.0,4289.45,0.0,0.0,61889.06,6949.16,500.0,0.0,0.0,93389.05,0.0,6949.16,7141.79,93389.06,5000.0,7141.79,76298.11,0.0,0.0,0.0,0.0,0.0,0.0,0.0,1353.67,0.0,0.0,12.0,4.0176,93389.06,5000.0,7141.794,17090.953,6449.1587,3000.0,500.0,0.0,76298.11,3734.9055,0.0,3734.9055,0.0,3734.9055,93389.055,6949.1587,500.0,0.0,6449.1587,0.0,0.0,0.0,0.0,6449.1587,0.0,0.0,0.0,0.0,0.0,0.0
88208,2025,1,-605.99,294.11,1710.89,855.44,11182.29,0.0,0.0,15750.0,0.0,476.39,0.0,0.0,0.0,0.0,0.0,0.0,605.99,15750.0,0.0,0.0,855.44,11182.29,3000.0,855.44,6682.29,0.0,0.0,0.0,0.0,0.0,0.0,0.0,162.14,0.0,0.0,7.65,5.0,11182.287,3000.0,855.44495,4500.0,0.0,1500.0,0.0,0.0,6682.287,294.11435,0.0,294.11435,0.0,294.11435,11182.287,0.0,0.0,0.0,0.0,605.98505,0.0,0.0,605.98505,-605.98505,0.0,0.0,0.0,0.0,0.0,0.0
88209,2025,1,184704.56,33976.92,33777.89,16888.94,891731.75,0.0,0.0,33100.0,0.0,10000.0,80459.04,9187.84,778172.75,132977.31,0.0,0.0,0.0,811272.75,0.0,175516.71,16888.94,885731.81,5000.0,16888.94,681138.31,0.0,0.0,0.0,0.0,0.0,0.0,0.0,3201.17,0.0,0.0,30500.623,-1520.4141,885731.8,5000.0,16888.945,204593.5,184704.56,3000.0,0.0,6000.0,681138.3,33976.914,0.0,33976.914,0.0,33976.914,891731.75,175516.72,0.0,9187.844,184704.56,0.0,0.0,0.0,0.0,184704.56,0.0,0.0,0.0,0.0,0.0,26880.658203125
88210,2025,1,4.471947e+07,6.238941e+06,720726.94,513068.12,1.6994302e+08,0.0,0.0,15750.0,0.0,10000.0,8.083933e+06,4.4022235e+06,1.6184334e+08,1.7350412e+07,0.0,0.0,0.0,1.6185909e+08,0.0,40317248.0,513068.12,170013664.0,2500.0,513068.12,124779624.0,0.0,0.0,0.0,0.0,0.0,0.0,0.0,360893.59,0.0,0.0,2.9910918e+06,-149550.0,1.7001366e+08,2500.0,513068.12,4.523404e+07,4.471947e+07,1500.0,0.0,0.0,1.24779624e+08,6.238941e+06,0.0,6.238941e+06,0.0,6.238941e+06,1.6994302e+08,4.031725e+07,0.0,4.4022235e+06,4.471947e+07,0.0,0.0,0.0,0.0,4.471947e+07,0.0,0.0,0.0,0.0,0.0,107057.1640625
88211,2025,1,0.0,61.15,0.0,0.0,12733.86,0.0,455.08,17750.0,0.0,719.15,0.0,0.0,0.0,0.0,0.0,0.0,0.0,17750.0,0.0,0.0,0.0,6278.78,3000.0,0.0,1778.78,0.0,0.0,0.0,0.0,0.0,0.0,0.0,0.0,0.0,0.0,0.0,2.0,6278.7817,3000.0,0.0,4500.0,0.0,1500.0,0.0,6000.0,1778.7817,61.151268,0.0,61.151268,0.0,61.151268,12733.858,0.0,0.0,0.0,0.0,0.0,0.0,0.0,0.0,0.0,0.0,0.0,0.0,455.07617,27262.742,11985.748046875
88212,2025,1,340562.8,45388.46,55774.02,30476.28,1.2840082e+06,0.0,0.0,31500.0,0.0,10000.0,44031.22,9061.47,1.208477e+06,284798.16,0.0,0.0,0.0,1.239977e+06,0.0,331501.3,30476.28,1284008.25,5000.0,30476.28,909369.19,0.0,0.0,0.0,0.0,0.0,0.0,0.0,17146.72,0.0,0.0,16328.626,-811.5625,1.2840082e+06,5000.0,30476.275,374639.06,340562.78,3000.0,600.0,0.0,909369.2,45388.46,0.0,45388.46,0.0,45388.46,1.2840082e+06,331501.3,0.0,9061.468,340562.78,0.0,0.0,0.0,0.0,340562.78,0.0,0.0,0.0,0.0,0.0,0.0
88213,2025,1,296678.7,50831.16,3305.54,1652.77,1.3321668e+06,0.0,8064.82,17750.0,0.0,10000.0,4941.85,43022.34,1.3094749e+06,22992.5,0.0,0.0,0.0,1.3272249e+06,14279.83,239376.53,1652.77,1318101.88,2500.0,1652.77,1017423.19,0.0,0.0,0.0,0.0,0.0,0.0,0.0,313.27,0.0,0.0,1566.7812,-73.3398,1.3181019e+06,2500.0,1652.7705,300678.7,296678.7,1500.0,0.0,6000.0,1.0174232e+06,50831.16,0.0,50831.16,0.0,50831.16,1.3321668e+06,253656.36,0.0,43022.336,296678.7,0.0,0.0,0.0,0.0,296678.7,0.0,0.0,0.0,8064.8193,9488.022,53295.8515625
88214,2025,1,-4767.43,0.0,1311.32,655.66,8570.71,0.0,0.0,23625.0,0.0,724.37,0.0,0.0,0.0,0.0,0.0,0.0,3856.82,23625.0,0.0,0.0,655.66,8570.71,5200.0,655.66,0.0,0.0,0.0,0.0,0.0,0.0,0.0,0.0,124.28,910.61,0.0,-60.0,0.0,8570.713,5200.0,655.65955,12200.0,0.0,3000.0,4000.0,0.0,0.0,0.0,0.0,0.0,0.0,0.0,8570.713,0.0,0.0,0.0,0.0,3856.8208,0.0,910.607,4767.4277,-4767.4277,0.0,0.0,0.0,0.0,0.0,0.0
88215,2025,1,0.0,0.0,0.0,0.0,-3734.86,0.0,0.0,23625.0,0.0,0.0,0.0,0.0,0.0,0.0,0.0,0.0,0.0,23625.0,0.0,0.0,0.0,-3811091.75,5200.0,609774.7,0.0,0.0,0.0,0.0,0.0,0.0,0.0,0.0,0.0,0.0,0.0,0.0,0.0,-3.8110918e+06,5200.0,609774.7,613774.7,0.0,3000.0,1000.0,0.0,0.0,0.0,0.0,0.0,0.0,0.0,-3734.8584,0.0,0.0,0.0,0.0,0.0,0.0,0.0,0.0,0.0,0.0,0.0,0.0,0.0,0.0,0.0
88216,2025,1,41345.0,12119.98,43747.06,22090.72,311935.34,0.0,0.0,31500.0,0.0,15216.77,0.55,519.41,280434.78,49871.0,11000.0,0.0,0.0,311934.78,0.0,51825.59,22090.72,311935.34,5000.0,22090.72,243999.62,0.0,0.0,0.0,0.0,0.0,0.0,0.0,4759.2,0.0,0.0,24.0,3.5752,311935.34,5000.0,22090.72,67935.72,41345.0,3000.0,1500.0,0.0,243999.62,12119.981,0.0,12119.981,0.0,12119.981,311935.34,51825.59,11000.0,519.40967,41345.0,0.0,0.0,0.0,0.0,41345.0,0.0,0.0,0.0,0.0,0.0,0.0
88217,2025,1,3.3374152e+07,4.221496e+06,106138.45,73153.62,1.1786873e+08,0.0,0.0,15750.0,0.0,10000.0,1.1529385e+07,2.226792e+06,1.0632359e+08,2.1559844e+07,0.0,0.0,0.0,1.0633935e+08,0.0,31147360.0,73153.62,117879528.0,2500.0,73153.62,84430720.0,0.0,0.0,0.0,0.0,0.0,0.0,0.0,40659.21,0.0,0.0,4.265912e+06,-213290.77,1.1787953e+08,2500.0,73153.625,3.3448806e+07,3.3374152e+07,1500.0,0.0,0.0,8.443072e+07,4.221496e+06,0.0,4.221496e+06,0.0,4.221496e+06,1.1786873e+08,3.114736e+07,0.0,2.226792e+06,3.3374152e+07,0.0,0.0,0.0,0.0,3.3374152e+07,0.0,0.0,0.0,0.0,0.0,100191.546875
88218,2025,1,-8769.54,1121.69,4867.5,2433.75,31813.72,0.0,0.0,23625.0,0.0,1400.69,0.0,0.0,8188.72,818.87,818.87,0.0,5369.54,31813.72,0.0,818.87,2433.75,31813.72,3580.0,2433.75,23233.72,0.0,0.0,0.0,0.0,0.0,0.0,0.0,461.3,3400.0,0.0,21.0596,5.0,31813.725,3580.0,2433.75,8580.0,0.0,3000.0,2000.0,0.0,23233.725,1121.6863,0.0,1121.6863,0.0,1121.6863,31813.725,818.87244,818.87244,0.0,0.0,5369.5396,0.0,3400.0,8769.539,-8769.539,0.0,0.0,0.0,0.0,0.0,0.0
88219,2025,1,9.169839e+06,1.0819428e+06,109139.69,70784.52,3.0877318e+07,0.0,0.0,23625.0,0.0,10000.0,4.8184635e+06,175269.27,2.6035228e+07,8.296046e+06,0.0,0.0,0.0,2.6058852e+07,0.0,8994570.38,70784.52,30883878.0,2500.0,70784.52,21639654.0,0.0,0.0,0.0,0.0,0.0,0.0,0.0,46740.37,0.0,0.0,1.782869e+06,-89138.56,3.0883878e+07,2500.0,70784.52,9.244224e+06,9.169839e+06,3000.0,600.0,0.0,2.1639654e+07,1.0819428e+06,0.0,1.0819428e+06,0.0,1.0819428e+06,3.0877316e+07,8.99457e+06,0.0,175269.27,9.169839e+06,0.0,0.0,0.0,0.0,9.169839e+06,0.0,0.0,0.0,0.0,0.0,280443.21875
88220,2025,1,671365.75,94704.67,43673.9,23777.35,2.6161985e+06,0.0,10575.09,34700.0,0.0,10000.0,134532.94,47034.34,2.4469655e+06,383027.38,0.0,0.0,0.0,2.4816655e+06,0.0,624331.34,23777.35,2593836.5,5000.0,23777.35,1895693.38,0.0,0.0,0.0,0.0,0.0,0.0,0.0,12433.28,0.0,0.0,49814.125,-2485.8203,2.5938365e+06,5000.0,23777.354,698143.1,671365.75,3000.0,0.0,12000.0,1.8956934e+06,94704.67,0.0,94704.67,0.0,94704.67,2.6161985e+06,624331.4,0.0,47034.344,671365.75,0.0,0.0,0.0,0.0,671365.75,0.0,0.0,0.0,10575.09,12441.282,76016.8203125
88221,2025,1,2089.99,2035.5,8062.25,4031.13,52399.9,0.0,0.0,31500.0,0.0,2240.0,0.0,0.0,20899.9,2089.99,0.0,0.0,0.0,52399.9,0.0,2089.99,4031.13,52399.9,5000.0,4031.13,42309.91,0.0,0.0,0.0,0.0,0.0,0.0,0.0,764.07,0.0,0.0,10.0,4.5,52399.902,5000.0,4031.1265,10089.99,2089.9902,3000.0,0.0,0.0,42309.914,2035.4957,0.0,2035.4957,0.0,2035.4957,52399.902,2089.9902,0.0,0.0,2089.9902,0.0,0.0,0.0,0.0,2089.9902,0.0,0.0,0.0,0.0,0.0,0.0
88222,2025,1,-420.65,376.3,3169.38,1584.69,20626.09,0.0,0.0,31500.0,0.0,760.92,0.0,0.0,0.0,0.0,0.0,0.0,420.65,31500.0,0.0,0.0,1584.69,20626.09,8500.0,1584.69,9126.09,0.0,0.0,0.0,0.0,0.0,0.0,0.0,300.37,0.0,0.0,7.65,5.0,20626.086,8500.0,1584.6914,11500.0,0.0,3000.0,0.0,0.0,9126.086,376.3043,0.0,376.3043,0.0,376.3043,20626.086,0.0,0.0,0.0,0.0,420.65363,0.0,0.0,420.65363,-420.65363,0.0,0.0,0.0,0.0,0.0,0.0
88223,2025,1,0.0,492.16,0.0,0.0,22315.88,0.0,1172.71,17750.0,0.0,925.79,0.0,0.0,0.0,0.0,0.0,0.0,0.0,17750.0,0.0,0.0,0.0,15143.17,3000.0,0.0,10643.17,0.0,0.0,0.0,0.0,0.0,0.0,0.0,0.0,0.0,0.0,0.0,2.5,15143.171,3000.0,0.0,4500.0,0.0,1500.0,0.0,6000.0,10643.171,492.15854,0.0,492.15854,0.0,492.15854,22315.885,0.0,0.0,0.0,0.0,0.0,0.0,0.0,0.0,0.0,0.0,0.0,0.0,1172.7129,12404.507,21062.333984375
88224,2025,1,-640.22,153.45,1280.44,640.22,8368.91,0.0,0.0,15750.0,0.0,476.39,0.0,0.0,0.0,0.0,0.0,0.0,640.22,15750.0,0.0,0.0,640.22,8368.91,3000.0,640.22,3868.91,0.0,0.0,0.0,0.0,0.0,0.0,0.0,121.35,0.0,0.0,-7.65,5.0,8368.909,3000.0,640.22156,4500.0,0.0,1500.0,0.0,0.0,3868.9092,153.44547,0.0,153.44547,0.0,153.44547,8368.909,0.0,0.0,0.0,0.0,640.22156,0.0,0.0,640.22156,-640.22156,0.0,0.0,0.0,0.0,0.0,0.0
88225,2025,1,882.25,919.51,3759.6,1879.8,24572.54,0.0,0.0,15750.0,0.0,1038.63,0.0,0.0,8822.54,882.25,0.0,0.0,0.0,24572.54,0.0,882.25,1879.8,24572.54,3000.0,1879.8,19190.29,0.0,0.0,0.0,0.0,0.0,0.0,0.0,356.3,0.0,0.0,10.0,4.5,24572.541,3000.0,1879.7994,5382.254,882.2541,1500.0,0.0,0.0,19190.287,919.51434,0.0,919.51434,0.0,919.51434,24572.541,882.2541,0.0,0.0,882.2541,0.0,0.0,0.0,0.0,882.2541,0.0,0.0,0.0,0.0,0.0,0.0
88226,2025,1,0.0,0.0,0.0,0.0,-3000.0,0.0,0.0,15750.0,0.0,0.0,0.0,0.0,0.0,0.0,0.0,0.0,0.0,15750.0,0.0,0.0,0.0,-9519.11,3000.0,1523.06,0.0,0.0,0.0,0.0,0.0,0.0,0.0,0.0,0.0,0.0,0.0,-3.825,0.0,-9519.112,3000.0,1523.058,4500.0,0.0,1500.0,0.0,0.0,0.0,0.0,0.0,0.0,0.0,0.0,-3000.0,0.0,0.0,0.0,0.0,0.0,0.0,0.0,0.0,0.0,0.0,0.0,0.0,0.0,0.0,0.0
88227,2025,1,0.0,0.0,2763.98,1381.99,-594934.75,0.0,0.0,31500.0,0.0,0.0,0.0,0.0,0.0,0.0,0.0,0.0,0.0,31500.0,0.0,0.0,1381.99,-7757922.5,8500.0,1.2426496e+06,0.0,0.0,0.0,0.0,0.0,0.0,0.0,0.0,261.95,0.0,0.0,0.0,0.0,-7.7579225e+06,8500.0,1.2426496e+06,1.2466496e+06,0.0,3000.0,1000.0,0.0,0.0,0.0,0.0,0.0,0.0,0.0,-594934.75,0.0,0.0,0.0,0.0,0.0,0.0,0.0,0.0,0.0,0.0,0.0,0.0,0.0,0.0,0.0
88228,2025,1,1.9994016e+07,2.2933355e+06,789940.25,505833.8,6.6362404e+07,0.0,0.0,34700.0,0.0,10000.0,4.8913775e+06,864291.44,6.143633e+07,1.4981745e+07,0.0,0.0,0.0,6.1471028e+07,0.0,19129723.0,505833.8,66371160.0,5000.0,505833.8,45868312.0,0.0,0.0,0.0,0.0,0.0,0.0,0.0,453390.45,0.0,0.0,1.809844e+06,-90487.25,6.637116e+07,5000.0,505833.8,2.050285e+07,1.9994016e+07,3000.0,0.0,12000.0,4.586831e+07,2.2933355e+06,0.0,2.2933355e+06,0.0,2.2933355e+06,6.6362404e+07,1.9129724e+07,0.0,864291.44,1.9994016e+07,0.0,0.0,0.0,0.0,1.9994016e+07,0.0,0.0,0.0,0.0,0.0,320429.3125
88229,2025,1,10895.65,3423.61,13512.76,6756.38,88424.2,0.0,0.0,15750.0,0.0,4231.21,0.0,0.0,72674.2,10881.34,0.0,0.0,0.0,88424.2,0.0,10895.65,6756.38,88424.2,2500.0,6756.38,69272.17,0.0,0.0,0.0,0.0,0.0,0.0,0.0,1280.62,0.0,0.0,22.0,3.5176,88424.2,2500.0,6756.3804,19152.027,10895.646,1500.0,0.0,0.0,69272.17,3423.6086,0.0,3423.6086,0.0,3423.6086,88424.195,10895.646,0.0,0.0,10895.646,0.0,0.0,0.0,0.0,10895.646,0.0,0.0,0.0,0.0,0.0,0.0
88230,2025,1,0.0,0.0,0.0,0.0,1370.82,0.0,0.0,17750.0,0.0,719.15,0.0,0.0,0.0,0.0,0.0,0.0,0.0,17750.0,0.0,0.0,0.0,172.24,3000.0,0.0,0.0,0.0,0.0,0.0,0.0,0.0,0.0,0.0,0.0,0.0,0.0,0.0,0.0,172.24301,3000.0,0.0,4500.0,0.0,1500.0,0.0,1198.5748,0.0,0.0,0.0,0.0,0.0,0.0,1370.8179,0.0,0.0,0.0,0.0,0.0,0.0,0.0,0.0,0.0,0.0,0.0,0.0,0.0,36775.28,1198.5748291015625
88231,2025,1,0.0,0.0,6006.51,3003.26,-573597.44,0.0,0.0,31500.0,0.0,0.0,0.0,0.0,0.0,0.0,0.0,0.0,0.0,31500.0,0.0,0.0,3003.26,-17240802.0,8500.0,2.7615315e+06,0.0,0.0,0.0,0.0,0.0,0.0,0.0,0.0,569.24,0.0,0.0,0.0,0.0,-1.7240802e+07,8500.0,2.7615315e+06,2.7645315e+06,0.0,3000.0,0.0,0.0,0.0,0.0,0.0,0.0,0.0,0.0,-573597.44,0.0,0.0,0.0,0.0,0.0,0.0,0.0,0.0,0.0,0.0,0.0,0.0,0.0,0.0,0.0
88232,2025,1,0.0,0.0,0.0,0.0,0.0,0.0,0.0,17750.0,0.0,0.0,0.0,0.0,0.0,0.0,0.0,0.0,0.0,17750.0,0.0,0.0,0.0,0.0,3000.0,0.0,0.0,0.0,0.0,0.0,0.0,0.0,0.0,0.0,0.0,0.0,0.0,0.0,0.0,0.0,3000.0,0.0,4500.0,0.0,1500.0,0.0,0.0,0.0,0.0,0.0,0.0,0.0,0.0,0.0,0.0,0.0,0.0,0.0,0.0,0.0,0.0,0.0,0.0,0.0,0.0,0.0,0.0,0.0,0.0
88233,2025,1,3.22308e+07,4.235893e+06,54035.88,37117.36,1.169811e+08,0.0,0.0,15750.0,0.0,10000.0,1.3225658e+07,1.9145686e+06,1.037397e+08,2.0875674e+07,0.0,0.0,0.0,1.0375545e+08,0.0,30316233.0,37117.36,116988080.0,2500.0,37117.36,84718664.0,0.0,0.0,0.0,0.0,0.0,0.0,0.0,12252.84,0.0,0.0,4.893528e+06,-244671.48,1.1698808e+08,2500.0,37117.36,3.2269418e+07,3.22308e+07,1500.0,0.0,0.0,8.4718664e+07,4.235893e+06,0.0,4.235893e+06,0.0,4.235893e+06,1.169811e+08,3.0316232e+07,0.0,1.9145686e+06,3.22308e+07,0.0,0.0,0.0,0.0,3.22308e+07,0.0,0.0,0.0,0.0,0.0,55623.1796875
88234,2025,1,2.3151872e+07,2.8709375e+06,659333.44,423547.9,8.097865e+07,0.0,0.0,31500.0,0.0,10000.0,5.30619e+06,1.479325e+06,7.564096e+07,1.4332933e+07,0.0,0.0,0.0,7.567246e+07,0.0,21672546.5,423547.9,80998768.0,5000.0,423547.9,57420348.0,0.0,0.0,0.0,0.0,0.0,0.0,0.0,368734.56,0.0,0.0,1.963324e+06,-98161.5,8.099877e+07,5000.0,423547.9,2.357842e+07,2.3151872e+07,3000.0,0.0,0.0,5.7420348e+07,2.8709375e+06,0.0,2.8709375e+06,0.0,2.8709375e+06,8.097865e+07,2.1672546e+07,0.0,1.479325e+06,2.3151872e+07,0.0,0.0,0.0,0.0,2.3151872e+07,0.0,0.0,0.0,0.0,0.0,262798.4375
88235,2025,1,731979.8,73583.67,97716.02,56969.2,2.2658225e+06,0.0,0.0,31500.0,0.0,10000.0,25124.13,3333.19,2.2091982e+06,713565.25,0.0,0.0,0.0,2.2406982e+06,0.0,728646.67,56969.2,2265822.5,5000.0,56969.2,1473273.5,0.0,0.0,0.0,0.0,0.0,0.0,0.0,45983.43,0.0,0.0,9333.0,-461.7578,2.2658225e+06,5000.0,56969.2,792549.06,731979.9,3000.0,600.0,0.0,1.4732735e+06,73583.67,0.0,73583.67,0.0,73583.67,2.2658225e+06,728646.7,0.0,3333.1929,731979.9,0.0,0.0,0.0,0.0,731979.9,0.0,0.0,0.0,0.0,0.0,0.0
88236,2025,1,-249.73,0.0,499.46,249.73,3264.47,0.0,0.0,15750.0,0.0,476.39,0.0,0.0,0.0,0.0,0.0,0.0,249.73,15750.0,0.0,0.0,249.73,3264.47,3000.0,249.73,0.0,0.0,0.0,0.0,0.0,0.0,0.0,0.0,47.33,0.0,0.0,-7.65,0.0,3264.468,3000.0,249.73181,4500.0,0.0,1500.0,0.0,0.0,0.0,0.0,0.0,0.0,0.0,0.0,3264.468,0.0,0.0,0.0,0.0,249.7318,0.0,0.0,249.7318,-249.7318,0.0,0.0,0.0,0.0,0.0,0.0
88237,2025,1,0.0,574.18,2360.99,1180.49,35931.94,0.0,2873.43,34700.0,0.0,1416.6,0.0,0.0,0.0,0.0,0.0,0.0,0.0,34700.0,0.0,0.0,1180.49,24583.57,8500.0,1180.49,13083.57,0.0,0.0,0.0,0.0,0.0,0.0,0.0,223.75,0.0,0.0,0.0,5.0,24583.57,8500.0,1180.4929,11500.0,0.0,3000.0,0.0,8474.945,13083.57,574.1785,0.0,574.1785,0.0,574.1785,35931.945,0.0,0.0,0.0,0.0,0.0,0.0,0.0,0.0,0.0,0.0,0.0,0.0,2873.4258,9376.675,8474.9453125
88238,2025,1,0.0,500.77,568.48,284.24,22077.99,0.0,762.61,17750.0,0.0,913.9,0.0,0.0,0.0,0.0,0.0,0.0,0.0,17750.0,0.0,0.0,284.24,15315.39,3000.0,284.24,10815.39,0.0,0.0,0.0,0.0,0.0,0.0,0.0,53.88,0.0,0.0,0.0,5.0,15315.386,3000.0,284.24017,4500.0,0.0,1500.0,0.0,6000.0,10815.386,500.7693,0.0,500.7693,0.0,500.7693,22077.992,0.0,0.0,0.0,0.0,0.0,0.0,0.0,0.0,0.0,0.0,0.0,0.0,762.6084,10419.663,17222.240234375
88239,2025,1,70419.04,15782.32,18415.95,9207.98,441611.1,0.0,29737.72,34700.0,0.0,21700.55,13110.57,7281.22,393800.47,34581.52,0.0,0.0,0.0,428500.47,0.0,63137.83,9207.98,399873.38,5000.0,9207.98,317246.34,0.0,0.0,0.0,0.0,0.0,0.0,0.0,1745.3,0.0,0.0,383.7812,-14.5732,399873.38,5000.0,9207.977,82627.02,70419.05,3000.0,0.0,12000.0,317246.34,15782.317,0.0,15782.317,0.0,15782.317,441611.06,63137.83,0.0,7281.22,70419.05,0.0,0.0,0.0,0.0,70419.05,0.0,0.0,0.0,29737.719,34985.55,24577.451171875
88240,2025,1,1514.06,1736.3,0.0,0.0,64387.96,0.0,17347.87,17750.0,0.0,3029.4,365.45,0.0,40272.52,1514.06,0.0,0.0,0.0,58022.52,0.0,1514.06,0.0,41040.09,2500.0,0.0,35526.04,0.0,0.0,0.0,0.0,0.0,0.0,0.0,0.0,0.0,0.0,6.0,2.2,41040.094,2500.0,0.0,5514.0586,1514.0585,1500.0,0.0,6000.0,35526.035,1736.3018,0.0,1736.3018,0.0,1736.3018,64387.965,1514.0585,0.0,0.0,1514.0585,0.0,0.0,0.0,0.0,1514.0585,0.0,0.0,0.0,17347.871,20409.26,16291.3076171875
88241,2025,1,-205.84,0.0,92.63,46.31,-2734.41,0.0,0.0,23625.0,0.0,0.0,0.0,0.0,0.0,0.0,0.0,0.0,205.84,23625.0,0.0,0.0,46.31,-3260.01,5200.0,567.91,0.0,0.0,0.0,0.0,0.0,0.0,0.0,0.0,8.78,0.0,0.0,-34.0,0.0,-3260.0059,5200.0,567.91486,9200.0,0.0,3000.0,1000.0,0.0,0.0,0.0,0.0,0.0,0.0,0.0,-2734.409,0.0,0.0,0.0,0.0,205.83955,0.0,0.0,205.83955,-205.83955,0.0,0.0,0.0,0.0,0.0,0.0
88242,2025,1,29029.8,8657.09,27736.13,14501.46,220639.69,0.0,0.0,31500.0,0.0,10651.98,4958.82,0.0,184180.84,26205.53,0.0,0.0,0.0,215680.84,0.0,29029.8,14501.46,221273.06,5000.0,14501.46,174741.81,0.0,0.0,0.0,0.0,0.0,0.0,0.0,2508.53,0.0,0.0,22.0059,3.5166,221273.06,5000.0,14501.458,46531.254,29029.797,3000.0,0.0,0.0,174741.81,8657.091,0.0,8657.091,0.0,8657.091,220639.67,29029.797,0.0,0.0,29029.797,0.0,0.0,0.0,0.0,29029.797,0.0,0.0,0.0,0.0,0.0,3646.949462890625
88243,2025,1,0.0,0.0,2373.41,1186.71,-597487.5,0.0,0.0,31500.0,0.0,0.0,0.0,0.0,0.0,0.0,0.0,0.0,0.0,31500.0,0.0,0.0,1186.71,-7698928.5,8500.0,1.2330152e+06,0.0,0.0,0.0,0.0,0.0,0.0,0.0,0.0,224.93,0.0,0.0,0.0,0.0,-7.6989285e+06,8500.0,1.2330152e+06,1.2360152e+06,0.0,3000.0,0.0,0.0,0.0,0.0,0.0,0.0,0.0,0.0,-597487.5,0.0,0.0,0.0,0.0,0.0,0.0,0.0,0.0,0.0,0.0,0.0,0.0,0.0,0.0,0.0
88244,2025,1,1.253897e+07,1.642052e+06,101404.09,66543.1,4.546494e+07,0.0,17192.44,17750.0,0.0,10000.0,4.6437325e+06,776316.2,4.0803456e+07,7.8901275e+06,0.0,0.0,0.0,4.082121e+07,0.0,11762652.75,66543.1,45448852.0,2500.0,66543.1,32841840.0,0.0,0.0,0.0,0.0,0.0,0.0,0.0,41414.09,0.0,0.0,1.7182169e+06,-85906.0,4.5448852e+07,2500.0,66543.1,1.2607012e+07,1.2538969e+07,1500.0,0.0,6000.0,3.284184e+07,1.642052e+06,0.0,1.642052e+06,0.0,1.642052e+06,4.546494e+07,1.1762653e+07,0.0,776316.1,1.2538969e+07,0.0,0.0,0.0,0.0,1.2538969e+07,0.0,0.0,0.0,17192.443,20226.404,148483.640625
88245,2025,1,5.066126e+06,653481.1,226563.84,187197.27,1.833304e+07,0.0,44023.08,34700.0,0.0,10000.0,1.0493245e+06,419123.75,1.7249016e+07,2.6950065e+06,0.0,0.0,0.0,1.7283716e+07,0.0,4647002.0,187197.27,18327546.0,5000.0,187197.27,13071222.0,0.0,0.0,0.0,0.0,0.0,0.0,0.0,75219.36,0.0,0.0,388287.0,-19409.438,1.8327546e+07,5000.0,187197.27,5.2563235e+06,5.066126e+06,3000.0,0.0,12000.0,1.3071222e+07,653481.1,0.0,653481.1,0.0,653481.1,1.833304e+07,4.647002e+06,0.0,419123.75,5.066126e+06,0.0,0.0,0.0,0.0,5.066126e+06,0.0,0.0,0.0,44023.08,51791.855,50864.73046875
88246,2025,1,0.0,0.0,0.0,0.0,6753.24,0.0,0.0,17750.0,0.0,639.54,0.0,0.0,0.0,0.0,0.0,0.0,0.0,17750.0,0.0,0.0,0.0,753.24,3000.0,0.0,0.0,0.0,0.0,0.0,0.0,0.0,0.0,0.0,0.0,0.0,0.0,0.0,0.0,753.24274,3000.0,0.0,4500.0,0.0,1500.0,0.0,6000.0,0.0,0.0,0.0,0.0,0.0,0.0,6753.2427,0.0,0.0,0.0,0.0,0.0,0.0,0.0,0.0,0.0,0.0,0.0,0.0,0.0,18130.213,6260.51708984375
88247,2025,1,29363.21,8096.71,32027.14,16013.57,211911.06,0.0,0.0,31500.0,0.0,10215.55,0.0,0.0,180411.06,29030.59,0.0,0.0,0.0,211911.06,0.0,29363.21,16013.57,211911.06,5000.0,16013.57,163534.28,0.0,0.0,0.0,0.0,0.0,0.0,0.0,3035.25,0.0,0.0,22.0,3.5176,211911.06,5000.0,16013.57,48376.78,29363.21,3000.0,0.0,0.0,163534.28,8096.714,0.0,8096.714,0.0,8096.714,211911.06,29363.21,0.0,0.0,29363.21,0.0,0.0,0.0,0.0,29363.21,0.0,0.0,0.0,0.0,0.0,0.0
88248,2025,1,0.0,0.0,0.0,0.0,105.57,0.0,0.0,34700.0,0.0,105.57,0.0,0.0,0.0,0.0,0.0,0.0,0.0,34700.0,0.0,0.0,0.0,105.57,8500.0,0.0,0.0,0.0,0.0,0.0,0.0,0.0,0.0,0.0,0.0,0.0,0.0,0.0,0.0,105.56896,8500.0,0.0,11500.0,0.0,3000.0,0.0,0.0,0.0,0.0,0.0,0.0,0.0,0.0,105.56896,0.0,0.0,0.0,0.0,0.0,0.0,0.0,0.0,0.0,0.0,0.0,0.0,0.0,53324.156,0.0
88249,2025,1,0.0,0.0,0.0,0.0,-613000.0,0.0,0.0,31500.0,0.0,0.0,0.0,0.0,0.0,0.0,0.0,0.0,0.0,31500.0,0.0,0.0,0.0,-5188607.0,8500.0,830177.1,0.0,0.0,0.0,0.0,0.0,0.0,0.0,0.0,0.0,0.0,0.0,0.0,0.0,-5.188607e+06,8500.0,830177.1,834177.1,0.0,3000.0,1000.0,0.0,0.0,0.0,0.0,0.0,0.0,0.0,-613000.0,0.0,0.0,0.0,0.0,0.0,0.0,0.0,0.0,0.0,0.0,0.0,0.0,0.0,0.0,0.0
88250,2025,1,0.0,0.0,0.0,0.0,0.0,0.0,0.0,15750.0,0.0,0.0,0.0,0.0,0.0,0.0,0.0,0.0,0.0,15750.0,0.0,0.0,0.0,0.0,3000.0,0.0,0.0,0.0,0.0,0.0,0.0,0.0,0.0,0.0,0.0,0.0,0.0,-3.825,0.0,0.0,3000.0,0.0,4500.0,0.0,1500.0,0.0,0.0,0.0,0.0,0.0,0.0,0.0,0.0,0.0,0.0,0.0,0.0,0.0,0.0,0.0,0.0,0.0,0.0,0.0,0.0,0.0,0.0,6129.2134,0.0
88251,2025,1,0.0,0.0,0.0,0.0,-613000.0,0.0,0.0,34700.0,0.0,0.0,0.0,0.0,0.0,0.0,0.0,0.0,0.0,34700.0,0.0,0.0,0.0,-7754484.5,8500.0,1.2407175e+06,0.0,0.0,0.0,0.0,0.0,0.0,0.0,0.0,0.0,0.0,0.0,0.0,0.0,-7.7544845e+06,8500.0,1.2407175e+06,1.2437175e+06,0.0,3000.0,0.0,0.0,0.0,0.0,0.0,0.0,0.0,0.0,-613000.0,0.0,0.0,0.0,0.0,0.0,0.0,0.0,0.0,0.0,0.0,0.0,0.0,0.0,36775.28,0.0
88252,2025,1,89931.5,15618.62,35016.17,17706.71,494852.28,0.0,62257.49,34700.0,0.0,24362.61,8609.79,3322.07,451542.47,74184.82,0.0,0.0,0.0,486242.47,0.0,86609.43,17706.71,424610.59,5000.0,17706.71,313972.38,0.0,0.0,0.0,0.0,0.0,0.0,0.0,4662.26,0.0,0.0,1380.6016,-64.1846,424610.6,5000.0,17706.71,110638.21,89931.5,3000.0,0.0,7984.1826,313972.38,15618.619,0.0,15618.619,0.0,15618.619,494852.28,86609.43,0.0,3322.0679,89931.5,0.0,0.0,0.0,0.0,89931.5,0.0,0.0,0.0,62257.49,73244.1,7984.1826171875
88253,2025,1,-512.54,0.0,1025.08,512.54,3699.86,0.0,0.0,31500.0,0.0,569.06,0.0,0.0,0.0,0.0,0.0,0.0,512.54,31500.0,0.0,0.0,512.54,-3690.9,8500.0,1103.08,0.0,0.0,0.0,0.0,0.0,0.0,0.0,0.0,97.15,0.0,0.0,-7.65,0.0,-3690.8975,8500.0,1103.0828,11500.0,0.0,3000.0,0.0,0.0,0.0,0.0,0.0,0.0,0.0,0.0,3699.8584,0.0,0.0,0.0,0.0,512.5392,0.0,0.0,512.5392,-512.5392,0.0,0.0,0.0,0.0,0.0,0.0
88254,2025,1,0.0,0.0,0.0,0.0,-308000.0,0.0,0.0,15750.0,0.0,0.0,0.0,0.0,0.0,0.0,0.0,0.0,0.0,15750.0,0.0,0.0,0.0,-8873946.0,3000.0,1.4198314e+06,0.0,0.0,0.0,0.0,0.0,0.0,0.0,0.0,0.0,0.0,0.0,0.0,0.0,-8.873946e+06,3000.0,1.4198314e+06,1.4213314e+06,0.0,1500.0,0.0,0.0,0.0,0.0,0.0,0.0,0.0,0.0,-308000.0,0.0,0.0,0.0,0.0,0.0,0.0,0.0,0.0,0.0,0.0,0.0,0.0,0.0,0.0,0.0
88255,2025,1,1262.06,2903.55,6701.92,3350.96,82478.67,0.0,13545.56,34700.0,0.0,3743.93,19.11,0.0,35759.57,1262.06,0.0,0.0,0.0,70459.56,0.0,1262.06,3350.96,68933.11,5000.0,3350.96,59671.05,0.0,0.0,0.0,0.0,0.0,0.0,0.0,635.15,0.0,0.0,10.0,4.5,68933.11,5000.0,3350.96,9262.061,1262.0612,3000.0,0.0,0.0,59671.047,2903.5522,0.0,2903.5522,0.0,2903.5522,82478.67,1262.0612,0.0,0.0,1262.0612,0.0,0.0,0.0,0.0,1262.0612,0.0,0.0,0.0,13545.5625,15935.955,0.0
88256,2025,1,-613.54,1875.8,7010.65,3505.33,45821.26,0.0,0.0,23625.0,0.0,2101.06,0.0,0.0,22196.26,2323.55,2200.0,0.0,737.09,45821.26,0.0,2323.55,3505.33,45821.26,2500.0,3505.33,38315.94,0.0,0.0,0.0,0.0,0.0,0.0,0.0,664.41,0.0,0.0,27.98,4.6174,45821.26,2500.0,3505.3264,7505.326,0.0,3000.0,1000.0,0.0,38315.938,1875.7969,0.0,1875.7969,0.0,1875.7969,45821.26,2323.5515,2200.0,0.0,123.55151,737.0925,0.0,0.0,737.0925,-613.541,0.0,0.0,0.0,0.0,0.0,0.0
88257,2025,1,0.0,0.0,0.0,0.0,-13.56,0.0,0.0,17750.0,0.0,0.0,0.0,0.0,0.0,0.0,0.0,0.0,0.0,17750.0,0.0,0.0,0.0,-13.56,3000.0,2.17,0.0,0.0,0.0,0.0,0.0,0.0,0.0,0.0,0.0,0.0,0.0,0.0,0.0,-13.559989,3000.0,2.169598,4500.0,0.0,1500.0,0.0,0.0,0.0,0.0,0.0,0.0,0.0,0.0,-13.559989,0.0,0.0,0.0,0.0,0.0,0.0,0.0,0.0,0.0,0.0,0.0,0.0,0.0,16731.73,0.0
88258,2025,1,-5.17,0.0,10.35,5.17,-10010.85,0.0,0.0,33100.0,0.0,0.0,0.0,0.0,0.0,0.0,0.0,0.0,5.17,33100.0,0.0,0.0,5.17,-30360.43,8500.0,4862.84,0.0,0.0,0.0,0.0,0.0,0.0,0.0,0.0,0.98,0.0,0.0,-7.65,0.0,-30360.426,8500.0,4862.8423,11500.0,0.0,3000.0,0.0,0.0,0.0,0.0,0.0,0.0,0.0,0.0,-10010.852,0.0,0.0,0.0,0.0,5.174114,0.0,0.0,5.174114,-5.174114,0.0,0.0,0.0,0.0,0.0,0.0
88259,2025,1,4318.32,2853.41,10949.03,5474.52,71460.99,0.0,0.0,31500.0,0.0,3225.82,0.0,0.0,39960.99,4318.32,0.0,0.0,0.0,71460.99,0.0,4318.32,5474.52,71460.99,5000.0,5474.52,58668.16,0.0,0.0,0.0,0.0,0.0,0.0,0.0,1037.65,0.0,0.0,11.9995,4.0173,71460.99,5000.0,5474.515,12792.834,4318.319,3000.0,0.0,0.0,58668.156,2853.4077,0.0,2853.4077,0.0,2853.4077,71460.99,4318.319,0.0,0.0,4318.319,0.0,0.0,0.0,0.0,4318.319,0.0,0.0,0.0,0.0,0.0,0.0
88260,2025,1,0.0,0.0,9350.56,4675.28,-550160.9,0.0,0.0,31500.0,0.0,0.0,0.0,0.0,0.0,0.0,0.0,0.0,0.0,31500.0,0.0,0.0,4675.28,-2029805.5,8500.0,329444.16,0.0,0.0,0.0,0.0,0.0,0.0,0.0,0.0,886.16,0.0,0.0,0.0,0.0,-2.0298055e+06,8500.0,329444.16,332444.16,0.0,3000.0,0.0,0.0,0.0,0.0,0.0,0.0,0.0,0.0,-550160.9,0.0,0.0,0.0,0.0,0.0,0.0,0.0,0.0,0.0,0.0,0.0,0.0,0.0,8880.209,0.0
88261,2025,1,29844.5,6276.43,25754.16,12877.08,170550.19,0.0,0.0,15750.0,0.0,8337.51,0.0,0.0,154800.17,29586.94,0.0,0.0,0.0,170550.19,0.0,29844.5,12877.08,170550.16,2500.0,12877.08,126328.58,0.0,0.0,0.0,0.0,0.0,0.0,0.0,2440.75,0.0,0.0,24.0,3.4175,170550.16,2500.0,12877.08,44221.582,29844.502,1500.0,0.0,0.0,126328.58,6276.4287,0.0,6276.4287,0.0,6276.4287,170550.17,29844.502,0.0,0.0,29844.502,0.0,0.0,0.0,0.0,29844.502,0.0,0.0,0.0,0.0,0.0,0.0
88262,2025,1,-1433.99,0.0,564.85,282.42,3691.82,0.0,0.0,23625.0,0.0,569.06,0.0,0.0,0.0,0.0,0.0,0.0,1255.22,23625.0,0.0,0.0,282.42,3691.82,5200.0,282.42,0.0,0.0,0.0,0.0,0.0,0.0,0.0,0.0,53.53,178.77,0.0,-49.0,0.0,3691.8167,5200.0,282.42395,9200.0,0.0,3000.0,1000.0,0.0,0.0,0.0,0.0,0.0,0.0,0.0,3691.8167,0.0,0.0,0.0,0.0,1255.2177,0.0,178.7725,1433.9901,-1433.9901,0.0,0.0,0.0,0.0,0.0,0.0
88263,2025,1,0.0,0.0,20839.39,10673.2,-479947.75,0.0,0.0,31500.0,0.0,0.0,0.0,0.0,0.0,0.0,0.0,0.0,0.0,31500.0,0.0,0.0,10673.2,-2526954.75,8500.0,414985.97,0.0,0.0,0.0,0.0,0.0,0.0,0.0,0.0,1926.92,0.0,0.0,0.0,0.0,-2.5269548e+06,8500.0,414985.97,417985.97,0.0,3000.0,0.0,0.0,0.0,0.0,0.0,0.0,0.0,0.0,-479947.75,0.0,0.0,0.0,0.0,0.0,0.0,0.0,0.0,0.0,0.0,0.0,0.0,0.0,0.0,0.0
88264,2025,1,-5794.7,740.5,3795.92,1897.96,24809.96,0.0,0.0,23625.0,0.0,1050.5,0.0,0.0,1184.96,118.5,118.5,0.0,4094.7,24809.96,0.0,118.5,1897.96,24809.96,5200.0,1897.96,15609.96,0.0,0.0,0.0,0.0,0.0,0.0,0.0,359.74,1700.0,0.0,15.9805,5.0,24809.957,5200.0,1897.9617,9200.0,0.0,3000.0,1000.0,0.0,15609.957,740.49786,0.0,740.49786,0.0,740.49786,24809.957,118.495705,118.4957,0.0,7.6293945e-06,4094.699,0.0,1700.0,5794.699,-5794.699,0.0,0.0,0.0,0.0,0.0,0.0
88265,2025,1,2.8613848e+07,3.1917745e+06,1.7782796e+06,1.1872831e+06,9.3548664e+07,0.0,0.0,31500.0,0.0,10000.0,3.776347e+06,1.3321096e+06,8.9740824e+07,2.0403586e+07,0.0,0.0,0.0,8.977232e+07,0.0,27281736.5,1.1872831e+06,93641520.0,5000.0,1.1872831e+06,63837088.0,0.0,0.0,0.0,0.0,0.0,0.0,0.0,982834.93,0.0,0.0,1.3972861e+06,-69859.25,9.364152e+07,5000.0,1.1872831e+06,2.980443e+07,2.8613846e+07,3000.0,300.0,0.0,6.383709e+07,3.1917745e+06,0.0,3.1917745e+06,0.0,3.1917745e+06,9.3548664e+07,2.7281736e+07,0.0,1.3321096e+06,2.8613846e+07,0.0,0.0,0.0,0.0,2.8613846e+07,0.0,0.0,0.0,0.0,0.0,145411.140625
88266,2025,1,0.0,0.0,0.0,0.0,0.0,0.0,0.0,23625.0,0.0,0.0,0.0,0.0,0.0,0.0,0.0,0.0,0.0,23625.0,0.0,0.0,0.0,0.0,5200.0,0.0,0.0,0.0,0.0,0.0,0.0,0.0,0.0,0.0,0.0,0.0,0.0,-17.0,0.0,0.0,5200.0,0.0,9200.0,0.0,3000.0,1000.0,0.0,0.0,0.0,0.0,0.0,0.0,0.0,0.0,0.0,0.0,0.0,0.0,0.0,0.0,0.0,0.0,0.0,0.0,0.0,0.0,0.0,0.0,0.0
88267,2025,1,7176.19,4656.8,17507.45,8753.72,113965.98,0.0,0.0,31500.0,0.0,5318.3,0.0,0.0,82465.98,9376.19,2200.0,0.0,0.0,113965.98,0.0,9376.19,8753.72,113965.98,5000.0,8753.72,94736.06,0.0,0.0,0.0,0.0,0.0,0.0,0.0,1659.2,0.0,0.0,12.001,4.0176,113965.984,5000.0,8753.724,19229.918,7176.1934,3000.0,300.0,0.0,94736.06,4656.803,0.0,4656.803,0.0,4656.803,113965.98,9376.193,2200.0,0.0,7176.1934,0.0,0.0,0.0,0.0,7176.1934,0.0,0.0,0.0,0.0,0.0,0.0
88268,2025,1,8224.2,2994.83,11660.2,5830.1,76250.92,0.0,0.0,15750.0,0.0,3622.55,0.0,0.0,60500.92,8224.2,0.0,0.0,0.0,76250.92,0.0,8224.2,5830.1,76250.91,2500.0,5830.1,60696.61,0.0,0.0,0.0,0.0,0.0,0.0,0.0,1105.05,0.0,0.0,22.0,3.5176,76250.914,2500.0,5830.1025,15554.304,8224.201,1500.0,0.0,0.0,60696.61,2994.8306,0.0,2994.8306,0.0,2994.8306,76250.914,8224.201,0.0,0.0,8224.201,0.0,0.0,0.0,0.0,8224.201,0.0,0.0,0.0,0.0,0.0,0.0
88269,2025,1,50587.14,12278.7,20437.87,10218.94,338294.1,0.0,22557.7,34700.0,0.0,16534.7,23917.14,2196.92,279676.9,41013.18,0.0,0.0,0.0,314376.9,0.0,48390.23,10218.94,310980.19,5000.0,10218.94,247174.11,0.0,0.0,0.0,0.0,0.0,0.0,0.0,1936.92,0.0,0.0,24.0,3.418,310980.2,5000.0,10218.937,63806.082,50587.145,3000.0,0.0,4756.169,247174.11,12278.705,0.0,12278.705,0.0,12278.705,338294.06,48390.227,0.0,2196.9167,50587.145,0.0,0.0,0.0,0.0,50587.145,0.0,0.0,0.0,22557.703,26538.473,4756.1689453125
88270,2025,1,2.1866196e+07,2.2448962e+06,1.3076072e+06,822996.94,6.76014e+07,0.0,23600.54,17750.0,0.0,10000.0,4.0154185e+06,557316.56,6.356823e+07,1.8757836e+07,0.0,0.0,0.0,6.3585988e+07,0.0,21308879.0,822996.94,67589416.0,2500.0,822996.94,44898724.0,0.0,0.0,0.0,0.0,0.0,0.0,0.0,776843.09,0.0,0.0,1.48574e+06,-74282.5,6.7589416e+07,2500.0,822996.94,2.2690692e+07,2.1866196e+07,1500.0,0.0,6000.0,4.4898724e+07,2.2448962e+06,0.0,2.2448962e+06,0.0,2.2448962e+06,6.76014e+07,2.130888e+07,0.0,557316.56,2.1866196e+07,0.0,0.0,0.0,0.0,2.1866196e+07,0.0,0.0,0.0,23600.537,27765.338,166054.96875
88271,2025,1,92593.27,20056.31,20382.63,10191.31,551092.4,0.0,30581.71,34700.0,0.0,24672.29,14534.86,10720.29,501857.53,41428.26,0.0,0.0,0.0,536557.5,0.0,81872.97,10191.31,508510.69,5000.0,10191.31,402726.12,0.0,0.0,0.0,0.0,0.0,0.0,0.0,1931.69,0.0,0.0,3512.3752,-171.002,508510.7,5000.0,10191.314,105784.58,92593.266,3000.0,0.0,12000.0,402726.12,20056.307,0.0,20056.307,0.0,20056.307,551092.4,81872.97,0.0,10720.294,92593.266,0.0,0.0,0.0,0.0,92593.266,0.0,0.0,0.0,30581.713,35978.484,32503.583984375
88272,2025,1,1.4631665e+06,198515.69,86025.08,47462.27,5.5289595e+06,0.0,31710.51,34700.0,0.0,10000.0,224361.84,120638.25,5.2698975e+06,717356.2,0.0,0.0,0.0,5.3045975e+06,0.0,1342528.25,47462.27,5485542.5,5000.0,47462.27,3971913.75,0.0,0.0,0.0,0.0,0.0,0.0,0.0,25040.1,0.0,0.0,83051.0,-4147.6875,5.4855425e+06,5000.0,47462.27,1.5136288e+06,1.4631665e+06,3000.0,0.0,12000.0,3.9719138e+06,198515.69,0.0,198515.69,0.0,198515.69,5.5289595e+06,1.3425282e+06,0.0,120638.25,1.4631665e+06,0.0,0.0,0.0,0.0,1.4631665e+06,0.0,0.0,0.0,31710.51,37306.48,47204.16015625
88273,2025,1,3783.15,1970.6,7537.36,3768.68,49263.79,0.0,0.0,15750.0,0.0,2273.19,0.0,0.0,33513.79,3783.15,0.0,0.0,0.0,49263.79,0.0,3783.15,3768.68,49263.79,2500.0,3768.68,40211.95,0.0,0.0,0.0,0.0,0.0,0.0,0.0,714.32,0.0,0.0,12.0,4.0176,49263.79,2500.0,3768.68,9051.835,3783.1548,1500.0,0.0,0.0,40211.953,1970.5977,0.0,1970.5977,0.0,1970.5977,49263.79,3783.1548,0.0,0.0,3783.1548,0.0,0.0,0.0,0.0,3783.1548,0.0,0.0,0.0,0.0,0.0,0.0
88274,2025,1,512071.4,62485.65,59958.76,33604.76,1.8008891e+06,0.0,0.0,31500.0,0.0,10000.0,105710.62,8234.51,1.6636785e+06,462641.03,0.0,416.3,0.0,1.6951785e+06,0.0,504253.21,33604.76,1800889.12,5000.0,33604.76,1251313.0,0.0,0.0,0.0,0.0,0.0,0.0,0.0,22557.5,0.0,0.0,39149.906,-1952.6094,1.8008891e+06,5000.0,33604.754,549576.2,512071.4,3000.0,900.0,0.0,1.251313e+06,62485.65,0.0,62485.65,0.0,62485.65,1.8008891e+06,504253.22,416.30127,8234.51,512071.4,0.0,0.0,0.0,0.0,512071.4,0.0,0.0,0.0,0.0,0.0,0.0
88275,2025,1,463630.1,60015.96,70989.31,38056.9,1.7071508e+06,0.0,0.0,31500.0,0.0,10000.0,120697.91,11416.3,1.5549528e+06,396706.38,0.0,0.0,0.0,1.5864528e+06,0.0,452213.77,38056.9,1707206.12,5000.0,38056.9,1201919.12,0.0,0.0,0.0,0.0,0.0,0.0,0.0,16660.39,0.0,0.0,44695.25,-2229.9453,1.7072061e+06,5000.0,38056.895,505287.0,463630.1,3000.0,600.0,0.0,1.2019191e+06,60015.957,0.0,60015.957,0.0,60015.957,1.7071508e+06,452213.78,0.0,11416.301,463630.1,0.0,0.0,0.0,0.0,463630.1,0.0,0.0,0.0,0.0,0.0,0.0
88276,2025,1,3654.95,1927.68,7373.9,3686.95,48195.42,0.0,0.0,15750.0,0.0,2219.77,0.0,0.0,32445.42,3654.95,0.0,0.0,0.0,48195.42,0.0,3654.95,3686.95,48195.42,2500.0,3686.95,39353.52,0.0,0.0,0.0,0.0,0.0,0.0,0.0,698.83,0.0,0.0,12.0,4.0173,48195.418,2500.0,3686.9495,8841.899,3654.9502,1500.0,0.0,0.0,39353.52,1927.676,0.0,1927.676,0.0,1927.676,48195.418,3654.9502,0.0,0.0,3654.9502,0.0,0.0,0.0,0.0,3654.9502,0.0,0.0,0.0,0.0,0.0,0.0
88277,2025,1,0.0,0.0,0.0,0.0,-32465.9,0.0,0.0,34700.0,0.0,0.0,0.0,0.0,0.0,0.0,0.0,0.0,0.0,34700.0,0.0,0.0,0.0,-41983.1,8500.0,6717.3,0.0,0.0,0.0,0.0,0.0,0.0,0.0,0.0,0.0,0.0,0.0,0.0,0.0,-41983.1,8500.0,6717.296,11500.0,0.0,3000.0,0.0,0.0,0.0,0.0,0.0,0.0,0.0,0.0,-32465.9,0.0,0.0,0.0,0.0,0.0,0.0,0.0,0.0,0.0,0.0,0.0,0.0,0.0,29935.078,0.0
88278,2025,1,3366.61,3569.87,13203.29,6601.65,86465.64,0.0,0.0,31500.0,0.0,3953.26,0.0,0.0,54965.64,6102.55,2200.0,535.94,0.0,86465.64,0.0,6102.55,6601.65,86465.64,5000.0,6601.65,72997.39,0.0,0.0,0.0,0.0,0.0,0.0,0.0,1251.29,0.0,0.0,12.001,4.0171,86465.64,5000.0,6601.6455,13468.254,3366.6086,3000.0,500.0,0.0,72997.39,3569.8696,0.0,3569.8696,0.0,3569.8696,86465.64,6102.5454,2735.9368,0.0,3366.6086,0.0,0.0,0.0,0.0,3366.6086,0.0,0.0,0.0,0.0,0.0,0.0
88279,2025,1,10672.74,5407.76,0.0,0.0,134316.73,0.0,4688.85,17750.0,0.0,6525.84,0.0,0.0,114125.73,806.38,0.0,0.0,0.0,131875.73,0.0,10672.74,0.0,123627.89,2500.0,0.0,108955.15,0.0,0.0,0.0,0.0,0.0,0.0,0.0,0.0,0.0,0.0,13.25,1.8374,123627.89,2500.0,0.0,14672.744,10672.744,1500.0,0.0,6000.0,108955.15,5407.7573,0.0,5407.7573,0.0,5407.7573,134316.73,10672.744,0.0,0.0,10672.744,0.0,0.0,0.0,0.0,10672.744,0.0,0.0,0.0,4688.848,5516.292,19433.203125
88280,2025,1,-397.67,0.0,1329.24,664.62,-19778.33,0.0,0.0,31500.0,0.0,0.0,0.0,0.0,0.0,0.0,0.0,0.0,397.67,31500.0,0.0,0.0,664.62,-29233.25,8500.0,5341.94,0.0,0.0,0.0,0.0,0.0,0.0,0.0,0.0,125.97,0.0,0.0,-7.65,0.0,-29233.25,8500.0,5341.9414,11500.0,0.0,3000.0,0.0,0.0,0.0,0.0,0.0,0.0,0.0,0.0,-19778.326,0.0,0.0,0.0,0.0,397.67056,0.0,0.0,397.67056,-397.67056,0.0,0.0,0.0,0.0,0.0,0.0
88281,2025,1,1107.8,1023.51,4104.68,2052.34,26827.99,0.0,0.0,15750.0,0.0,1151.4,0.0,0.0,11077.99,1107.8,0.0,0.0,0.0,26827.99,0.0,1107.8,2052.34,26827.99,2950.0,2052.34,21270.19,0.0,0.0,0.0,0.0,0.0,0.0,0.0,389.01,0.0,0.0,10.0,4.5,26827.992,2950.0,2052.3413,5557.7993,1107.7992,1500.0,0.0,0.0,21270.193,1023.50964,0.0,1023.50964,0.0,1023.50964,26827.992,1107.7992,0.0,0.0,1107.7992,0.0,0.0,0.0,0.0,1107.7992,0.0,0.0,0.0,0.0,0.0,0.0
88282,2025,1,8.062947e+06,773326.2,622719.2,383905.53,2.3915702e+07,0.0,0.0,23625.0,0.0,10000.0,1.1385569e+06,94369.62,2.275352e+07,7.494122e+06,0.0,1200.0,0.0,2.2777144e+07,0.0,7969777.5,383905.53,23917776.0,2500.0,383905.53,15467324.0,0.0,0.0,0.0,0.0,0.0,0.0,0.0,368836.16,0.0,0.0,421303.0,-21060.312,2.3917776e+07,2500.0,383905.5,8.450452e+06,8.062947e+06,3000.0,600.0,0.0,1.5467324e+07,773326.2,0.0,773326.2,0.0,773326.2,2.3915702e+07,7.9697775e+06,1200.0,94369.625,8.062947e+06,0.0,0.0,0.0,0.0,8.062947e+06,0.0,0.0,0.0,0.0,0.0,22575.09765625
88283,2025,1,0.0,0.0,0.0,0.0,0.0,0.0,0.0,17750.0,0.0,0.0,0.0,0.0,0.0,0.0,0.0,0.0,0.0,17750.0,0.0,0.0,0.0,0.0,3000.0,0.0,0.0,0.0,0.0,0.0,0.0,0.0,0.0,0.0,0.0,0.0,0.0,0.0,0.0,0.0,3000.0,0.0,4500.0,0.0,1500.0,0.0,0.0,0.0,0.0,0.0,0.0,0.0,0.0,0.0,0.0,0.0,0.0,0.0,0.0,0.0,0.0,0.0,0.0,0.0,0.0,0.0,0.0,0.0,0.0
88284,2025,1,-250.24,0.0,112.61,56.3,735.99,0.0,0.0,23625.0,0.0,569.06,0.0,0.0,0.0,0.0,0.0,0.0,250.24,23625.0,0.0,0.0,56.3,735.99,5200.0,56.3,0.0,0.0,0.0,0.0,0.0,0.0,0.0,0.0,10.67,0.0,0.0,-34.0,0.0,735.98914,5200.0,56.30317,9200.0,0.0,3000.0,1000.0,0.0,0.0,0.0,0.0,0.0,0.0,0.0,735.98914,0.0,0.0,0.0,0.0,250.23631,0.0,0.0,250.23631,-250.23631,0.0,0.0,0.0,0.0,0.0,0.0
88285,2025,1,12686.48,5934.59,15871.07,7935.53,143913.83,0.0,0.0,31500.0,0.0,6815.69,6743.84,0.0,105669.99,11853.07,0.0,0.0,0.0,137170.0,0.0,12686.47,7935.53,143913.84,5000.0,7935.53,120291.84,0.0,0.0,0.0,0.0,0.0,0.0,0.0,1504.12,0.0,0.0,22.0029,3.5176,143913.84,5000.0,7935.533,23622.008,12686.475,3000.0,0.0,0.0,120291.836,5934.592,0.0,5934.592,0.0,5934.592,143913.83,12686.475,0.0,0.0,12686.475,0.0,0.0,0.0,0.0,12686.475,0.0,0.0,0.0,0.0,0.0,21.329837799072266
88286,2025,1,-8385.73,1001.7,4963.44,2481.72,32684.0,0.0,0.0,31500.0,0.0,1254.2,0.0,0.0,1184.0,100.62,0.0,100.62,6685.73,32684.0,0.0,100.62,2481.72,32684.0,6050.0,2481.72,21634.0,0.0,0.0,0.0,0.0,0.0,0.0,0.0,470.39,1700.0,0.0,21.0596,5.0,32684.0,6050.0,2481.7224,11050.0,0.0,3000.0,2000.0,0.0,21634.0,1001.7,0.0,1001.7,0.0,1001.7,32684.0,100.62454,100.62451,0.0,3.0517578e-05,6685.7314,0.0,1700.0,8385.731,-8385.731,0.0,0.0,0.0,0.0,0.0,0.0
88287,2025,1,11593.76,4708.7,18193.46,9711.66,118964.48,0.0,0.0,23625.0,0.0,5758.22,1617.85,0.0,93721.62,13793.76,2200.0,0.0,0.0,117346.62,0.0,13793.76,9711.66,119579.41,2500.0,9711.66,94973.98,0.0,0.0,0.0,0.0,0.0,0.0,0.0,1607.66,0.0,0.0,22.0,3.5176,119579.41,2500.0,9711.662,24605.42,11593.758,3000.0,300.0,0.0,94973.984,4708.699,0.0,4708.699,0.0,4708.699,118964.48,13793.758,2200.0,0.0,11593.758,0.0,0.0,0.0,0.0,11593.758,0.0,0.0,0.0,0.0,0.0,0.0
88288,2025,1,5591.52,4111.65,15359.62,7679.81,100404.38,0.0,0.0,31500.0,0.0,4640.22,0.0,0.0,68904.38,7791.52,2200.0,0.0,0.0,100404.38,0.0,7791.52,7679.81,100404.38,5000.0,7679.81,83833.04,0.0,0.0,0.0,0.0,0.0,0.0,0.0,1455.65,0.0,0.0,11.999,4.0171,100404.375,5000.0,7679.8115,16571.336,5591.525,3000.0,300.0,0.0,83833.04,4111.652,0.0,4111.652,0.0,4111.652,100404.375,7791.525,2200.0,0.0,5591.525,0.0,0.0,0.0,0.0,5591.525,0.0,0.0,0.0,0.0,0.0,0.0
88289,2025,1,0.0,0.0,0.0,0.0,-3000.0,0.0,0.0,23625.0,0.0,0.0,0.0,0.0,0.0,0.0,0.0,0.0,0.0,23625.0,0.0,0.0,0.0,-2138410.25,5200.0,342145.62,0.0,0.0,0.0,0.0,0.0,0.0,0.0,0.0,0.0,0.0,0.0,-22.5,0.0,-2.1384102e+06,5200.0,342145.62,349145.62,0.0,3000.0,4000.0,0.0,0.0,0.0,0.0,0.0,0.0,0.0,-3000.0,0.0,0.0,0.0,0.0,0.0,0.0,0.0,0.0,0.0,0.0,0.0,0.0,0.0,0.0,0.0
88290,2025,1,1.6162831e+07,1.864964e+06,104220.82,87964.98,5.3551384e+07,0.0,19797.36,17750.0,0.0,10000.0,2.2078208e+06,1.5914799e+06,5.1325812e+07,9.422857e+06,0.0,0.0,0.0,5.134357e+07,0.0,14571352.0,87964.98,53552376.0,2500.0,87964.98,37300080.0,0.0,0.0,0.0,0.0,0.0,0.0,0.0,23476.06,0.0,0.0,816932.0,-40841.75,5.3552376e+07,2500.0,87964.98,1.6252297e+07,1.6162832e+07,1500.0,0.0,6000.0,3.730008e+07,1.864964e+06,0.0,1.864964e+06,0.0,1.864964e+06,5.3551388e+07,1.4571352e+07,0.0,1.5914799e+06,1.6162832e+07,0.0,0.0,0.0,0.0,1.6162832e+07,0.0,0.0,0.0,19797.361,23291.012,243322.328125
88291,2025,1,0.0,0.0,0.0,0.0,-308000.0,0.0,0.0,17750.0,0.0,0.0,0.0,0.0,0.0,0.0,0.0,0.0,0.0,17750.0,0.0,0.0,0.0,-14253945.0,3000.0,2.2806312e+06,0.0,0.0,0.0,0.0,0.0,0.0,0.0,0.0,0.0,0.0,0.0,0.0,0.0,-1.4253945e+07,3000.0,2.2806312e+06,2.2821312e+06,0.0,1500.0,0.0,0.0,0.0,0.0,0.0,0.0,0.0,0.0,-308000.0,0.0,0.0,0.0,0.0,0.0,0.0,0.0,0.0,0.0,0.0,0.0,0.0,0.0,8172.2847,0.0
88292,2025,1,2.190758e+06,268305.5,71650.2,47908.69,7.6431115e+06,0.0,28779.11,34700.0,0.0,10000.0,1.00796894e+06,59326.28,6.600443e+06,1.8552028e+06,0.0,0.0,0.0,6.635143e+06,0.0,2131431.81,47908.69,7609376.5,5000.0,47908.69,5367710.0,0.0,0.0,0.0,0.0,0.0,0.0,0.0,22904.22,0.0,0.0,372985.53,-18644.406,7.6093765e+06,5000.0,47908.688,2.2416668e+06,2.190758e+06,3000.0,0.0,12000.0,5.36771e+06,268305.5,0.0,268305.5,0.0,268305.5,7.643112e+06,2.1314318e+06,0.0,59326.273,2.190758e+06,0.0,0.0,0.0,0.0,2.190758e+06,0.0,0.0,0.0,28779.107,33857.773,128903.859375
88293,2025,1,63470.92,15950.65,29773.52,14982.32,402615.62,0.0,0.0,31500.0,0.0,19750.78,24135.35,966.33,346980.3,63063.44,4250.0,0.0,0.0,378480.3,0.0,66754.59,14982.32,402666.25,5000.0,14982.32,320613.0,0.0,0.0,0.0,0.0,0.0,0.0,0.0,3809.36,0.0,0.0,24.0078,3.6797,402666.25,5000.0,14982.318,82053.234,63470.914,3000.0,600.0,0.0,320613.0,15950.65,0.0,15950.65,0.0,15950.65,402615.66,66754.586,4250.0,966.32666,63470.914,0.0,0.0,0.0,0.0,63470.914,0.0,0.0,0.0,0.0,0.0,0.0
88294,2025,1,1760.37,1283.59,4958.31,2479.16,32407.26,0.0,0.0,15750.0,0.0,1430.36,0.0,0.0,16657.26,1760.37,0.0,0.0,0.0,32407.26,0.0,1760.37,2479.16,32407.27,2675.0,2479.16,26471.89,0.0,0.0,0.0,0.0,0.0,0.0,0.0,469.91,0.0,0.0,12.0,5.65,32407.266,2675.0,2479.1558,5935.372,1760.3718,1500.0,0.0,0.0,26471.895,1283.5947,0.0,1283.5947,0.0,1283.5947,32407.266,1760.3718,0.0,0.0,1760.3718,0.0,0.0,0.0,0.0,1760.3718,0.0,0.0,0.0,0.0,0.0,0.0
88295,2025,1,12571.5,6007.35,22769.88,12948.43,149003.36,0.0,0.0,31500.0,0.0,7070.17,4113.45,0.0,113389.91,14766.62,2200.0,0.0,0.0,144889.9,0.0,14771.5,12948.43,150566.84,5000.0,12948.43,121746.91,0.0,0.0,0.0,0.0,0.0,0.0,0.0,1861.58,0.0,0.0,22.0,3.5176,150566.84,5000.0,12948.427,28819.928,12571.501,3000.0,300.0,0.0,121746.914,6007.3457,0.0,6007.3457,0.0,6007.3457,149003.36,14771.501,2200.0,0.0,12571.501,0.0,0.0,0.0,0.0,12571.501,0.0,0.0,0.0,0.0,0.0,0.0
88296,2025,1,1617.92,1228.86,4776.69,2388.34,31220.18,0.0,0.0,15750.0,0.0,1371.01,0.0,0.0,15470.18,1617.92,0.0,0.0,0.0,31220.18,0.0,1617.92,2388.34,31220.19,2725.0,2388.34,25377.26,0.0,0.0,0.0,0.0,0.0,0.0,0.0,452.69,0.0,0.0,12.0,4.4,31220.186,2725.0,2388.3442,5842.9224,1617.9222,1500.0,0.0,0.0,25377.264,1228.8632,0.0,1228.8632,0.0,1228.8632,31220.186,1617.9222,0.0,0.0,1617.9222,0.0,0.0,0.0,0.0,1617.9222,0.0,0.0,0.0,0.0,0.0,0.0
88297,2025,1,3647.72,1656.42,0.0,0.0,58860.67,0.0,11284.5,17750.0,0.0,2753.03,0.0,0.0,35110.67,3647.72,0.0,0.0,0.0,52860.67,0.0,3647.72,0.0,41576.18,2500.0,0.0,33928.46,0.0,0.0,0.0,0.0,0.0,0.0,0.0,0.0,0.0,0.0,6.0,2.2,41576.176,2500.0,0.0,7647.7163,3647.7163,1500.0,0.0,6000.0,33928.46,1656.4231,0.0,1656.4231,0.0,1656.4231,58860.67,3647.7163,0.0,0.0,3647.7163,0.0,0.0,0.0,0.0,3647.7163,0.0,0.0,0.0,11284.495,13275.876,44102.8984375
88298,2025,1,4.658871e+06,738589.7,46791.15,32280.67,1.946073e+07,0.0,0.0,23625.0,0.0,10000.0,155974.28,700124.94,1.928113e+07,275741.22,0.0,0.0,0.0,1.9304756e+07,0.0,3958745.97,32280.67,19467346.0,2500.0,32280.67,14772594.0,0.0,0.0,0.0,0.0,0.0,0.0,0.0,8128.93,0.0,0.0,57747.0,-2882.4375,1.9467346e+07,2500.0,32280.668,4.6947515e+06,4.658871e+06,3000.0,600.0,0.0,1.4772594e+07,738589.7,0.0,738589.7,0.0,738589.7,1.946073e+07,3.958746e+06,0.0,700125.0,4.658871e+06,0.0,0.0,0.0,0.0,4.658871e+06,0.0,0.0,0.0,0.0,0.0,8774.033203125
88299,2025,1,41601.17,10386.78,42301.58,21263.33,275800.16,0.0,0.0,31500.0,0.0,13410.01,0.0,30.04,244300.16,44179.63,2700.0,0.0,0.0,275800.16,0.0,44271.13,21263.33,275800.16,5000.0,21263.33,209335.66,0.0,0.0,0.0,0.0,0.0,0.0,0.0,4212.73,0.0,0.0,23.9922,3.3721,275800.16,5000.0,21263.332,66464.5,41601.17,3000.0,600.0,0.0,209335.66,10386.783,0.0,10386.783,0.0,10386.783,275800.16,44271.137,2700.0,30.035862,41601.17,0.0,0.0,0.0,0.0,41601.17,0.0,0.0,0.0,0.0,0.0,0.0
88300,2025,1,-3400.0,0.0,27939.63,13969.82,-400787.8,0.0,0.0,31500.0,0.0,0.0,0.0,0.0,0.0,0.0,0.0,0.0,0.0,31500.0,0.0,0.0,13969.82,-2930632.75,8500.0,482871.1,0.0,0.0,0.0,0.0,0.0,0.0,0.0,0.0,3051.61,3400.0,0.0,0.0,0.0,-2.9306328e+06,8500.0,482871.06,487871.06,0.0,3000.0,2000.0,0.0,0.0,0.0,0.0,0.0,0.0,0.0,-400787.8,0.0,0.0,0.0,0.0,0.0,0.0,3400.0,3400.0,-3400.0,0.0,0.0,0.0,0.0,0.0,0.0
88301,2025,1,8.940996e+06,1.0759798e+06,324723.4,204616.81,3.0660874e+07,0.0,0.0,31500.0,0.0,10000.0,2.5638138e+06,420303.9,2.806556e+07,6.4176015e+06,0.0,0.0,0.0,2.809706e+07,0.0,8520692.5,204616.81,30670708.0,5000.0,204616.81,21521196.0,0.0,0.0,0.0,0.0,0.0,0.0,0.0,163117.67,0.0,0.0,948648.06,-47427.56,3.0670708e+07,5000.0,204616.83,9.149513e+06,8.940996e+06,3000.0,900.0,0.0,2.1521196e+07,1.0759798e+06,0.0,1.0759798e+06,0.0,1.0759798e+06,3.0660874e+07,8.520692e+06,0.0,420303.9,8.940996e+06,0.0,0.0,0.0,0.0,8.940996e+06,0.0,0.0,0.0,0.0,0.0,3925.98095703125
88302,2025,1,0.0,0.0,0.0,0.0,-6345.91,0.0,0.0,15750.0,0.0,0.0,0.0,0.0,0.0,0.0,0.0,0.0,0.0,15750.0,0.0,0.0,0.0,-24228.29,3000.0,3876.53,0.0,0.0,0.0,0.0,0.0,0.0,0.0,0.0,0.0,0.0,0.0,0.0,0.0,-24228.295,3000.0,3876.5273,5376.5273,0.0,1500.0,0.0,0.0,0.0,0.0,0.0,0.0,0.0,0.0,-6345.9126,0.0,0.0,0.0,0.0,0.0,0.0,0.0,0.0,0.0,0.0,0.0,0.0,0.0,0.0,0.0
88303,2025,1,1123.04,3427.18,12467.55,6233.77,81500.35,0.0,0.0,31500.0,0.0,3695.02,0.0,0.0,50000.35,5523.04,4400.0,0.0,0.0,81500.35,0.0,5523.04,6233.77,81500.35,5000.0,6233.77,70143.53,0.0,0.0,0.0,0.0,0.0,0.0,0.0,1181.57,0.0,0.0,12.0,4.0176,81500.35,5000.0,6233.7744,11356.816,1123.042,3000.0,1000.0,0.0,70143.53,3427.1765,0.0,3427.1765,0.0,3427.1765,81500.35,5523.042,4400.0,0.0,1123.042,0.0,0.0,0.0,0.0,1123.042,0.0,0.0,0.0,0.0,0.0,0.0
88304,2025,1,-8171.97,71.8,2179.48,1089.74,14244.95,0.0,0.0,23625.0,0.0,724.37,0.0,0.0,0.0,0.0,0.0,0.0,6410.23,23625.0,0.0,0.0,1089.74,14244.95,5200.0,1089.74,2044.95,0.0,0.0,0.0,0.0,0.0,0.0,0.0,206.55,1761.74,0.0,-60.0,4.0,14244.951,5200.0,1089.7388,12200.0,0.0,3000.0,4000.0,0.0,2044.9512,71.79805,0.0,71.79805,0.0,71.79805,14244.951,0.0,0.0,0.0,0.0,6410.228,0.0,1761.7428,8171.9707,-8171.9707,0.0,0.0,0.0,0.0,0.0,0.0
88305,2025,1,0.0,0.0,0.0,0.0,5143.4,0.0,0.0,17750.0,0.0,476.39,0.0,0.0,0.0,0.0,0.0,0.0,0.0,17750.0,0.0,0.0,0.0,0.0,3000.0,0.0,0.0,0.0,0.0,0.0,0.0,0.0,0.0,0.0,0.0,0.0,0.0,0.0,0.0,0.0,3000.0,0.0,4500.0,0.0,1500.0,0.0,5143.3984,0.0,0.0,0.0,0.0,0.0,0.0,5143.3984,0.0,0.0,0.0,0.0,0.0,0.0,0.0,0.0,0.0,0.0,0.0,0.0,0.0,0.0,5143.3984375
88306,2025,1,17220.19,4452.36,17799.07,8899.53,117467.0,0.0,0.0,15750.0,0.0,5683.35,0.0,0.0,101717.0,17066.88,0.0,0.0,0.0,117467.0,0.0,17220.19,8899.53,117467.0,2500.0,8899.53,89847.27,0.0,0.0,0.0,0.0,0.0,0.0,0.0,1686.84,0.0,0.0,22.0,3.5176,117467.0,2500.0,8899.533,27619.727,17220.193,1500.0,0.0,0.0,89847.27,4452.364,0.0,4452.364,0.0,4452.364,117467.0,17220.193,0.0,0.0,17220.193,0.0,0.0,0.0,0.0,17220.193,0.0,0.0,0.0,0.0,0.0,0.0
88307,2025,1,1.0102757e+07,1.3197082e+06,78977.04,62658.83,3.654686e+07,0.0,0.0,31500.0,0.0,10000.0,4.5895165e+06,504304.56,3.1925844e+07,7.082954e+06,0.0,0.0,0.0,3.1957346e+07,0.0,9598451.5,62658.83,36564480.0,5000.0,62658.83,26395764.0,0.0,0.0,0.0,0.0,0.0,0.0,0.0,15026.08,0.0,0.0,1.69816e+06,-84903.25,3.656448e+07,5000.0,62658.83,1.0168716e+07,1.0102757e+07,3000.0,300.0,0.0,2.6395764e+07,1.3197082e+06,0.0,1.3197082e+06,0.0,1.3197082e+06,3.654686e+07,9.598452e+06,0.0,504304.56,1.0102757e+07,0.0,0.0,0.0,0.0,1.0102757e+07,0.0,0.0,0.0,0.0,0.0,58189.34375
88308,2025,1,3327.32,1817.99,6956.17,3478.08,45465.14,0.0,0.0,15750.0,0.0,2083.26,0.0,0.0,29715.14,3327.32,0.0,0.0,0.0,45465.14,0.0,3327.32,3478.08,45465.14,2500.0,3478.08,37159.74,0.0,0.0,0.0,0.0,0.0,0.0,0.0,659.24,0.0,0.0,12.0,4.0173,45465.137,2500.0,3478.0828,8305.399,3327.3164,1500.0,0.0,0.0,37159.74,1817.9869,0.0,1817.9869,0.0,1817.9869,45465.137,3327.3164,0.0,0.0,3327.3164,0.0,0.0,0.0,0.0,3327.3164,0.0,0.0,0.0,0.0,0.0,0.0
88309,2025,1,0.0,1538.79,0.0,0.0,41575.86,0.0,0.0,17750.0,0.0,1888.79,0.0,0.0,17825.86,0.0,0.0,0.0,0.0,35575.86,0.0,0.0,0.0,35575.86,2500.0,0.0,31575.86,0.0,0.0,0.0,0.0,0.0,0.0,0.0,0.0,0.0,0.0,0.0,2.5,35575.86,2500.0,0.0,4000.0,0.0,1500.0,0.0,6000.0,31575.86,1538.793,0.0,1538.793,0.0,1538.793,41575.86,0.0,0.0,0.0,0.0,0.0,0.0,0.0,0.0,0.0,0.0,0.0,0.0,0.0,0.0,20015.03515625
88310,2025,1,-649.0,212.8,1462.07,731.03,9555.99,0.0,0.0,15750.0,0.0,476.39,0.0,0.0,0.0,0.0,0.0,0.0,649.0,15750.0,0.0,0.0,731.03,9555.99,3000.0,731.03,5055.99,0.0,0.0,0.0,0.0,0.0,0.0,0.0,138.56,0.0,0.0,0.0,5.0,9555.988,3000.0,731.0331,4500.0,0.0,1500.0,0.0,0.0,5055.9883,212.79941,0.0,212.79941,0.0,212.79941,9555.988,0.0,0.0,0.0,0.0,649.0,0.0,0.0,649.0,-649.0,0.0,0.0,0.0,0.0,0.0,0.0
88311,2025,1,1.9999164e+07,2.293078e+06,789940.25,505833.8,6.6376316e+07,0.0,13910.25,34700.0,0.0,10000.0,4.8913775e+06,864291.44,6.145024e+07,1.4986893e+07,0.0,0.0,0.0,6.148494e+07,0.0,19134871.0,505833.8,66371160.0,5000.0,505833.8,45863160.0,0.0,0.0,0.0,0.0,0.0,0.0,0.0,453390.45,0.0,0.0,1.809844e+06,-90487.25,6.637116e+07,5000.0,505833.8,2.0507998e+07,1.9999164e+07,3000.0,0.0,12000.0,4.586316e+07,2.293078e+06,0.0,2.293078e+06,0.0,2.293078e+06,6.6376316e+07,1.9134872e+07,0.0,864291.44,1.9999164e+07,0.0,0.0,0.0,0.0,1.9999164e+07,0.0,0.0,0.0,13910.25,16365.0,320429.3125
88312,2025,1,-6800.0,0.0,28741.82,14401.2,-361051.38,0.0,0.0,31500.0,0.0,0.0,0.0,0.0,0.0,0.0,0.0,0.0,0.0,31500.0,0.0,0.0,14401.2,-44517328.0,8500.0,7.137174e+06,0.0,0.0,0.0,0.0,0.0,0.0,0.0,0.0,3422.42,6800.0,0.0,0.0,0.0,-4.451733e+07,8500.0,7.137174e+06,7.144174e+06,0.0,3000.0,4000.0,0.0,0.0,0.0,0.0,0.0,0.0,0.0,-361051.34,0.0,0.0,0.0,0.0,0.0,0.0,6800.0,6800.0,-6800.0,0.0,0.0,0.0,0.0,0.0,14.960110664367676
88313,2025,1,941.61,946.22,3850.41,1925.21,25166.08,0.0,0.0,15750.0,0.0,1068.3,0.0,0.0,9416.08,941.61,0.0,0.0,0.0,25166.08,0.0,941.61,1925.21,25166.08,3000.0,1925.21,19724.47,0.0,0.0,0.0,0.0,0.0,0.0,0.0,364.91,0.0,0.0,10.0,4.5,25166.082,3000.0,1925.2053,5441.6084,941.6082,1500.0,0.0,0.0,19724.473,946.22363,0.0,946.22363,0.0,946.22363,25166.082,941.6082,0.0,0.0,941.6082,0.0,0.0,0.0,0.0,941.6082,0.0,0.0,0.0,0.0,0.0,0.0
88314,2025,1,0.0,0.0,0.0,0.0,-154467.44,0.0,0.0,25625.0,0.0,0.0,0.0,0.0,0.0,0.0,0.0,0.0,0.0,25625.0,0.0,0.0,0.0,-184038.53,5200.0,29446.16,0.0,0.0,0.0,0.0,0.0,0.0,0.0,0.0,0.0,0.0,0.0,0.0,0.0,-184038.53,5200.0,29446.164,33446.164,0.0,3000.0,1000.0,0.0,0.0,0.0,0.0,0.0,0.0,0.0,-154467.44,0.0,0.0,0.0,0.0,0.0,0.0,0.0,0.0,0.0,0.0,0.0,0.0,0.0,17957.574,0.0
88315,2025,1,0.0,137.37,0.0,0.0,14047.43,0.0,0.0,17750.0,0.0,512.37,0.0,0.0,0.0,0.0,0.0,0.0,0.0,17750.0,0.0,0.0,0.0,8047.43,3000.0,0.0,3547.43,0.0,0.0,0.0,0.0,0.0,0.0,0.0,0.0,0.0,0.0,0.0,2.5,8047.4307,3000.0,0.0,4500.0,0.0,1500.0,0.0,6000.0,3547.4307,137.37154,0.0,137.37154,0.0,137.37154,14047.431,0.0,0.0,0.0,0.0,0.0,0.0,0.0,0.0,0.0,0.0,0.0,0.0,0.0,2206.5168,11636.6484375
88316,2025,1,7196.79,2830.41,10951.88,5475.94,71580.88,0.0,0.0,15750.0,0.0,3389.04,0.0,0.0,55830.88,7196.79,0.0,0.0,0.0,71580.88,0.0,7196.79,5475.94,71580.88,2500.0,5475.94,57408.15,0.0,0.0,0.0,0.0,0.0,0.0,0.0,1037.92,0.0,0.0,22.0,3.5176,71580.88,2500.0,5475.9375,14172.732,7196.7944,1500.0,0.0,0.0,57408.15,2830.4075,0.0,2830.4075,0.0,2830.4075,71580.88,7196.7944,0.0,0.0,7196.7944,0.0,0.0,0.0,0.0,7196.7944,0.0,0.0,0.0,0.0,0.0,0.0
88317,2025,1,0.0,0.0,0.0,0.0,0.0,0.0,0.0,17750.0,0.0,0.0,0.0,0.0,0.0,0.0,0.0,0.0,0.0,17750.0,0.0,0.0,0.0,0.0,3000.0,0.0,0.0,0.0,0.0,0.0,0.0,0.0,0.0,0.0,0.0,0.0,0.0,0.0,0.0,0.0,3000.0,0.0,4500.0,0.0,1500.0,0.0,0.0,0.0,0.0,0.0,0.0,0.0,0.0,0.0,0.0,0.0,0.0,0.0,0.0,0.0,0.0,0.0,0.0,0.0,0.0,0.0,0.0,17161.797,0.0
88318,2025,1,0.0,0.0,0.0,0.0,0.0,0.0,0.0,15750.0,0.0,0.0,0.0,0.0,0.0,0.0,0.0,0.0,0.0,15750.0,0.0,0.0,0.0,0.0,3000.0,0.0,0.0,0.0,0.0,0.0,0.0,0.0,0.0,0.0,0.0,0.0,0.0,-3.825,0.0,0.0,3000.0,0.0,4500.0,0.0,1500.0,0.0,0.0,0.0,0.0,0.0,0.0,0.0,0.0,0.0,0.0,0.0,0.0,0.0,0.0,0.0,0.0,0.0,0.0,0.0,0.0,0.0,0.0,0.0,0.0
88319,2025,1,0.0,0.0,0.0,0.0,-613000.0,0.0,0.0,34700.0,0.0,0.0,0.0,0.0,0.0,0.0,0.0,0.0,0.0,34700.0,0.0,0.0,0.0,-6251287.5,8500.0,1.000206e+06,0.0,0.0,0.0,0.0,0.0,0.0,0.0,0.0,0.0,0.0,0.0,0.0,0.0,-6.2512875e+06,8500.0,1.000206e+06,1.003206e+06,0.0,3000.0,0.0,0.0,0.0,0.0,0.0,0.0,0.0,0.0,-613000.0,0.0,0.0,0.0,0.0,0.0,0.0,0.0,0.0,0.0,0.0,0.0,0.0,0.0,0.0,0.0
88320,2025,1,2.1658856e+07,2.6206692e+06,523920.1,333064.84,7.4397304e+07,0.0,0.0,31500.0,0.0,10000.0,6.748151e+06,1.0624512e+06,6.7617656e+07,1.548324e+07,0.0,0.0,0.0,6.764915e+07,0.0,20596405.0,333064.84,74409904.0,5000.0,333064.84,52414984.0,0.0,0.0,0.0,0.0,0.0,0.0,0.0,296555.05,0.0,0.0,2.496852e+06,-124838.0,7.44099e+07,5000.0,333064.84,2.199492e+07,2.1658856e+07,3000.0,0.0,0.0,5.2414984e+07,2.6206692e+06,0.0,2.6206692e+06,0.0,2.6206692e+06,7.4397304e+07,2.0596404e+07,0.0,1.0624512e+06,2.1658856e+07,0.0,0.0,0.0,0.0,2.1658856e+07,0.0,0.0,0.0,0.0,0.0,314970.4375
88321,2025,1,0.0,0.0,0.0,0.0,-308000.0,0.0,0.0,15750.0,0.0,0.0,0.0,0.0,0.0,0.0,0.0,0.0,0.0,15750.0,0.0,0.0,0.0,-3372087.0,3000.0,539533.94,0.0,0.0,0.0,0.0,0.0,0.0,0.0,0.0,0.0,0.0,0.0,0.0,0.0,-3.372087e+06,3000.0,539533.94,541033.94,0.0,1500.0,0.0,0.0,0.0,0.0,0.0,0.0,0.0,0.0,-308000.0,0.0,0.0,0.0,0.0,0.0,0.0,0.0,0.0,0.0,0.0,0.0,0.0,0.0,0.0,0.0
88322,2025,1,0.0,0.0,5391.43,2695.71,31699.0,0.0,0.0,33100.0,0.0,1483.43,0.0,0.0,0.0,0.0,0.0,0.0,0.0,33100.0,0.0,0.0,2695.71,9584.43,8500.0,2695.71,0.0,0.0,0.0,0.0,0.0,0.0,0.0,0.0,510.95,0.0,0.0,0.0,0.0,9584.429,8500.0,2695.714,11500.0,0.0,3000.0,0.0,0.0,0.0,0.0,0.0,0.0,0.0,0.0,31699.006,0.0,0.0,0.0,0.0,0.0,0.0,0.0,0.0,0.0,0.0,0.0,0.0,0.0,0.0,0.0
88323,2025,1,100723.65,21290.26,12119.71,6059.85,595630.9,0.0,46442.18,34700.0,0.0,11310.74,77317.56,2566.31,483613.3,88694.18,0.0,0.0,0.0,518313.3,0.0,98157.34,6059.85,537188.69,5000.0,6059.85,427405.19,0.0,0.0,0.0,0.0,0.0,0.0,0.0,1148.6,0.0,0.0,24773.617,-1234.0625,537188.7,5000.0,6059.8545,109783.5,100723.65,3000.0,0.0,12000.0,427405.2,21290.26,0.0,21290.26,0.0,21290.26,595630.9,98157.34,0.0,2566.3057,100723.65,0.0,0.0,0.0,0.0,100723.65,0.0,0.0,0.0,46442.176,54637.85,15852.802734375
88324,2025,1,20804.49,6059.38,22402.38,11201.19,175506.7,0.0,17713.43,31500.0,0.0,8395.34,0.0,0.0,144006.7,19293.8,0.0,0.0,0.0,175506.7,0.0,20804.49,11201.19,157793.3,5000.0,11201.19,122787.62,0.0,0.0,0.0,0.0,0.0,0.0,0.0,2123.1,0.0,0.0,22.0,3.5171,157793.3,5000.0,11201.188,35005.676,20804.486,3000.0,0.0,0.0,122787.625,6059.3813,0.0,6059.3813,0.0,6059.3813,175506.7,20804.486,0.0,0.0,20804.486,0.0,0.0,0.0,0.0,20804.486,0.0,0.0,0.0,17713.428,20839.326,442.87615966796875
88325,2025,1,0.0,0.0,0.0,0.0,-3000.0,0.0,0.0,17750.0,0.0,0.0,0.0,0.0,0.0,0.0,0.0,0.0,0.0,17750.0,0.0,0.0,0.0,-4691.76,3000.0,750.68,0.0,0.0,0.0,0.0,0.0,0.0,0.0,0.0,0.0,0.0,0.0,0.0,0.0,-4691.7563,3000.0,750.68097,4500.0,0.0,1500.0,0.0,0.0,0.0,0.0,0.0,0.0,0.0,0.0,-3000.0,0.0,0.0,0.0,0.0,0.0,0.0,0.0,0.0,0.0,0.0,0.0,0.0,0.0,31602.225,0.0
88326,2025,1,2401.39,1508.0,5775.62,2887.81,37749.12,0.0,0.0,15750.0,0.0,1697.46,0.0,0.0,21999.12,2401.39,0.0,0.0,0.0,37749.12,0.0,2401.39,2887.81,37749.12,2500.0,2887.81,30959.92,0.0,0.0,0.0,0.0,0.0,0.0,0.0,547.36,0.0,0.0,12.0,4.0176,37749.12,2500.0,2887.8079,6789.202,2401.3945,1500.0,0.0,0.0,30959.918,1507.9958,0.0,1507.9958,0.0,1507.9958,37749.12,2401.3945,0.0,0.0,2401.3945,0.0,0.0,0.0,0.0,2401.3945,0.0,0.0,0.0,0.0,0.0,0.0
88327,2025,1,680.45,828.7,3450.84,1725.42,22554.5,0.0,0.0,15750.0,0.0,937.73,0.0,0.0,6804.51,680.45,0.0,0.0,0.0,22554.5,0.0,680.45,1725.42,22554.51,3000.0,1725.42,17374.05,0.0,0.0,0.0,0.0,0.0,0.0,0.0,327.04,0.0,0.0,10.0,4.5,22554.506,3000.0,1725.4197,5180.4507,680.45056,1500.0,0.0,0.0,17374.055,828.70276,0.0,828.70276,0.0,828.70276,22554.506,680.45056,0.0,0.0,680.45056,0.0,0.0,0.0,0.0,680.45056,0.0,0.0,0.0,0.0,0.0,0.0
88328,2025,1,-9026.67,304.7,2615.37,1307.69,17093.94,0.0,0.0,23625.0,0.0,664.7,0.0,0.0,0.0,0.0,0.0,0.0,6837.58,23625.0,0.0,0.0,1307.69,17093.94,5200.0,1307.69,6893.94,0.0,0.0,0.0,0.0,0.0,0.0,0.0,247.86,2189.09,0.0,-55.0,5.0,17093.941,5200.0,1307.6865,10200.0,0.0,3000.0,2000.0,0.0,6893.9414,304.69708,0.0,304.69708,0.0,304.69708,17093.941,0.0,0.0,0.0,0.0,6837.5767,0.0,2189.0913,9026.668,-9026.668,0.0,0.0,0.0,0.0,0.0,0.0
88329,2025,1,-9311.57,157.21,2470.07,1235.04,16144.28,0.0,0.0,23625.0,0.0,724.37,0.0,0.0,0.0,0.0,0.0,0.0,7264.92,23625.0,0.0,0.0,1235.04,16144.28,5200.0,1235.04,3944.28,0.0,0.0,0.0,0.0,0.0,0.0,0.0,234.09,2046.64,0.0,-60.0,5.0,16144.278,5200.0,1235.0372,12200.0,0.0,3000.0,4000.0,0.0,3944.2783,157.21391,0.0,157.21391,0.0,157.21391,16144.278,0.0,0.0,0.0,0.0,7264.9253,0.0,2046.6418,9311.567,-9311.567,0.0,0.0,0.0,0.0,0.0,0.0
88330,2025,1,346207.56,53827.28,29287.62,14734.76,1.4419968e+06,0.0,0.0,31500.0,0.0,10000.0,195268.1,8521.28,1.2152288e+06,295320.6,0.0,0.0,0.0,1.2467288e+06,0.0,337686.29,14734.76,1442087.88,5000.0,14734.76,1078145.5,0.0,0.0,0.0,0.0,0.0,0.0,0.0,3346.71,0.0,0.0,72286.22,-3609.3867,1.4420879e+06,5000.0,14734.763,363942.3,346207.56,3000.0,0.0,0.0,1.0781455e+06,53827.273,0.0,53827.273,0.0,53827.273,1.4419969e+06,337686.28,0.0,8521.28,346207.56,0.0,0.0,0.0,0.0,346207.56,0.0,0.0,0.0,0.0,0.0,10604.9013671875
88331,2025,1,-5419.06,1841.57,7228.6,3614.3,47245.76,0.0,0.0,23625.0,0.0,2172.29,0.0,0.0,23620.76,2494.49,2494.49,0.0,3013.55,47245.76,0.0,2494.49,3614.3,47245.76,2500.0,3614.3,37631.46,0.0,0.0,0.0,0.0,0.0,0.0,0.0,685.06,2405.51,0.0,33.0605,4.6176,47245.758,2500.0,3614.3003,9614.301,0.0,3000.0,3000.0,0.0,37631.457,1841.5729,0.0,1841.5729,0.0,1841.5729,47245.758,2494.491,2494.491,0.0,0.0,3013.5532,0.0,2405.509,5419.0625,-5419.0625,0.0,0.0,0.0,0.0,0.0,0.0
88332,2025,1,1.5126176e+07,1.3630819e+06,873451.6,541682.56,4.5951348e+07,0.0,0.0,31500.0,0.0,10000.0,4.347916e+06,71305.96,4.1571932e+07,1.4759802e+07,0.0,0.0,0.0,4.160343e+07,0.0,15054870.31,541682.56,42934400.0,5000.0,541682.56,27263240.0,0.0,0.0,0.0,0.0,0.0,0.0,0.0,520832.12,0.0,0.0,1.608765e+06,-80433.25,4.29344e+07,5000.0,541682.56,1.5671159e+07,1.5126176e+07,3000.0,300.0,0.0,2.726324e+07,1.363082e+06,0.0,1.363082e+06,0.0,1.363082e+06,4.5951348e+07,1.505487e+07,0.0,71305.96,1.5126176e+07,0.0,0.0,0.0,0.0,1.5126176e+07,0.0,0.0,0.0,0.0,0.0,207650.625
88333,2025,1,2971.19,1698.76,6502.11,3251.05,42497.44,0.0,0.0,15750.0,0.0,1934.87,0.0,0.0,26747.44,2971.19,0.0,0.0,0.0,42497.44,0.0,2971.19,3251.05,42497.44,2500.0,3251.05,34775.19,0.0,0.0,0.0,0.0,0.0,0.0,0.0,616.21,0.0,0.0,12.0,4.0175,42497.438,2500.0,3251.054,7722.246,2971.1924,1500.0,0.0,0.0,34775.19,1698.7595,0.0,1698.7595,0.0,1698.7595,42497.438,2971.1924,0.0,0.0,2971.1924,0.0,0.0,0.0,0.0,2971.1924,0.0,0.0,0.0,0.0,0.0,0.0
88334,2025,1,2429.88,1517.53,5811.94,2905.97,37986.54,0.0,0.0,15750.0,0.0,1709.33,0.0,0.0,22236.54,2429.88,0.0,0.0,0.0,37986.54,0.0,2429.88,2905.97,37986.54,2500.0,2905.97,31150.68,0.0,0.0,0.0,0.0,0.0,0.0,0.0,550.8,0.0,0.0,12.0,4.0176,37986.54,2500.0,2905.9702,6835.855,2429.8848,1500.0,0.0,0.0,31150.684,1517.5342,0.0,1517.5342,0.0,1517.5342,37986.54,2429.8848,0.0,0.0,2429.8848,0.0,0.0,0.0,0.0,2429.8848,0.0,0.0,0.0,0.0,0.0,0.0
88335,2025,1,-3400.0,0.0,12670.38,6335.19,-530167.25,0.0,0.0,31500.0,0.0,0.0,0.0,0.0,0.0,0.0,0.0,0.0,0.0,31500.0,0.0,0.0,6335.19,-981808.62,8500.0,163424.58,0.0,0.0,0.0,0.0,0.0,0.0,0.0,0.0,1200.79,3400.0,0.0,0.0,0.0,-981808.6,8500.0,163424.58,168424.58,0.0,3000.0,2000.0,0.0,0.0,0.0,0.0,0.0,0.0,0.0,-530167.25,0.0,0.0,0.0,0.0,0.0,0.0,3400.0,3400.0,-3400.0,0.0,0.0,0.0,0.0,0.0,0.0
88336,2025,1,0.0,0.0,12215.66,6107.83,-530536.44,0.0,0.0,31500.0,0.0,0.0,0.0,0.0,0.0,0.0,0.0,0.0,0.0,31500.0,0.0,0.0,6107.83,-1929929.38,8500.0,314896.53,0.0,0.0,0.0,0.0,0.0,0.0,0.0,0.0,1157.69,0.0,0.0,0.0,0.0,-1.9299294e+06,8500.0,314896.53,317896.53,0.0,3000.0,0.0,0.0,0.0,0.0,0.0,0.0,0.0,0.0,-530536.44,0.0,0.0,0.0,0.0,0.0,0.0,0.0,0.0,0.0,0.0,0.0,0.0,0.0,0.0,0.0
88337,2025,1,0.0,0.0,0.0,0.0,-613000.0,0.0,0.0,31500.0,0.0,0.0,0.0,0.0,0.0,0.0,0.0,0.0,0.0,31500.0,0.0,0.0,0.0,-20843640.0,8500.0,3.3349825e+06,0.0,0.0,0.0,0.0,0.0,0.0,0.0,0.0,0.0,0.0,0.0,0.0,0.0,-2.084364e+07,8500.0,3.3349822e+06,3.3379822e+06,0.0,3000.0,0.0,0.0,0.0,0.0,0.0,0.0,0.0,0.0,-613000.0,0.0,0.0,0.0,0.0,0.0,0.0,0.0,0.0,0.0,0.0,0.0,0.0,0.0,0.0,0.0
88338,2025,1,0.0,0.0,0.0,0.0,-3000.0,0.0,0.0,15750.0,0.0,0.0,0.0,0.0,0.0,0.0,0.0,0.0,0.0,15750.0,0.0,0.0,0.0,-4800.24,3000.0,768.04,0.0,0.0,0.0,0.0,0.0,0.0,0.0,0.0,0.0,0.0,0.0,-3.825,0.0,-4800.2363,3000.0,768.03784,4500.0,0.0,1500.0,0.0,0.0,0.0,0.0,0.0,0.0,0.0,0.0,-3000.0,0.0,0.0,0.0,0.0,0.0,0.0,0.0,0.0,0.0,0.0,0.0,0.0,0.0,0.0,0.0
88339,2025,1,3654.95,1927.68,7373.9,3686.95,48195.42,0.0,0.0,15750.0,0.0,2219.77,0.0,0.0,32445.42,3654.95,0.0,0.0,0.0,48195.42,0.0,3654.95,3686.95,48195.42,2500.0,3686.95,39353.52,0.0,0.0,0.0,0.0,0.0,0.0,0.0,698.83,0.0,0.0,12.0,4.0173,48195.418,2500.0,3686.9495,8841.899,3654.9502,1500.0,0.0,0.0,39353.52,1927.676,0.0,1927.676,0.0,1927.676,48195.418,3654.9502,0.0,0.0,3654.9502,0.0,0.0,0.0,0.0,3654.9502,0.0,0.0,0.0,0.0,0.0,0.0
88340,2025,1,0.0,0.0,0.0,0.0,-1722.12,0.0,0.0,17750.0,0.0,0.0,0.0,0.0,0.0,0.0,0.0,0.0,0.0,17750.0,0.0,0.0,0.0,-1722.12,3000.0,275.54,0.0,0.0,0.0,0.0,0.0,0.0,0.0,0.0,0.0,0.0,0.0,0.0,0.0,-1722.1187,3000.0,275.53897,4500.0,0.0,1500.0,0.0,0.0,0.0,0.0,0.0,0.0,0.0,0.0,-1722.1187,0.0,0.0,0.0,0.0,0.0,0.0,0.0,0.0,0.0,0.0,0.0,0.0,0.0,0.0,0.0
88341,2025,1,0.0,976.61,4724.97,2362.49,30882.16,0.0,0.0,31500.0,0.0,1164.11,0.0,0.0,0.0,0.0,0.0,0.0,0.0,31500.0,0.0,0.0,2362.49,30882.16,6750.0,2362.49,21132.16,0.0,0.0,0.0,0.0,0.0,0.0,0.0,447.79,0.0,0.0,0.0,5.0,30882.16,6750.0,2362.485,9750.0,0.0,3000.0,0.0,0.0,21132.16,976.60803,0.0,976.60803,0.0,976.60803,30882.16,0.0,0.0,0.0,0.0,0.0,0.0,0.0,0.0,0.0,0.0,0.0,0.0,0.0,0.0,0.0
88342,2025,1,-5674.85,1906.18,7603.11,3801.56,49723.52,0.0,0.0,31500.0,0.0,2171.54,0.0,0.0,18223.53,1822.35,1822.35,0.0,3097.21,49723.52,0.0,1822.35,3801.56,49723.52,5000.0,3801.56,39723.52,0.0,0.0,0.0,0.0,0.0,0.0,0.0,720.56,2577.65,0.0,31.0605,5.0002,49723.523,5000.0,3801.5566,10000.0,0.0,3000.0,2000.0,0.0,39723.523,1906.1761,0.0,1906.1761,0.0,1906.1761,49723.527,1822.3528,1822.3528,0.0,0.0,3097.207,0.0,2577.6472,5674.8545,-5674.8545,0.0,0.0,0.0,0.0,0.0,0.0
88343,2025,1,17900.48,4547.65,18369.02,9242.45,120337.95,0.0,0.0,15750.0,0.0,5826.9,152.45,0.0,104435.49,17882.08,0.0,0.0,0.0,120185.49,0.0,17900.48,9242.45,120395.89,2500.0,9242.45,91752.96,0.0,0.0,0.0,0.0,0.0,0.0,0.0,1729.87,0.0,0.0,24.0,3.4175,120395.89,2500.0,9242.453,28642.932,17900.479,1500.0,0.0,0.0,91752.96,4547.648,0.0,4547.648,0.0,4547.648,120337.945,17900.479,0.0,0.0,17900.479,0.0,0.0,0.0,0.0,17900.479,0.0,0.0,0.0,0.0,0.0,0.0
88344,2025,1,3764.81,4316.64,12368.56,6184.28,100881.83,0.0,0.0,34700.0,0.0,4664.09,0.0,0.0,54181.83,3764.81,0.0,0.0,0.0,88881.83,0.0,3764.81,6184.28,100881.83,5000.0,6184.28,87932.73,0.0,0.0,0.0,0.0,0.0,0.0,0.0,1172.18,0.0,0.0,12.0,4.0176,100881.83,5000.0,6184.2803,12949.09,3764.81,3000.0,0.0,0.0,87932.734,4316.6367,0.0,4316.6367,0.0,4316.6367,100881.83,3764.81,0.0,0.0,3764.81,0.0,0.0,0.0,0.0,3764.81,0.0,0.0,0.0,0.0,0.0,0.0
88345,2025,1,2729.03,1617.68,6193.35,3096.67,40479.4,0.0,0.0,15750.0,0.0,1833.97,0.0,0.0,24729.4,2729.03,0.0,0.0,0.0,40479.4,0.0,2729.03,3096.67,40479.4,2500.0,3096.67,33153.7,0.0,0.0,0.0,0.0,0.0,0.0,0.0,586.95,0.0,0.0,12.0,4.0176,40479.402,2500.0,3096.6743,7325.7026,2729.0283,1500.0,0.0,0.0,33153.7,1617.6849,0.0,1617.6849,0.0,1617.6849,40479.402,2729.0283,0.0,0.0,2729.0283,0.0,0.0,0.0,0.0,2729.0283,0.0,0.0,0.0,0.0,0.0,0.0
88346,2025,1,0.0,0.0,0.0,0.0,-3000.0,0.0,0.0,15750.0,0.0,0.0,0.0,0.0,0.0,0.0,0.0,0.0,0.0,15750.0,0.0,0.0,0.0,-11417.51,3000.0,1826.8,0.0,0.0,0.0,0.0,0.0,0.0,0.0,0.0,0.0,0.0,0.0,-3.825,0.0,-11417.511,3000.0,1826.8018,4500.0,0.0,1500.0,0.0,0.0,0.0,0.0,0.0,0.0,0.0,0.0,-3000.0,0.0,0.0,0.0,0.0,0.0,0.0,0.0,0.0,0.0,0.0,0.0,0.0,0.0,0.0,0.0
88347,2025,1,0.0,0.0,11669.7,5834.85,-534384.94,0.0,0.0,33100.0,0.0,0.0,0.0,0.0,0.0,0.0,0.0,0.0,0.0,33100.0,0.0,0.0,5834.85,-14561343.0,8500.0,2.3356498e+06,0.0,0.0,0.0,0.0,0.0,0.0,0.0,0.0,1105.95,0.0,0.0,0.0,0.0,-1.4561343e+07,8500.0,2.3356498e+06,2.3386498e+06,0.0,3000.0,0.0,0.0,0.0,0.0,0.0,0.0,0.0,0.0,-534384.94,0.0,0.0,0.0,0.0,0.0,0.0,0.0,0.0,0.0,0.0,0.0,0.0,0.0,0.0,0.0
88348,2025,1,-569.66,317.86,1783.54,891.77,11657.12,0.0,0.0,15750.0,0.0,476.39,0.0,0.0,0.0,0.0,0.0,0.0,569.66,15750.0,0.0,0.0,891.77,11657.12,3000.0,891.77,7157.12,0.0,0.0,0.0,0.0,0.0,0.0,0.0,169.03,0.0,0.0,7.65,5.0,11657.119,3000.0,891.76965,4500.0,0.0,1500.0,0.0,0.0,7157.119,317.85596,0.0,317.85596,0.0,317.85596,11657.119,0.0,0.0,0.0,0.0,569.6604,0.0,0.0,569.6604,-569.6604,0.0,0.0,0.0,0.0,0.0,0.0
88349,2025,1,23963.89,9058.92,32178.07,16089.03,227031.4,0.0,0.0,31500.0,0.0,10971.57,0.0,0.0,195531.4,32590.28,8800.0,0.0,0.0,227031.4,0.0,32763.89,16089.03,227031.41,5000.0,16089.03,182778.48,0.0,0.0,0.0,0.0,0.0,0.0,0.0,3269.58,0.0,0.0,22.0039,3.7861,227031.4,5000.0,16089.033,44252.92,23963.89,3000.0,1200.0,0.0,182778.48,9058.924,0.0,9058.924,0.0,9058.924,227031.4,32763.89,8800.0,0.0,23963.89,0.0,0.0,0.0,0.0,23963.89,0.0,0.0,0.0,0.0,0.0,0.0
88350,2025,1,1.5169752e+07,1.770264e+06,759692.75,474486.25,5.104647e+07,0.0,0.0,31500.0,0.0,10000.0,1.9900704e+06,842646.06,4.90249e+07,9.931612e+06,0.0,0.0,0.0,4.90564e+07,0.0,14327106.0,474486.25,51054716.0,5000.0,474486.25,35406880.0,0.0,0.0,0.0,0.0,0.0,0.0,0.0,446553.5,0.0,0.0,736363.06,-36813.375,5.1054716e+07,5000.0,474486.25,1.5647838e+07,1.5169752e+07,3000.0,600.0,0.0,3.540688e+07,1.770264e+06,0.0,1.770264e+06,0.0,1.770264e+06,5.104647e+07,1.4327106e+07,0.0,842646.06,1.5169752e+07,0.0,0.0,0.0,0.0,1.5169752e+07,0.0,0.0,0.0,0.0,0.0,40969.21484375
88351,2025,1,9902.26,3904.98,18.16,9.08,114431.34,0.0,15629.5,17750.0,0.0,5531.57,0.0,0.0,93047.22,3197.67,0.0,0.0,0.0,110797.22,0.0,9902.26,9.08,92801.85,2500.0,9.08,78899.59,0.0,0.0,0.0,0.0,0.0,0.0,0.0,1.72,0.0,0.0,28.6201,3.5691,92801.85,2500.0,9.081157,13902.258,9902.258,1500.0,0.0,6000.0,78899.59,3904.9797,0.0,3904.9797,0.0,3904.9797,114431.336,9902.258,0.0,0.0,9902.258,0.0,0.0,0.0,0.0,9902.258,0.0,0.0,0.0,15629.495,18387.64,25833.359375
88352,2025,1,0.0,0.0,1519.8,759.9,4203.93,0.0,0.0,34700.0,0.0,760.92,0.0,0.0,0.0,0.0,0.0,0.0,0.0,34700.0,0.0,0.0,759.9,-46629.23,8500.0,8220.57,0.0,0.0,0.0,0.0,0.0,0.0,0.0,0.0,144.03,0.0,0.0,0.0,0.0,-46629.227,8500.0,8220.574,11500.0,0.0,3000.0,0.0,0.0,0.0,0.0,0.0,0.0,0.0,0.0,4203.928,0.0,0.0,0.0,0.0,0.0,0.0,0.0,0.0,0.0,0.0,0.0,0.0,0.0,19204.87,0.0
88353,2025,1,1.882572e+07,2.540775e+06,196461.69,142408.6,6.976774e+07,0.0,0.0,17750.0,0.0,10000.0,4.737609e+06,1.5985726e+06,6.5012384e+07,9.245435e+06,0.0,0.0,0.0,6.5030132e+07,0.0,17227147.0,142408.6,69785928.0,2500.0,142408.6,50816300.0,0.0,0.0,0.0,0.0,0.0,0.0,0.0,83119.84,0.0,0.0,1.7529501e+06,-87642.75,6.978593e+07,2500.0,142408.6,1.8969628e+07,1.882572e+07,1500.0,0.0,6000.0,5.08163e+07,2.540775e+06,0.0,2.540775e+06,0.0,2.540775e+06,6.976774e+07,1.7227148e+07,0.0,1.5985726e+06,1.882572e+07,0.0,0.0,0.0,0.0,1.882572e+07,0.0,0.0,0.0,0.0,0.0,1037174.5
88354,2025,1,704.19,839.39,3487.16,1743.58,22791.92,0.0,0.0,15750.0,0.0,949.6,0.0,0.0,7041.92,704.19,0.0,0.0,0.0,22791.92,0.0,704.19,1743.58,22791.92,3000.0,1743.58,17587.73,0.0,0.0,0.0,0.0,0.0,0.0,0.0,330.48,0.0,0.0,10.0,4.5,22791.922,3000.0,1743.582,5204.1924,704.1922,1500.0,0.0,0.0,17587.73,839.38654,0.0,839.38654,0.0,839.38654,22791.922,704.1922,0.0,0.0,704.1922,0.0,0.0,0.0,0.0,704.1922,0.0,0.0,0.0,0.0,0.0,0.0
88355,2025,1,-278.79,0.0,557.58,278.79,3590.09,0.0,0.0,15750.0,0.0,476.39,0.0,0.0,0.0,0.0,0.0,0.0,278.79,15750.0,0.0,0.0,278.79,3590.09,3000.0,278.79,0.0,0.0,0.0,0.0,0.0,0.0,0.0,0.0,52.84,0.0,0.0,-7.65,0.0,3590.0935,3000.0,278.7915,4500.0,0.0,1500.0,0.0,0.0,0.0,0.0,0.0,0.0,0.0,0.0,3590.0935,0.0,0.0,0.0,0.0,278.7915,0.0,0.0,278.7915,-278.7915,0.0,0.0,0.0,0.0,0.0,0.0
88356,2025,1,-3400.0,0.0,34426.08,17845.25,-221419.78,0.0,0.0,31500.0,0.0,0.0,0.0,0.0,0.0,0.0,0.0,0.0,0.0,31500.0,0.0,0.0,17845.25,-15061504.0,8500.0,2.4276858e+06,0.0,0.0,0.0,0.0,0.0,0.0,0.0,0.0,6926.52,3400.0,0.0,0.0,0.0,-1.5061504e+07,8500.0,2.4276858e+06,2.4326858e+06,0.0,3000.0,2000.0,0.0,0.0,0.0,0.0,0.0,0.0,0.0,-221419.78,0.0,0.0,0.0,0.0,0.0,0.0,3400.0,3400.0,-3400.0,0.0,0.0,0.0,0.0,0.0,0.0
88357,2025,1,2.2171962e+06,271827.66,134416.84,77300.62,7.736646e+06,0.0,0.0,31500.0,0.0,10000.0,451851.62,115683.26,7.2532945e+06,1.5059028e+06,0.0,0.0,0.0,7.284794e+06,0.0,2101512.88,77300.62,7736850.0,5000.0,77300.62,5438153.0,0.0,0.0,0.0,0.0,0.0,0.0,0.0,55054.73,0.0,0.0,167221.75,-8356.219,7.73685e+06,5000.0,77300.62,2.2986968e+06,2.2171962e+06,3000.0,1200.0,0.0,5.438153e+06,271827.66,0.0,271827.66,0.0,271827.66,7.736646e+06,2.101513e+06,0.0,115683.26,2.2171962e+06,0.0,0.0,0.0,0.0,2.2171962e+06,0.0,0.0,0.0,0.0,0.0,0.0
88358,2025,1,-335.37,470.99,2252.13,1126.06,14719.78,0.0,0.0,15750.0,0.0,545.99,0.0,0.0,0.0,0.0,0.0,0.0,335.37,15750.0,0.0,0.0,1126.06,14719.78,3000.0,1126.06,10219.78,0.0,0.0,0.0,0.0,0.0,0.0,0.0,213.44,0.0,0.0,7.65,5.0,14719.783,3000.0,1126.0634,4500.0,0.0,1500.0,0.0,0.0,10219.783,470.98917,0.0,470.98917,0.0,470.98917,14719.783,0.0,0.0,0.0,0.0,335.36658,0.0,0.0,335.36658,-335.36658,0.0,0.0,0.0,0.0,0.0,0.0
88359,2025,1,27134.57,8885.79,25945.06,13009.06,222722.92,0.0,0.0,31500.0,0.0,10756.15,8285.65,0.0,182937.28,27749.65,2200.0,0.0,0.0,214437.28,0.0,29334.57,13009.06,222759.45,5000.0,13009.06,179315.81,0.0,0.0,0.0,0.0,0.0,0.0,0.0,2451.92,0.0,0.0,21.9922,3.5176,222759.45,5000.0,13009.0625,43443.633,27134.572,3000.0,300.0,0.0,179315.81,8885.791,0.0,8885.791,0.0,8885.791,222722.92,29334.572,2200.0,0.0,27134.572,0.0,0.0,0.0,0.0,27134.572,0.0,0.0,0.0,0.0,0.0,0.0
88360,2025,1,716.06,844.73,3505.33,1752.66,22910.63,0.0,0.0,15750.0,0.0,955.53,0.0,0.0,7160.63,716.06,0.0,0.0,0.0,22910.63,0.0,716.06,1752.66,22910.63,3000.0,1752.66,17694.57,0.0,0.0,0.0,0.0,0.0,0.0,0.0,332.2,0.0,0.0,10.0,4.5,22910.63,3000.0,1752.6632,5216.063,716.0631,1500.0,0.0,0.0,17694.568,844.7284,0.0,844.7284,0.0,844.7284,22910.63,716.0631,0.0,0.0,716.0631,0.0,0.0,0.0,0.0,716.0631,0.0,0.0,0.0,0.0,0.0,0.0
88361,2025,1,3563.44,2538.17,2379.26,1189.63,65126.88,0.0,0.0,17750.0,0.0,3066.34,0.0,0.0,41376.88,3563.44,0.0,0.0,0.0,59126.88,0.0,3563.44,1189.63,59126.88,2500.0,1189.63,51563.45,0.0,0.0,0.0,0.0,0.0,0.0,0.0,225.49,0.0,0.0,12.0,4.3999,59126.883,2500.0,1189.6315,7563.4385,3563.4387,1500.0,0.0,6000.0,51563.445,2538.1724,0.0,2538.1724,0.0,2538.1724,65126.883,3563.4387,0.0,0.0,3563.4387,0.0,0.0,0.0,0.0,3563.4387,0.0,0.0,0.0,0.0,0.0,38982.7734375
88362,2025,1,71951.66,15150.84,45885.9,23539.57,403408.0,0.0,0.0,31500.0,0.0,19790.4,1467.87,512.48,370440.12,71505.12,2000.0,0.0,0.0,401940.12,0.0,73439.19,23539.57,403408.0,5000.0,23539.57,304616.75,0.0,0.0,0.0,0.0,0.0,0.0,0.0,6740.69,0.0,0.0,24.0,3.6055,403408.0,5000.0,23539.568,98791.234,71951.664,3000.0,300.0,0.0,304616.75,15150.838,0.0,15150.838,0.0,15150.838,403408.0,73439.19,2000.0,512.4777,71951.664,0.0,0.0,0.0,0.0,71951.664,0.0,0.0,0.0,0.0,0.0,0.0
88363,2025,1,7134.01,2820.64,10897.39,5448.69,71295.49,0.0,0.0,15750.0,0.0,3374.77,0.0,0.0,55545.49,7134.01,0.0,0.0,0.0,71295.49,0.0,7134.01,5448.69,71295.49,2500.0,5448.69,57212.79,0.0,0.0,0.0,0.0,0.0,0.0,0.0,1032.76,0.0,0.0,22.0,3.5176,71295.49,2500.0,5448.694,14082.702,7134.0083,1500.0,0.0,0.0,57212.79,2820.6394,0.0,2820.6394,0.0,2820.6394,71295.49,7134.0083,0.0,0.0,7134.0083,0.0,0.0,0.0,0.0,7134.0083,0.0,0.0,0.0,0.0,0.0,0.0
88364,2025,1,0.0,0.0,0.0,0.0,-33583.74,0.0,0.0,17750.0,0.0,0.0,0.0,0.0,0.0,0.0,0.0,0.0,0.0,17750.0,0.0,0.0,0.0,-85027.09,3000.0,13604.34,0.0,0.0,0.0,0.0,0.0,0.0,0.0,0.0,0.0,0.0,0.0,0.0,0.0,-85027.09,3000.0,13604.336,15104.336,0.0,1500.0,0.0,0.0,0.0,0.0,0.0,0.0,0.0,0.0,-33583.734,0.0,0.0,0.0,0.0,0.0,0.0,0.0,0.0,0.0,0.0,0.0,0.0,0.0,3860.383,0.0
88365,2025,1,-148.64,13.27,297.28,148.64,13163.74,0.0,0.0,33100.0,0.0,633.01,0.0,0.0,0.0,0.0,0.0,0.0,148.64,33100.0,0.0,0.0,148.64,13163.75,8500.0,148.64,663.75,0.0,0.0,0.0,0.0,0.0,0.0,0.0,28.17,0.0,0.0,-7.65,2.0,13163.746,8500.0,148.64003,12500.0,0.0,3000.0,1000.0,0.0,663.7461,13.274921,0.0,13.274921,0.0,13.274921,13163.745,0.0,0.0,0.0,0.0,148.64003,0.0,0.0,148.64003,-148.64003,0.0,0.0,0.0,0.0,0.0,0.0
88366,2025,1,239.17,0.0,5.45,2.72,18168.95,18133.33,0.0,15750.0,0.0,718.45,0.0,0.0,2418.95,241.89,0.0,0.0,2.72,18168.95,0.0,241.89,2.72,35.61,3000.0,2.72,0.0,0.0,0.0,0.0,0.0,0.0,0.0,0.0,0.52,0.0,0.0,2.35,0.0,35.612377,3000.0,2.7243466,4739.1704,239.17038,1500.0,0.0,0.0,0.0,0.0,0.0,0.0,0.0,0.0,18168.947,241.89473,0.0,0.0,241.89473,2.7243469,0.0,0.0,2.7243469,239.17038,0.0,0.0,0.0,0.0,0.0,0.0
88367,2025,1,2560.65,2710.58,10116.41,5058.2,66130.42,0.0,0.0,23625.0,0.0,3116.52,0.0,0.0,42505.42,4760.65,2200.0,0.0,0.0,66130.42,0.0,4760.65,5058.2,66130.42,2500.0,5058.2,55011.57,0.0,0.0,0.0,0.0,0.0,0.0,0.0,958.74,0.0,0.0,12.0,4.0176,66130.42,2500.0,5058.2046,11118.855,2560.6504,3000.0,500.0,0.0,55011.566,2710.5784,0.0,2710.5784,0.0,2710.5784,66130.42,4760.6504,2200.0,0.0,2560.6504,0.0,0.0,0.0,0.0,2560.6504,0.0,0.0,0.0,0.0,0.0,0.0
88368,2025,1,1.2992538e+06,164582.03,68159.47,37495.47,4.688057e+06,0.0,43781.69,34700.0,0.0,10000.0,475067.53,53393.04,4.1782895e+06,982132.56,0.0,0.0,0.0,4.2129895e+06,0.0,1245860.72,37495.47,4632990.0,5000.0,37495.47,3293240.75,0.0,0.0,0.0,0.0,0.0,0.0,0.0,17013.72,0.0,0.0,175811.88,-8785.75,4.63299e+06,5000.0,37495.473,1.3397492e+06,1.2992538e+06,3000.0,0.0,12000.0,3.2932408e+06,164582.03,0.0,164582.03,0.0,164582.03,4.688057e+06,1.2458608e+06,0.0,53393.04,1.2992538e+06,0.0,0.0,0.0,0.0,1.2992538e+06,0.0,0.0,0.0,43781.688,51507.867,63010.4609375
88369,2025,1,0.0,0.0,0.0,0.0,0.0,0.0,0.0,17750.0,0.0,0.0,0.0,0.0,0.0,0.0,0.0,0.0,0.0,17750.0,0.0,0.0,0.0,0.0,3000.0,0.0,0.0,0.0,0.0,0.0,0.0,0.0,0.0,0.0,0.0,0.0,0.0,0.0,0.0,0.0,3000.0,0.0,4500.0,0.0,1500.0,0.0,0.0,0.0,0.0,0.0,0.0,0.0,0.0,0.0,0.0,0.0,0.0,0.0,0.0,0.0,0.0,0.0,0.0,0.0,0.0,0.0,0.0,30646.068,0.0
88370,2025,1,4.274007e+06,555129.5,89933.7,55456.48,1.5444963e+07,0.0,0.0,34700.0,0.0,10000.0,1.2764945e+06,282902.44,1.4133768e+07,2.6235135e+06,0.0,0.0,0.0,1.4168468e+07,0.0,3991104.38,55456.48,15436654.0,5000.0,55456.48,11104190.0,0.0,0.0,0.0,0.0,0.0,0.0,0.0,35437.02,0.0,0.0,472340.03,-23612.125,1.5436654e+07,5000.0,55456.484,4.3324635e+06,4.274007e+06,3000.0,0.0,12000.0,1.110419e+07,555129.5,0.0,555129.5,0.0,555129.5,1.5444963e+07,3.9911045e+06,0.0,282902.44,4.274007e+06,0.0,0.0,0.0,0.0,4.274007e+06,0.0,0.0,0.0,0.0,0.0,111478.109375
88371,2025,1,0.0,0.0,0.0,0.0,-13.56,0.0,0.0,17750.0,0.0,0.0,0.0,0.0,0.0,0.0,0.0,0.0,0.0,17750.0,0.0,0.0,0.0,-13.56,3000.0,2.17,0.0,0.0,0.0,0.0,0.0,0.0,0.0,0.0,0.0,0.0,0.0,0.0,0.0,-13.559989,3000.0,2.169598,4500.0,0.0,1500.0,0.0,0.0,0.0,0.0,0.0,0.0,0.0,0.0,-13.559989,0.0,0.0,0.0,0.0,0.0,0.0,0.0,0.0,0.0,0.0,0.0,0.0,0.0,16512.102,0.0
88372,2025,1,-202.51,0.0,405.02,202.51,2647.19,0.0,0.0,15750.0,0.0,476.39,0.0,0.0,0.0,0.0,0.0,0.0,202.51,15750.0,0.0,0.0,202.51,2647.19,3000.0,202.51,0.0,0.0,0.0,0.0,0.0,0.0,0.0,0.0,38.38,0.0,0.0,-7.65,0.0,2647.1868,3000.0,202.5098,4500.0,0.0,1500.0,0.0,0.0,0.0,0.0,0.0,0.0,0.0,0.0,2647.1868,0.0,0.0,0.0,0.0,202.50978,0.0,0.0,202.50978,-202.50978,0.0,0.0,0.0,0.0,0.0,0.0
88373,2025,1,1219.06,1073.86,4268.14,2134.07,27896.36,0.0,0.0,15750.0,0.0,1204.82,0.0,0.0,12146.36,1219.06,0.0,0.0,0.0,27896.36,0.0,1219.06,2134.07,27896.36,2900.0,2134.07,22277.3,0.0,0.0,0.0,0.0,0.0,0.0,0.0,404.5,0.0,0.0,12.0,4.4,27896.363,2900.0,2134.0718,5619.0635,1219.0636,1500.0,0.0,0.0,22277.3,1073.865,0.0,1073.865,0.0,1073.865,27896.363,1219.0636,0.0,0.0,1219.0636,0.0,0.0,0.0,0.0,1219.0636,0.0,0.0,0.0,0.0,0.0,0.0
88374,2025,1,0.0,0.0,0.0,0.0,-97377.43,0.0,0.0,34700.0,0.0,0.0,0.0,0.0,0.0,0.0,0.0,0.0,0.0,34700.0,0.0,0.0,0.0,-151860.02,8500.0,24297.6,0.0,0.0,0.0,0.0,0.0,0.0,0.0,0.0,0.0,0.0,0.0,0.0,0.0,-151860.02,8500.0,24297.602,27297.602,0.0,3000.0,0.0,0.0,0.0,0.0,0.0,0.0,0.0,0.0,-97377.43,0.0,0.0,0.0,0.0,0.0,0.0,0.0,0.0,0.0,0.0,0.0,0.0,0.0,19613.482,0.0
88375,2025,1,302280.38,51579.78,5782.13,4274.66,1.3450668e+06,0.0,0.0,17750.0,0.0,10000.0,41264.69,41639.06,1.286052e+06,50694.84,0.0,0.0,0.0,1.303802e+06,13921.02,246720.31,4274.66,1340450.5,2500.0,4274.66,1032395.5,0.0,0.0,0.0,0.0,0.0,0.0,0.0,285.73,0.0,0.0,13650.374,-677.9024,1.3404505e+06,2500.0,4274.661,308055.03,302280.38,1500.0,0.0,6000.0,1.0323955e+06,51579.773,0.0,51579.773,0.0,51579.773,1.3450668e+06,260641.33,0.0,41639.055,302280.38,0.0,0.0,0.0,0.0,302280.38,0.0,0.0,0.0,0.0,0.0,23273.296875
88376,2025,1,55062.96,11006.6,28034.23,14064.22,291559.12,0.0,0.0,15750.0,0.0,14387.96,0.0,3081.42,275809.12,40210.61,0.0,0.0,0.0,291559.12,0.0,51981.54,14064.22,291559.09,2500.0,14064.22,220931.91,0.0,0.0,0.0,0.0,0.0,0.0,0.0,3146.03,0.0,0.0,32.0,3.2822,291559.1,2500.0,14064.226,70627.18,55062.957,1500.0,0.0,0.0,220931.9,11006.596,0.0,11006.596,0.0,11006.596,291559.12,51981.54,0.0,3081.418,55062.957,0.0,0.0,0.0,0.0,55062.957,0.0,0.0,0.0,0.0,0.0,0.0
88377,2025,1,1860.09,1322.66,5085.45,2542.72,33238.22,0.0,0.0,15750.0,0.0,1471.91,0.0,0.0,17488.22,1860.09,0.0,0.0,0.0,33238.22,0.0,1860.09,2542.72,33238.22,2625.0,2542.72,27253.13,0.0,0.0,0.0,0.0,0.0,0.0,0.0,481.95,0.0,0.0,12.0,4.4,33238.22,2625.0,2542.7236,5985.0864,1860.0863,1500.0,0.0,0.0,27253.133,1322.6566,0.0,1322.6566,0.0,1322.6566,33238.22,1860.0863,0.0,0.0,1860.0863,0.0,0.0,0.0,0.0,1860.0863,0.0,0.0,0.0,0.0,0.0,0.0
88378,2025,1,0.0,0.0,0.0,0.0,-2396.66,0.0,0.0,34700.0,0.0,0.0,0.0,0.0,0.0,0.0,0.0,0.0,0.0,34700.0,0.0,0.0,0.0,-2396.66,8500.0,383.47,0.0,0.0,0.0,0.0,0.0,0.0,0.0,0.0,0.0,0.0,0.0,0.0,0.0,-2396.6643,8500.0,383.46628,11500.0,0.0,3000.0,0.0,0.0,0.0,0.0,0.0,0.0,0.0,0.0,-2396.6643,0.0,0.0,0.0,0.0,0.0,0.0,0.0,0.0,0.0,0.0,0.0,0.0,0.0,30646.068,0.0
88379,2025,1,0.0,0.0,0.0,0.0,-24843.24,0.0,0.0,15750.0,0.0,0.0,0.0,0.0,0.0,0.0,0.0,0.0,0.0,15750.0,0.0,0.0,0.0,-24843.24,3000.0,3974.92,0.0,0.0,0.0,0.0,0.0,0.0,0.0,0.0,0.0,0.0,0.0,0.0,0.0,-24843.244,3000.0,3974.919,5474.919,0.0,1500.0,0.0,0.0,0.0,0.0,0.0,0.0,0.0,0.0,-24843.244,0.0,0.0,0.0,0.0,0.0,0.0,0.0,0.0,0.0,0.0,0.0,0.0,0.0,0.0,0.0
88380,2025,1,7.318985e+06,988064.0,211314.2,129757.02,2.7212404e+07,0.0,0.0,31500.0,0.0,10000.0,893918.4,676280.25,2.6286984e+07,3.104421e+06,0.0,0.0,0.0,2.6318484e+07,0.0,6642705.25,129757.02,27214922.0,5000.0,129757.02,19762880.0,0.0,0.0,0.0,0.0,0.0,0.0,0.0,113798.2,0.0,0.0,330787.0,-16534.5,2.7214922e+07,5000.0,129757.016,7.452042e+06,7.318985e+06,3000.0,300.0,0.0,1.976288e+07,988064.0,0.0,988064.0,0.0,988064.0,2.7212402e+07,6.642705e+06,0.0,676280.25,7.318985e+06,0.0,0.0,0.0,0.0,7.318985e+06,0.0,0.0,0.0,0.0,0.0,74307.625
88381,2025,1,0.0,518.47,2397.43,1198.71,15669.45,0.0,0.0,15750.0,0.0,593.47,0.0,0.0,0.0,0.0,0.0,0.0,0.0,15750.0,0.0,0.0,1198.71,15669.45,3000.0,1198.71,11169.45,0.0,0.0,0.0,0.0,0.0,0.0,0.0,227.21,0.0,0.0,1.9446,4.9028,15669.446,3000.0,1198.7126,4500.0,0.0,1500.0,0.0,0.0,11169.446,518.4723,0.0,518.4723,0.0,518.4723,15669.446,0.0,0.0,0.0,0.0,0.0,0.0,0.0,0.0,0.0,0.0,0.0,0.0,0.0,0.0,0.0
88382,2025,1,-1701.68,2890.66,10450.69,5628.6,68338.6,0.0,0.0,23625.0,0.0,3226.93,1060.94,0.0,43652.66,4898.32,4898.32,0.0,0.0,67277.66,0.0,4898.32,5628.6,68741.84,2500.0,5628.6,58613.24,0.0,0.0,0.0,0.0,0.0,0.0,0.0,913.99,1701.68,0.0,12.0,4.6177,68741.84,2500.0,5628.599,10128.6,0.0,3000.0,1500.0,0.0,58613.242,2890.662,0.0,2890.662,0.0,2890.662,68338.59,4898.319,4898.319,0.0,0.0,0.0,0.0,1701.6812,1701.6812,-1701.6812,0.0,0.0,0.0,0.0,0.0,0.0
88383,2025,1,211.12,644.43,2815.16,1407.58,18399.73,0.0,0.0,15750.0,0.0,729.99,0.0,0.0,2649.73,264.97,0.0,0.0,53.85,18399.73,0.0,264.97,1407.58,18399.73,3000.0,1407.58,13688.61,0.0,0.0,0.0,0.0,0.0,0.0,0.0,266.8,0.0,0.0,17.65,4.1176,18399.729,3000.0,1407.5792,4711.122,211.12207,1500.0,0.0,0.0,13688.606,644.4303,0.0,644.4303,0.0,644.4303,18399.729,264.97284,0.0,0.0,264.97284,53.85077,0.0,0.0,53.85077,211.12207,0.0,0.0,0.0,0.0,0.0,0.0
88384,2025,1,6043.67,4671.55,0.0,0.0,110274.66,0.0,0.0,17750.0,0.0,5323.73,0.0,0.0,88641.14,0.0,0.0,0.0,0.0,106391.14,0.0,6043.67,0.0,104274.66,2500.0,0.0,94230.99,0.0,0.0,0.0,0.0,0.0,0.0,0.0,0.0,0.0,0.0,7.9502,2.1025,104274.664,2500.0,0.0,10043.671,6043.671,1500.0,0.0,6000.0,94230.99,4671.55,0.0,4671.55,0.0,4671.55,110274.664,6043.671,0.0,0.0,6043.671,0.0,0.0,0.0,0.0,6043.671,0.0,0.0,0.0,0.0,0.0,10973.359375
88385,2025,1,100072.21,21746.67,36296.36,18402.48,557753.8,0.0,0.0,31500.0,0.0,22673.86,21515.05,5817.22,504738.75,73294.47,0.0,0.0,0.0,536238.75,0.0,94254.99,18402.48,558008.12,5000.0,18402.48,436533.44,0.0,0.0,0.0,0.0,0.0,0.0,0.0,3391.65,0.0,0.0,5187.6094,-254.7617,558008.1,5000.0,18402.475,121474.69,100072.21,3000.0,0.0,0.0,436533.44,21746.672,0.0,21746.672,0.0,21746.672,557753.8,94254.99,0.0,5817.216,100072.21,0.0,0.0,0.0,0.0,100072.21,0.0,0.0,0.0,0.0,0.0,63187.0
88386,2025,1,4852.74,2328.72,8899.53,4449.77,58176.99,0.0,0.0,15750.0,0.0,2718.85,0.0,0.0,42426.99,4852.74,0.0,0.0,0.0,58176.99,0.0,4852.74,4449.77,58176.99,2500.0,4449.77,47374.48,0.0,0.0,0.0,0.0,0.0,0.0,0.0,843.42,0.0,0.0,12.0,4.0176,58176.992,2500.0,4449.7666,10802.506,4852.7393,1500.0,0.0,0.0,47374.484,2328.724,0.0,2328.724,0.0,2328.724,58176.992,4852.7393,0.0,0.0,4852.7393,0.0,0.0,0.0,0.0,4852.7393,0.0,0.0,0.0,0.0,0.0,0.0
88387,2025,1,-1932.46,2910.79,11840.26,5920.13,74371.2,0.0,0.0,31500.0,0.0,3603.96,0.0,0.0,42871.2,4667.54,4667.54,0.0,0.0,74371.2,0.0,4667.54,5920.13,70235.94,5000.0,5920.13,59815.8,0.0,0.0,0.0,0.0,0.0,0.0,0.0,1122.12,1932.46,0.0,12.0,4.6174,70235.94,5000.0,5920.133,10420.133,0.0,3000.0,1500.0,0.0,59815.805,2910.7903,0.0,2910.7903,0.0,2910.7903,74371.2,4667.5444,4667.5444,0.0,0.0,0.0,0.0,1932.4556,1932.4556,-1932.4556,0.0,0.0,0.0,0.0,0.0,0.0
88388,2025,1,0.0,0.0,86.22,43.11,10642.67,0.0,4798.8,34700.0,0.0,1112.01,0.0,0.0,0.0,0.0,0.0,0.0,0.0,34700.0,0.0,0.0,43.11,5843.86,8500.0,43.11,0.0,0.0,0.0,0.0,0.0,0.0,0.0,0.0,8.17,0.0,0.0,0.0,0.0,5843.8623,8500.0,43.10831,11500.0,0.0,3000.0,0.0,0.0,0.0,0.0,0.0,0.0,0.0,0.0,10642.667,0.0,0.0,0.0,0.0,0.0,0.0,0.0,0.0,0.0,0.0,0.0,0.0,4798.8047,71507.49,0.0
88389,2025,1,0.0,0.0,0.0,0.0,-308000.0,0.0,0.0,15750.0,0.0,0.0,0.0,0.0,0.0,0.0,0.0,0.0,0.0,15750.0,0.0,0.0,0.0,-3487734.25,3000.0,558037.5,0.0,0.0,0.0,0.0,0.0,0.0,0.0,0.0,0.0,0.0,0.0,0.0,0.0,-3.4877342e+06,3000.0,558037.5,559537.5,0.0,1500.0,0.0,0.0,0.0,0.0,0.0,0.0,0.0,0.0,-308000.0,0.0,0.0,0.0,0.0,0.0,0.0,0.0,0.0,0.0,0.0,0.0,0.0,0.0,0.0,0.0
88390,2025,1,-405.64,0.0,1281.72,640.86,4380.88,0.0,0.0,31500.0,0.0,569.06,0.0,0.0,0.0,0.0,0.0,0.0,405.64,31500.0,0.0,0.0,640.86,4380.88,8500.0,640.86,0.0,0.0,0.0,0.0,0.0,0.0,0.0,0.0,121.47,0.0,0.0,-7.65,0.0,4380.881,8500.0,640.8607,11500.0,0.0,3000.0,0.0,0.0,0.0,0.0,0.0,0.0,0.0,0.0,4380.881,0.0,0.0,0.0,0.0,405.64474,0.0,0.0,405.64474,-405.64474,0.0,0.0,0.0,0.0,0.0,0.0
88391,2025,1,0.0,0.0,24.78,12.39,-612838.06,0.0,0.0,34700.0,0.0,0.0,0.0,0.0,0.0,0.0,0.0,0.0,0.0,34700.0,0.0,0.0,12.39,-22347062.0,8500.0,3.5755425e+06,0.0,0.0,0.0,0.0,0.0,0.0,0.0,0.0,2.35,0.0,0.0,0.0,0.0,-2.2347062e+07,8500.0,3.5755422e+06,3.5785422e+06,0.0,3000.0,0.0,0.0,0.0,0.0,0.0,0.0,0.0,0.0,-612838.06,0.0,0.0,0.0,0.0,0.0,0.0,0.0,0.0,0.0,0.0,0.0,0.0,0.0,46764.88,0.0
88392,2025,1,22380.56,8520.86,13424.17,6712.08,217323.31,0.0,10565.54,33100.0,0.0,10486.17,4170.68,0.0,178092.05,10171.75,0.0,0.0,0.0,211192.05,0.0,22380.56,6712.08,204109.84,5000.0,6712.08,172017.2,0.0,0.0,0.0,0.0,0.0,0.0,0.0,1272.23,0.0,0.0,28.6211,3.1865,204109.84,5000.0,6712.085,32092.64,22380.557,3000.0,0.0,2647.922,172017.2,8520.86,0.0,8520.86,0.0,8520.86,217323.31,22380.557,0.0,0.0,22380.557,0.0,0.0,0.0,0.0,22380.557,0.0,0.0,0.0,10565.538,12430.045,5295.84423828125
88393,2025,1,1.898069e+06,236554.95,32907.11,17276.09,6.648546e+06,0.0,0.0,15750.0,0.0,10000.0,1.103835e+06,30530.32,5.5289615e+06,1.708483e+06,0.0,0.0,0.0,5.544711e+06,0.0,1867538.62,17276.09,6648744.5,2500.0,17276.09,4731899.5,0.0,0.0,0.0,0.0,0.0,0.0,0.0,5961.15,0.0,0.0,408455.75,-20417.922,6.6487445e+06,2500.0,17276.086,1.9168451e+06,1.898069e+06,1500.0,0.0,0.0,4.7318995e+06,236554.97,0.0,236554.97,0.0,236554.97,6.648546e+06,1.8675386e+06,0.0,30530.326,1.898069e+06,0.0,0.0,0.0,0.0,1.898069e+06,0.0,0.0,0.0,0.0,0.0,919.2952270507812
88394,2025,1,0.0,0.0,24.03,12.02,-612842.94,0.0,0.0,33100.0,0.0,0.0,0.0,0.0,0.0,0.0,0.0,0.0,0.0,33100.0,0.0,0.0,12.02,-45770036.0,8500.0,7.3232175e+06,0.0,0.0,0.0,0.0,0.0,0.0,0.0,0.0,2.28,0.0,0.0,0.0,0.0,-4.5770036e+07,8500.0,7.3232175e+06,7.3262175e+06,0.0,3000.0,0.0,0.0,0.0,0.0,0.0,0.0,0.0,0.0,-612842.94,0.0,0.0,0.0,0.0,0.0,0.0,0.0,0.0,0.0,0.0,0.0,0.0,0.0,44130.336,0.0
88395,2025,1,2.247101e+06,299564.2,59548.3,36564.97,8.273988e+06,0.0,0.0,31500.0,0.0,10000.0,614566.4,185435.02,7.6279215e+06,1.2561044e+06,0.0,0.0,0.0,7.6594215e+06,0.0,2061666.0,36564.97,8279550.0,5000.0,36564.97,5992884.0,0.0,0.0,0.0,0.0,0.0,0.0,0.0,6814.25,0.0,0.0,227428.0,-11366.531,8.27955e+06,5000.0,36564.97,2.286666e+06,2.247101e+06,3000.0,0.0,0.0,5.992884e+06,299564.2,0.0,299564.2,0.0,299564.2,8.273988e+06,2.061666e+06,0.0,185435.02,2.247101e+06,0.0,0.0,0.0,0.0,2.247101e+06,0.0,0.0,0.0,0.0,0.0,20851.388671875
88396,2025,1,331595.1,52303.08,27404.32,15145.06,1.3965589e+06,0.0,0.0,31500.0,0.0,10000.0,224861.9,4255.91,1.140197e+06,305461.34,0.0,0.0,0.0,1.171697e+06,0.0,327339.2,15145.06,1398001.88,5000.0,15145.06,1047661.75,0.0,0.0,0.0,0.0,0.0,0.0,0.0,2323.65,0.0,0.0,83238.22,-4156.672,1.3980019e+06,5000.0,15145.059,350340.16,331595.1,3000.0,600.0,0.0,1.04766175e+06,52303.086,0.0,52303.086,0.0,52303.086,1.3965589e+06,327339.2,0.0,4255.911,331595.1,0.0,0.0,0.0,0.0,331595.1,0.0,0.0,0.0,0.0,0.0,0.0
88397,2025,1,0.0,0.0,0.0,0.0,7377.8,0.0,0.0,17750.0,0.0,476.39,0.0,0.0,0.0,0.0,0.0,0.0,0.0,17750.0,0.0,0.0,0.0,1559.48,3000.0,0.0,0.0,0.0,0.0,0.0,0.0,0.0,0.0,0.0,0.0,0.0,0.0,0.0,0.0,1559.4784,3000.0,0.0,4500.0,0.0,1500.0,0.0,5818.324,0.0,0.0,0.0,0.0,0.0,0.0,7377.8027,0.0,0.0,0.0,0.0,0.0,0.0,0.0,0.0,0.0,0.0,0.0,0.0,0.0,4699.0635,5818.32421875
88398,2025,1,950011.6,109005.52,74259.67,42574.56,3.177201e+06,0.0,0.0,31500.0,0.0,10000.0,276716.5,12702.0,2.8689848e+06,880512.94,0.0,0.0,0.0,2.9004845e+06,0.0,937309.57,42574.56,3177296.5,5000.0,42574.56,2181710.5,0.0,0.0,0.0,0.0,0.0,0.0,0.0,31465.84,0.0,0.0,102422.06,-5116.2266,3.1772965e+06,5000.0,42574.566,995586.1,950011.56,3000.0,0.0,0.0,2.1817105e+06,109005.52,0.0,109005.52,0.0,109005.52,3.177201e+06,937309.56,0.0,12701.998,950011.56,0.0,0.0,0.0,0.0,950011.56,0.0,0.0,0.0,0.0,0.0,27155.048828125
88399,2025,1,3142.13,1755.99,6720.06,3360.03,43921.94,0.0,0.0,15750.0,0.0,2006.1,0.0,0.0,28171.93,3142.13,0.0,0.0,0.0,43921.94,0.0,3142.13,3360.03,43921.93,2500.0,3360.03,35919.77,0.0,0.0,0.0,0.0,0.0,0.0,0.0,636.87,0.0,0.0,12.0,4.0176,43921.934,2500.0,3360.0278,8002.16,3142.132,1500.0,0.0,0.0,35919.773,1755.9886,0.0,1755.9886,0.0,1755.9886,43921.934,3142.132,0.0,0.0,3142.132,0.0,0.0,0.0,0.0,3142.132,0.0,0.0,0.0,0.0,0.0,0.0
88400,2025,1,3042.42,1722.61,6592.92,3296.46,43090.98,0.0,0.0,15750.0,0.0,1964.55,0.0,0.0,27340.98,3042.42,0.0,0.0,0.0,43090.98,0.0,3042.42,3296.46,43090.98,2500.0,3296.46,35252.1,0.0,0.0,0.0,0.0,0.0,0.0,0.0,624.82,0.0,0.0,12.0,4.0173,43090.977,2500.0,3296.4597,7838.877,3042.4172,1500.0,0.0,0.0,35252.1,1722.6051,0.0,1722.6051,0.0,1722.6051,43090.977,3042.4172,0.0,0.0,3042.4172,0.0,0.0,0.0,0.0,3042.4172,0.0,0.0,0.0,0.0,0.0,0.0
88401,2025,1,10200.47,3890.07,18.16,9.08,115473.3,0.0,16671.46,17750.0,0.0,5583.66,0.0,0.0,94151.7,3330.21,0.0,0.0,0.0,111901.7,0.0,10200.47,9.08,92801.85,2500.0,9.08,78601.38,0.0,0.0,0.0,0.0,0.0,0.0,0.0,1.72,0.0,0.0,28.6191,3.5691,92801.85,2500.0,9.081157,14200.469,10200.469,1500.0,0.0,6000.0,78601.38,3890.069,0.0,3890.069,0.0,3890.069,115473.305,10200.469,0.0,0.0,10200.469,0.0,0.0,0.0,0.0,10200.469,0.0,0.0,0.0,16671.46,19613.482,25833.359375
88402,2025,1,0.0,0.0,0.0,0.0,-944.79,0.0,0.0,31500.0,0.0,0.0,0.0,0.0,0.0,0.0,0.0,0.0,0.0,31500.0,0.0,0.0,0.0,-944.79,8500.0,151.17,0.0,0.0,0.0,0.0,0.0,0.0,0.0,0.0,0.0,0.0,0.0,-45.0,0.0,-944.78723,8500.0,151.16595,15500.0,0.0,3000.0,4000.0,0.0,0.0,0.0,0.0,0.0,0.0,0.0,-944.78723,0.0,0.0,0.0,0.0,0.0,0.0,0.0,0.0,0.0,0.0,0.0,0.0,0.0,0.0,0.0
88403,2025,1,2.0004252e+07,3.0433072e+06,156386.78,106774.55,8.096613e+07,0.0,0.0,15750.0,0.0,10000.0,531250.1,2.874e+06,8.041913e+07,2.328078e+06,0.0,0.0,0.0,8.043488e+07,0.0,17130251.0,106774.55,80979472.0,2500.0,106774.55,60866944.0,0.0,0.0,0.0,0.0,0.0,0.0,0.0,69187.55,0.0,0.0,196600.0,-9825.25,8.097947e+07,2500.0,106774.555,2.0112526e+07,2.0004252e+07,1500.0,0.0,0.0,6.0866944e+07,3.0433072e+06,0.0,3.0433072e+06,0.0,3.0433072e+06,8.096613e+07,1.7130252e+07,0.0,2.874e+06,2.0004252e+07,0.0,0.0,0.0,0.0,2.0004252e+07,0.0,0.0,0.0,0.0,0.0,9751.51171875
88404,2025,1,1.3352966e+07,1.5370465e+06,659000.5,413708.38,4.4500796e+07,0.0,0.0,31500.0,0.0,10000.0,1.4000062e+06,824732.94,4.3069292e+07,8.608862e+06,0.0,0.0,0.0,4.3100788e+07,0.0,12528234.0,413708.38,44512208.0,5000.0,413708.38,30742532.0,0.0,0.0,0.0,0.0,0.0,0.0,0.0,372361.39,0.0,0.0,518039.0,-25897.0,4.451221e+07,5000.0,413708.34,1.3769675e+07,1.3352967e+07,3000.0,0.0,0.0,3.0742532e+07,1.5370466e+06,0.0,1.5370466e+06,0.0,1.5370466e+06,4.45008e+07,1.2528234e+07,0.0,824733.0,1.3352967e+07,0.0,0.0,0.0,0.0,1.3352967e+07,0.0,0.0,0.0,0.0,0.0,157810.03125
88405,2025,1,2943.92,1689.67,6465.78,3232.89,42270.13,0.0,0.0,15750.0,0.0,1923.51,0.0,0.0,26520.13,2943.92,0.0,0.0,0.0,42270.13,0.0,2943.92,3232.89,42270.13,2500.0,3232.89,34593.32,0.0,0.0,0.0,0.0,0.0,0.0,0.0,612.77,0.0,0.0,12.0,4.0176,42270.13,2500.0,3232.8916,7676.807,2943.9155,1500.0,0.0,0.0,34593.32,1689.666,0.0,1689.666,0.0,1689.666,42270.13,2943.9155,0.0,0.0,2943.9155,0.0,0.0,0.0,0.0,2943.9155,0.0,0.0,0.0,0.0,0.0,0.0
88406,2025,1,-402.3,20.35,804.59,402.3,5258.76,0.0,0.0,15750.0,0.0,476.39,0.0,0.0,0.0,0.0,0.0,0.0,402.3,15750.0,0.0,0.0,402.3,5258.76,3000.0,402.3,758.76,0.0,0.0,0.0,0.0,0.0,0.0,0.0,76.25,0.0,0.0,-7.65,4.0,5258.761,3000.0,402.29523,4500.0,0.0,1500.0,0.0,0.0,758.7612,20.350449,0.0,20.350449,0.0,20.350449,5258.761,0.0,0.0,0.0,0.0,402.29523,0.0,0.0,402.29523,-402.29523,0.0,0.0,0.0,0.0,0.0,0.0
88407,2025,1,395.55,700.5,3014.94,1507.47,19705.52,0.0,0.0,15750.0,0.0,795.28,0.0,0.0,3955.52,395.55,0.0,0.0,0.0,19705.52,0.0,395.55,1507.47,19705.52,3000.0,1507.47,14809.96,0.0,0.0,0.0,0.0,0.0,0.0,0.0,285.73,0.0,0.0,10.0,4.5,19705.516,3000.0,1507.4719,4895.552,395.55157,1500.0,0.0,0.0,14809.964,700.49817,0.0,700.49817,0.0,700.49817,19705.516,395.55157,0.0,0.0,395.55157,0.0,0.0,0.0,0.0,395.55157,0.0,0.0,0.0,0.0,0.0,0.0
88408,2025,1,0.0,0.0,28379.44,14202.66,-394324.84,0.0,0.0,31500.0,0.0,0.0,0.0,0.0,0.0,0.0,0.0,0.0,0.0,31500.0,0.0,0.0,14202.66,-22666998.0,8500.0,3.6409222e+06,0.0,0.0,0.0,0.0,0.0,0.0,0.0,0.0,2966.86,0.0,0.0,0.0,0.0,-2.2666998e+07,8500.0,3.6409222e+06,3.6449222e+06,0.0,3000.0,1000.0,0.0,0.0,0.0,0.0,0.0,0.0,0.0,-394324.84,0.0,0.0,0.0,0.0,0.0,0.0,0.0,0.0,0.0,0.0,0.0,0.0,0.0,0.0,9606.841796875
88409,2025,1,0.0,0.0,0.0,0.0,-308000.0,0.0,0.0,15750.0,0.0,0.0,0.0,0.0,0.0,0.0,0.0,0.0,0.0,15750.0,0.0,0.0,0.0,-33574752.0,3000.0,5.3719605e+06,0.0,0.0,0.0,0.0,0.0,0.0,0.0,0.0,0.0,0.0,0.0,0.0,0.0,-3.357475e+07,3000.0,5.37196e+06,5.37346e+06,0.0,1500.0,0.0,0.0,0.0,0.0,0.0,0.0,0.0,0.0,-308000.0,0.0,0.0,0.0,0.0,0.0,0.0,0.0,0.0,0.0,0.0,0.0,0.0,0.0,0.0,0.0
88410,2025,1,256197.66,34702.99,40394.1,21707.83,974265.4,0.0,0.0,15750.0,0.0,10000.0,62.29,16652.55,958453.06,153257.44,0.0,0.0,0.0,974203.06,0.0,239545.11,21707.83,974265.31,2500.0,21707.83,694859.81,0.0,0.0,0.0,0.0,0.0,0.0,0.0,10789.63,0.0,0.0,64.9531,1.6328,974265.3,2500.0,21707.828,279405.5,256197.66,1500.0,0.0,0.0,694859.8,34702.992,0.0,34702.992,0.0,34702.992,974265.4,239545.11,0.0,16652.55,256197.66,0.0,0.0,0.0,0.0,256197.66,0.0,0.0,0.0,0.0,0.0,0.0
88411,2025,1,-3369.73,1404.4,5448.69,2724.35,35612.38,0.0,0.0,23625.0,0.0,1590.62,0.0,0.0,11987.38,1198.74,1198.74,0.0,2368.47,35612.38,0.0,1198.74,2724.35,35612.38,2500.0,2724.35,28888.03,0.0,0.0,0.0,0.0,0.0,0.0,0.0,516.38,1001.26,0.0,25.98,4.6176,35612.38,2500.0,2724.347,6724.3467,0.0,3000.0,1000.0,0.0,28888.031,1404.4016,0.0,1404.4016,0.0,1404.4016,35612.38,1198.7379,1198.7379,0.0,0.0,2368.472,0.0,1001.2621,3369.734,-3369.734,0.0,0.0,0.0,0.0,0.0,0.0
88412,2025,1,0.0,0.0,282.99,141.49,-610231.8,0.0,0.0,33100.0,0.0,0.0,0.0,0.0,0.0,0.0,0.0,0.0,0.0,33100.0,0.0,0.0,141.49,-1742307.75,8500.0,278910.72,0.0,0.0,0.0,0.0,0.0,0.0,0.0,0.0,26.82,0.0,0.0,0.0,0.0,-1.7423078e+06,8500.0,278910.72,281910.72,0.0,3000.0,0.0,0.0,0.0,0.0,0.0,0.0,0.0,0.0,-610231.8,0.0,0.0,0.0,0.0,0.0,0.0,0.0,0.0,0.0,0.0,0.0,0.0,0.0,24086.787,0.0
88413,2025,1,2.4985892e+06,305946.5,100700.04,63107.57,8.681653e+06,0.0,0.0,31500.0,0.0,10000.0,924626.9,86498.02,7.725526e+06,1.9763079e+06,0.0,0.0,0.0,7.757026e+06,0.0,2412091.22,63107.57,8686127.0,5000.0,63107.57,6120530.0,0.0,0.0,0.0,0.0,0.0,0.0,0.0,42409.92,0.0,0.0,342148.75,-17102.562,8.686127e+06,5000.0,63107.57,2.5655968e+06,2.4985892e+06,3000.0,900.0,0.0,6.12053e+06,305946.5,0.0,305946.5,0.0,305946.5,8.681653e+06,2.4120912e+06,0.0,86498.02,2.4985892e+06,0.0,0.0,0.0,0.0,2.4985892e+06,0.0,0.0,0.0,0.0,0.0,0.0
88414,2025,1,0.0,0.0,3466.31,1733.16,-590344.4,0.0,0.0,31500.0,0.0,0.0,0.0,0.0,0.0,0.0,0.0,0.0,0.0,31500.0,0.0,0.0,1733.16,-1878893.12,8500.0,302356.06,0.0,0.0,0.0,0.0,0.0,0.0,0.0,0.0,328.51,0.0,0.0,0.0,0.0,-1.8788931e+06,8500.0,302356.06,305356.06,0.0,3000.0,0.0,0.0,0.0,0.0,0.0,0.0,0.0,0.0,-590344.4,0.0,0.0,0.0,0.0,0.0,0.0,0.0,0.0,0.0,0.0,0.0,0.0,0.0,0.0,0.0
88415,2025,1,7013.98,2801.18,10824.74,5412.37,70749.93,0.0,0.0,15750.0,0.0,3347.5,0.0,0.0,54999.93,7013.98,0.0,0.0,0.0,70749.93,0.0,7013.98,5412.37,70749.93,2500.0,5412.37,56823.58,0.0,0.0,0.0,0.0,0.0,0.0,0.0,1025.87,0.0,0.0,22.0,3.5173,70749.93,2500.0,5412.3696,13926.354,7013.9844,1500.0,0.0,0.0,56823.58,2801.179,0.0,2801.179,0.0,2801.179,70749.93,7013.9844,0.0,0.0,7013.9844,0.0,0.0,0.0,0.0,7013.9844,0.0,0.0,0.0,0.0,0.0,0.0
88416,2025,1,1.192155e+06,155543.33,47025.7,26341.54,4.362441e+06,0.0,17192.44,34700.0,0.0,10000.0,451150.38,51701.74,3.8765908e+06,884043.94,0.0,0.0,0.0,3.911291e+06,0.0,1140453.22,26341.54,4333963.0,5000.0,26341.54,3112466.5,0.0,0.0,0.0,0.0,0.0,0.0,0.0,13948.02,0.0,0.0,166962.5,-8343.25,4.333963e+06,5000.0,26341.541,1.2214965e+06,1.192155e+06,3000.0,0.0,12000.0,3.1124665e+06,155543.33,0.0,155543.33,0.0,155543.33,4.362441e+06,1.1404532e+06,0.0,51701.746,1.192155e+06,0.0,0.0,0.0,0.0,1.192155e+06,0.0,0.0,0.0,17192.443,20226.404,58532.34375
88417,2025,1,2962.49,1886.19,3596.14,1798.07,51486.32,0.0,0.0,17750.0,0.0,2384.32,0.0,0.0,27736.32,2962.49,0.0,0.0,0.0,45486.32,0.0,2962.49,1798.07,45486.32,2500.0,1798.07,38523.83,0.0,0.0,0.0,0.0,0.0,0.0,0.0,340.81,0.0,0.0,12.0,4.4,45486.32,2500.0,1798.069,6962.49,2962.4902,1500.0,0.0,6000.0,38523.83,1886.1914,0.0,1886.1914,0.0,1886.1914,51486.32,2962.4902,0.0,0.0,2962.4902,0.0,0.0,0.0,0.0,2962.4902,0.0,0.0,0.0,0.0,0.0,26647.92578125
88418,2025,1,-642.31,270.37,1638.24,819.12,10707.46,0.0,0.0,15750.0,0.0,476.39,0.0,0.0,0.0,0.0,0.0,0.0,642.31,15750.0,0.0,0.0,819.12,10707.46,3000.0,819.12,6207.46,0.0,0.0,0.0,0.0,0.0,0.0,0.0,155.26,0.0,0.0,7.65,5.0,10707.455,3000.0,819.12024,4500.0,0.0,1500.0,0.0,0.0,6207.455,270.37274,0.0,270.37274,0.0,270.37274,10707.455,0.0,0.0,0.0,0.0,642.3097,0.0,0.0,642.3097,-642.3097,0.0,0.0,0.0,0.0,0.0,0.0
88419,2025,1,0.0,0.0,0.0,0.0,-259937.73,0.0,0.0,15750.0,0.0,0.0,0.0,0.0,0.0,0.0,0.0,0.0,0.0,15750.0,0.0,0.0,0.0,-284369.59,3000.0,45499.14,0.0,0.0,0.0,0.0,0.0,0.0,0.0,0.0,0.0,0.0,0.0,0.0,0.0,-284369.6,3000.0,45499.133,46999.133,0.0,1500.0,0.0,0.0,0.0,0.0,0.0,0.0,0.0,0.0,-259937.73,0.0,0.0,0.0,0.0,0.0,0.0,0.0,0.0,0.0,0.0,0.0,0.0,0.0,0.0,0.0
88420,2025,1,6361.09,2696.79,10370.68,5185.34,67782.22,0.0,0.0,15750.0,0.0,3199.11,0.0,0.0,52032.22,6361.09,0.0,0.0,0.0,67782.22,0.0,6361.09,5185.34,67782.23,2500.0,5185.34,54735.8,0.0,0.0,0.0,0.0,0.0,0.0,0.0,982.84,0.0,0.0,22.0,3.5176,67782.23,2500.0,5185.3403,13046.43,6361.09,1500.0,0.0,0.0,54735.797,2696.7898,0.0,2696.7898,0.0,2696.7898,67782.23,6361.09,0.0,0.0,6361.09,0.0,0.0,0.0,0.0,6361.09,0.0,0.0,0.0,0.0,0.0,0.0
88421,2025,1,14823.48,4062.5,16164.46,8082.23,106455.75,0.0,0.0,15750.0,0.0,5132.79,0.0,0.0,90705.75,14725.36,0.0,0.0,0.0,106455.75,0.0,14823.48,8082.23,106455.75,2500.0,8082.23,82050.05,0.0,0.0,0.0,0.0,0.0,0.0,0.0,1531.93,0.0,0.0,22.0,3.5171,106455.75,2500.0,8082.229,24405.705,14823.477,1500.0,0.0,0.0,82050.05,4062.5024,0.0,4062.5024,0.0,4062.5024,106455.75,14823.477,0.0,0.0,14823.477,0.0,0.0,0.0,0.0,14823.477,0.0,0.0,0.0,0.0,0.0,0.0
88422,2025,1,5466.48,2551.27,9680.51,4840.26,63632.23,0.0,0.0,15750.0,0.0,2991.61,0.0,0.0,47882.23,5466.48,0.0,0.0,0.0,63632.23,0.0,5466.48,4840.26,63632.23,2500.0,4840.26,51825.49,0.0,0.0,0.0,0.0,0.0,0.0,0.0,917.43,0.0,0.0,12.0,4.0176,63632.23,2500.0,4840.2563,11806.741,5466.485,1500.0,0.0,0.0,51825.49,2551.2744,0.0,2551.2744,0.0,2551.2744,63632.23,5466.485,0.0,0.0,5466.485,0.0,0.0,0.0,0.0,5466.485,0.0,0.0,0.0,0.0,0.0,0.0
88423,2025,1,831964.0,105908.27,73236.25,43756.69,2.9956928e+06,0.0,0.0,31500.0,0.0,10000.0,216215.72,33269.26,2.747977e+06,631495.6,0.0,0.0,0.0,2.779477e+06,0.0,798694.72,43756.69,2998486.25,5000.0,43756.69,2119765.5,0.0,0.0,0.0,0.0,0.0,0.0,0.0,23521.36,0.0,0.0,80036.75,-3996.9688,2.9984862e+06,5000.0,43756.688,878720.7,831964.0,3000.0,0.0,0.0,2.1197655e+06,105908.27,0.0,105908.27,0.0,105908.27,2.9956928e+06,798694.75,0.0,33269.266,831964.0,0.0,0.0,0.0,0.0,831964.0,0.0,0.0,0.0,0.0,0.0,16240.568359375
88424,2025,1,103316.5,18434.72,46113.56,24164.48,501075.38,0.0,0.0,31500.0,0.0,24673.77,0.0,186.98,469575.38,102934.35,0.0,487.22,0.0,501075.38,0.0,103616.74,24164.48,501075.41,5000.0,24164.48,370294.44,0.0,0.0,0.0,0.0,0.0,0.0,0.0,9409.64,0.0,0.0,32.0078,3.2422,501075.4,5000.0,24164.48,130780.984,103316.5,3000.0,300.0,0.0,370294.44,18434.723,0.0,18434.723,0.0,18434.723,501075.38,103616.74,487.21518,186.97519,103316.5,0.0,0.0,0.0,0.0,103316.5,0.0,0.0,0.0,0.0,0.0,0.0
88425,2025,1,15.69,529.56,2433.75,1216.88,15906.86,0.0,0.0,15750.0,0.0,605.34,0.0,0.0,156.86,15.69,0.0,0.0,0.0,15906.86,0.0,15.69,1216.88,15906.86,3000.0,1216.88,11391.18,0.0,0.0,0.0,0.0,0.0,0.0,0.0,230.65,0.0,0.0,10.0,4.5,15906.862,3000.0,1216.875,4515.6865,15.686231,1500.0,0.0,0.0,11391.176,529.5588,0.0,529.5588,0.0,529.5588,15906.862,15.686231,0.0,0.0,15.686231,0.0,0.0,0.0,0.0,15.686231,0.0,0.0,0.0,0.0,0.0,0.0
88426,2025,1,253.03,654.21,2851.48,1425.74,18637.14,0.0,0.0,15750.0,0.0,741.86,0.0,0.0,2887.14,288.71,0.0,0.0,35.69,18637.14,0.0,288.71,1425.74,18637.14,3000.0,1425.74,13884.12,0.0,0.0,0.0,0.0,0.0,0.0,0.0,270.24,0.0,0.0,17.65,4.1175,18637.145,3000.0,1425.7415,4753.026,253.02597,1500.0,0.0,0.0,13884.119,654.20593,0.0,654.20593,0.0,654.20593,18637.145,288.71445,0.0,0.0,288.71445,35.688477,0.0,0.0,35.688477,253.02597,0.0,0.0,0.0,0.0,0.0,0.0
88427,2025,1,-9316.24,1534.62,6211.51,3105.76,40598.11,0.0,0.0,23625.0,0.0,1839.91,0.0,0.0,16973.11,1697.31,1697.31,0.0,4413.55,40598.11,0.0,1697.31,3105.76,40598.11,2500.0,3105.76,31492.36,0.0,0.0,0.0,0.0,0.0,0.0,0.0,588.67,4902.69,0.0,32.5225,4.6174,40598.113,2500.0,3105.7556,9105.756,0.0,3000.0,3000.0,0.0,31492.357,1534.6179,0.0,1534.6179,0.0,1534.6179,40598.113,1697.3113,1697.3113,0.0,0.0,4413.5474,0.0,4902.6885,9316.236,-9316.236,0.0,0.0,0.0,0.0,0.0,0.0
88428,2025,1,-1090.29,0.0,407.62,203.81,-112432.54,0.0,0.0,31500.0,0.0,0.0,0.0,0.0,0.0,0.0,0.0,0.0,1065.66,31500.0,0.0,0.0,203.81,-124188.02,8500.0,20073.89,0.0,0.0,0.0,0.0,0.0,0.0,0.0,0.0,38.63,24.62,0.0,-55.0,0.0,-124188.016,8500.0,20073.89,25073.89,0.0,3000.0,2000.0,0.0,0.0,0.0,0.0,0.0,0.0,0.0,-112432.54,0.0,0.0,0.0,0.0,1065.6622,0.0,24.62333,1090.2855,-1090.2855,0.0,0.0,0.0,0.0,0.0,0.0
88429,2025,1,4637.85,2256.74,8627.1,4313.55,56386.26,0.0,0.0,15750.0,0.0,2629.31,0.0,0.0,40636.26,4637.85,0.0,0.0,0.0,56386.26,0.0,4637.85,4313.55,56386.27,2500.0,4313.55,45934.86,0.0,0.0,0.0,0.0,0.0,0.0,0.0,817.6,0.0,0.0,12.0,4.0176,56386.266,2500.0,4313.5493,10451.401,4637.852,1500.0,0.0,0.0,45934.863,2256.7432,0.0,2256.7432,0.0,2256.7432,56386.266,4637.852,0.0,0.0,4637.852,0.0,0.0,0.0,0.0,4637.852,0.0,0.0,0.0,0.0,0.0,0.0
88430,2025,1,56237.54,12801.17,38432.42,19558.63,336719.6,0.0,0.0,31500.0,0.0,16455.98,0.0,403.82,305219.6,56512.06,2200.0,0.0,0.0,336719.6,0.0,58033.71,19558.63,336719.62,5000.0,19558.63,257623.47,0.0,0.0,0.0,0.0,0.0,0.0,0.0,5413.18,0.0,0.0,24.0,3.6328,336719.62,5000.0,19558.63,79096.164,56237.535,3000.0,300.0,0.0,257623.47,12801.174,0.0,12801.174,0.0,12801.174,336719.6,58033.71,2200.0,403.82388,56237.535,0.0,0.0,0.0,0.0,56237.535,0.0,0.0,0.0,0.0,0.0,0.0
88431,2025,1,1.0597773e+07,1.3915794e+06,142508.03,84789.74,3.8518304e+07,0.0,0.0,31500.0,0.0,10000.0,3.369469e+06,711128.9,3.5117336e+07,6.3209585e+06,0.0,0.0,0.0,3.5148836e+07,0.0,9886644.0,84789.74,38519352.0,5000.0,84789.74,27833188.0,0.0,0.0,0.0,0.0,0.0,0.0,0.0,67800.11,0.0,0.0,1.246742e+06,-62332.13,3.851935e+07,5000.0,84789.74,1.0686163e+07,1.0597773e+07,3000.0,600.0,0.0,2.7833188e+07,1.3915794e+06,0.0,1.3915794e+06,0.0,1.3915794e+06,3.8518304e+07,9.886644e+06,0.0,711128.9,1.0597773e+07,0.0,0.0,0.0,0.0,1.0597773e+07,0.0,0.0,0.0,0.0,0.0,3828.079345703125
88432,2025,1,2486.86,1536.61,5884.59,2942.3,38461.37,0.0,0.0,15750.0,0.0,1733.07,0.0,0.0,22711.37,2486.86,0.0,0.0,0.0,38461.37,0.0,2486.86,2942.3,38461.37,2500.0,2942.3,31532.21,0.0,0.0,0.0,0.0,0.0,0.0,0.0,557.69,0.0,0.0,12.0,4.0176,38461.37,2500.0,2942.295,6929.159,2486.8645,1500.0,0.0,0.0,31532.21,1536.6106,0.0,1536.6106,0.0,1536.6106,38461.37,2486.8645,0.0,0.0,2486.8645,0.0,0.0,0.0,0.0,2486.8645,0.0,0.0,0.0,0.0,0.0,0.0
88433,2025,1,0.0,144.16,0.0,0.0,17438.43,0.0,3255.24,17750.0,0.0,785.72,0.0,0.0,0.0,0.0,0.0,0.0,0.0,17750.0,0.0,0.0,0.0,8183.19,3000.0,0.0,3683.19,0.0,0.0,0.0,0.0,0.0,0.0,0.0,0.0,0.0,0.0,0.0,2.5,8183.19,3000.0,0.0,4500.0,0.0,1500.0,0.0,6000.0,3683.19,144.1595,0.0,144.1595,0.0,144.1595,17438.428,0.0,0.0,0.0,0.0,0.0,0.0,0.0,0.0,0.0,0.0,0.0,0.0,3255.2383,34654.574,10531.1669921875
88434,2025,1,7.3545135e+06,661652.3,698513.75,474675.1,2.10367e+07,0.0,12138.04,17750.0,0.0,10000.0,936276.94,58682.22,2.0082674e+07,7.1878575e+06,0.0,0.0,0.0,2.0100424e+07,0.0,7295831.55,474675.1,21064534.0,2500.0,474675.1,13233846.0,0.0,0.0,0.0,0.0,0.0,0.0,0.0,371812.47,0.0,0.0,346459.53,-17318.125,2.1064534e+07,2500.0,474675.06,7.8306885e+06,7.3545135e+06,1500.0,0.0,6000.0,1.3233846e+07,661652.3,0.0,661652.3,0.0,661652.3,2.10367e+07,7.2958315e+06,0.0,58682.223,7.3545135e+06,0.0,0.0,0.0,0.0,7.3545135e+06,0.0,0.0,0.0,12138.039,14280.046,114737.3515625
88435,2025,1,0.0,0.0,0.0,0.0,-3000.0,0.0,0.0,17750.0,0.0,0.0,0.0,0.0,0.0,0.0,0.0,0.0,0.0,17750.0,0.0,0.0,0.0,-18034.79,3000.0,2885.57,0.0,0.0,0.0,0.0,0.0,0.0,0.0,0.0,0.0,0.0,0.0,0.0,0.0,-18034.785,3000.0,2885.5657,4500.0,0.0,1500.0,0.0,0.0,0.0,0.0,0.0,0.0,0.0,0.0,-3000.0,0.0,0.0,0.0,0.0,0.0,0.0,0.0,0.0,0.0,0.0,0.0,0.0,0.0,0.0,0.0
88436,2025,1,16309.98,4302.27,17199.71,8599.85,113255.3,0.0,0.0,15750.0,0.0,5472.76,0.0,0.0,97505.3,16191.72,0.0,0.0,0.0,113255.3,0.0,16309.98,8599.85,113255.3,2500.0,8599.85,86845.47,0.0,0.0,0.0,0.0,0.0,0.0,0.0,1630.04,0.0,0.0,22.0,3.5176,113255.305,2500.0,8599.8545,26409.836,16309.98,1500.0,0.0,0.0,86845.47,4302.2734,0.0,4302.2734,0.0,4302.2734,113255.305,16309.98,0.0,0.0,16309.98,0.0,0.0,0.0,0.0,16309.98,0.0,0.0,0.0,0.0,0.0,0.0
88437,2025,1,23576.45,8670.28,16881.4,9907.08,209822.77,0.0,0.0,23625.0,0.0,10301.14,9048.97,373.27,177148.8,16235.64,3900.0,0.0,0.0,200773.8,0.0,27103.19,9907.08,211289.14,2500.0,9907.08,174205.61,0.0,0.0,0.0,0.0,0.0,0.0,0.0,1321.93,0.0,0.0,27.7988,3.2275,211289.14,2500.0,9907.076,37083.53,23576.453,3000.0,600.0,0.0,174205.61,8670.28,0.0,8670.28,0.0,8670.28,209822.77,27103.188,3900.0,373.2651,23576.453,0.0,0.0,0.0,0.0,23576.453,0.0,0.0,0.0,0.0,0.0,0.0
88438,2025,1,4163.71,4248.75,14645.35,7322.68,101361.43,0.0,0.0,33100.0,0.0,4737.07,52.01,0.0,62209.42,6363.71,2200.0,0.0,0.0,95309.42,0.0,6363.71,7322.68,101361.43,5000.0,7322.68,86575.05,0.0,0.0,0.0,0.0,0.0,0.0,0.0,1387.96,0.0,0.0,12.0,4.0176,101361.43,5000.0,7322.675,14786.384,4163.709,3000.0,300.0,0.0,86575.05,4248.7524,0.0,4248.7524,0.0,4248.7524,101361.43,6363.709,2200.0,0.0,4163.709,0.0,0.0,0.0,0.0,4163.709,0.0,0.0,0.0,0.0,0.0,0.0
88439,2025,1,-5389.95,0.0,1603.71,801.85,10305.37,0.0,0.0,31500.0,0.0,682.61,0.0,0.0,0.0,0.0,0.0,0.0,4192.69,31500.0,0.0,0.0,801.85,10305.37,8500.0,801.85,0.0,0.0,0.0,0.0,0.0,0.0,0.0,0.0,151.99,1197.26,0.0,-55.0,0.0,10305.366,8500.0,801.8527,13500.0,0.0,3000.0,2000.0,0.0,0.0,0.0,0.0,0.0,0.0,0.0,10305.366,0.0,0.0,0.0,0.0,4192.6943,0.0,1197.2604,5389.9546,-5389.9546,0.0,0.0,0.0,0.0,0.0,0.0
88440,2025,1,-2772.09,0.0,5544.18,2772.09,-576754.56,0.0,0.0,31500.0,0.0,0.0,0.0,0.0,0.0,0.0,0.0,0.0,0.0,31500.0,0.0,0.0,2772.09,-17074144.0,8500.0,2.734635e+06,0.0,0.0,0.0,0.0,0.0,0.0,0.0,0.0,525.43,2772.09,0.0,-7.6499,0.0,-1.7074144e+07,8500.0,2.734635e+06,2.740635e+06,0.0,3000.0,3000.0,0.0,0.0,0.0,0.0,0.0,0.0,0.0,-576754.56,0.0,0.0,0.0,0.0,0.0,0.0,2772.088,2772.088,-2772.088,0.0,0.0,0.0,0.0,0.0,0.0
88441,2025,1,-5618.47,0.0,1744.54,872.27,5966.64,0.0,0.0,31500.0,0.0,682.61,0.0,0.0,0.0,0.0,0.0,0.0,4358.89,31500.0,0.0,0.0,872.27,2031.47,8500.0,872.27,0.0,0.0,0.0,0.0,0.0,0.0,0.0,0.0,165.33,1259.58,0.0,-55.0,0.0,2031.4744,8500.0,872.2705,13500.0,0.0,3000.0,2000.0,0.0,0.0,0.0,0.0,0.0,0.0,0.0,5966.6357,0.0,0.0,0.0,0.0,4358.8853,0.0,1259.582,5618.4673,-5618.4673,0.0,0.0,0.0,0.0,0.0,0.0
88442,2025,1,9.079855e+06,864561.6,40090.04,23541.58,2.6394906e+07,0.0,0.0,15750.0,0.0,10000.0,448396.47,898740.2,2.593076e+07,6.569012e+06,0.0,0.0,0.0,2.5946508e+07,0.0,8181114.38,23541.58,26396928.0,2500.0,23541.58,17292032.0,0.0,0.0,0.0,0.0,0.0,0.0,0.0,8579.8,0.0,0.0,165943.0,-8292.3125,2.6396928e+07,2500.0,23541.584,9.104897e+06,9.079855e+06,1500.0,0.0,0.0,1.7292032e+07,864561.6,0.0,864561.6,0.0,864561.6,2.6394906e+07,8.1811145e+06,0.0,898740.2,9.079855e+06,0.0,0.0,0.0,0.0,9.079855e+06,0.0,0.0,0.0,0.0,0.0,113573.6875
88443,2025,1,10171.84,4561.81,16869.82,8434.91,124272.75,0.0,0.0,31500.0,0.0,5833.64,3082.79,0.0,89689.96,10171.84,0.0,0.0,0.0,121189.96,0.0,10171.84,8434.91,114442.93,5000.0,8434.91,92836.17,0.0,0.0,0.0,0.0,0.0,0.0,0.0,1598.77,0.0,0.0,12.0,4.0181,114442.93,5000.0,8434.908,21606.754,10171.845,3000.0,0.0,0.0,92836.17,4561.8086,0.0,4561.8086,0.0,4561.8086,124272.75,10171.845,0.0,0.0,10171.845,0.0,0.0,0.0,0.0,10171.845,0.0,0.0,0.0,0.0,0.0,0.0
88444,2025,1,0.0,0.0,0.0,0.0,-162.72,0.0,0.0,17750.0,0.0,0.0,0.0,0.0,0.0,0.0,0.0,0.0,0.0,17750.0,0.0,0.0,0.0,-162.72,3000.0,26.04,0.0,0.0,0.0,0.0,0.0,0.0,0.0,0.0,0.0,0.0,0.0,0.0,0.0,-162.71986,3000.0,26.035177,4500.0,0.0,1500.0,0.0,0.0,0.0,0.0,0.0,0.0,0.0,0.0,-162.71986,0.0,0.0,0.0,0.0,0.0,0.0,0.0,0.0,0.0,0.0,0.0,0.0,0.0,1634.4569,0.0
88445,2025,1,81758.85,16930.2,42615.7,21813.97,446776.84,0.0,0.0,31500.0,0.0,21958.84,4154.33,2014.28,411122.47,72046.52,0.0,0.0,0.0,442622.47,0.0,79744.57,21813.97,446776.84,5000.0,21813.97,340204.03,0.0,0.0,0.0,0.0,0.0,0.0,0.0,6268.04,0.0,0.0,231.164,-6.7383,446776.84,5000.0,21813.967,106572.82,81758.85,3000.0,0.0,0.0,340204.03,16930.201,0.0,16930.201,0.0,16930.201,446776.84,79744.57,0.0,2014.2804,81758.85,0.0,0.0,0.0,0.0,81758.85,0.0,0.0,0.0,0.0,0.0,10527.9697265625
88446,2025,1,4.472887e+07,6.238471e+06,720726.94,513068.12,1.6996843e+08,0.0,25402.27,15750.0,0.0,10000.0,8.083933e+06,4.4022235e+06,1.6186875e+08,1.7359814e+07,0.0,0.0,0.0,1.618845e+08,0.0,40326650.0,513068.12,170013664.0,2500.0,513068.12,124770224.0,0.0,0.0,0.0,0.0,0.0,0.0,0.0,360893.59,0.0,0.0,2.991096e+06,-149550.0,1.7001366e+08,2500.0,513068.12,4.524344e+07,4.472887e+07,1500.0,0.0,0.0,1.2477022e+08,6.238471e+06,0.0,6.238471e+06,0.0,6.238471e+06,1.6996843e+08,4.032665e+07,0.0,4.4022235e+06,4.472887e+07,0.0,0.0,0.0,0.0,4.472887e+07,0.0,0.0,0.0,25402.271,29885.023,107057.1640625
88447,2025,1,9941.17,3269.23,12858.92,6429.46,84055.31,0.0,0.0,15750.0,0.0,4012.77,0.0,0.0,68305.31,9941.17,0.0,0.0,0.0,84055.31,0.0,9941.17,6429.46,84055.31,2500.0,6429.46,66184.69,0.0,0.0,0.0,0.0,0.0,0.0,0.0,1218.66,0.0,0.0,22.0,3.5171,84055.31,2500.0,6429.459,17870.629,9941.169,1500.0,0.0,0.0,66184.69,3269.2344,0.0,3269.2344,0.0,3269.2344,84055.31,9941.169,0.0,0.0,9941.169,0.0,0.0,0.0,0.0,9941.169,0.0,0.0,0.0,0.0,0.0,0.0
88448,2025,1,1874.33,1327.88,5103.61,2551.81,33356.93,0.0,0.0,15750.0,0.0,1477.85,0.0,0.0,17606.93,1874.33,0.0,0.0,0.0,33356.93,0.0,1874.33,2551.81,33356.93,2625.0,2551.81,27357.6,0.0,0.0,0.0,0.0,0.0,0.0,0.0,483.68,0.0,0.0,12.0,4.4,33356.93,2625.0,2551.8052,5999.3315,1874.3315,1500.0,0.0,0.0,27357.598,1327.8799,0.0,1327.8799,0.0,1327.8799,33356.93,1874.3315,0.0,0.0,1874.3315,0.0,0.0,0.0,0.0,1874.3315,0.0,0.0,0.0,0.0,0.0,0.0
88449,2025,1,100418.11,18154.84,42970.86,22539.89,491254.72,0.0,0.0,31500.0,0.0,24182.74,0.0,263.37,459754.72,99190.53,0.0,0.0,0.0,491254.72,0.0,100154.74,22539.89,491254.72,5000.0,22539.89,364696.72,0.0,0.0,0.0,0.0,0.0,0.0,0.0,9131.61,0.0,0.0,32.0,3.2578,491254.72,5000.0,22539.887,126558.0,100418.11,3000.0,600.0,0.0,364696.72,18154.836,0.0,18154.836,0.0,18154.836,491254.72,100154.74,0.0,263.36652,100418.11,0.0,0.0,0.0,0.0,100418.11,0.0,0.0,0.0,0.0,0.0,0.0
88450,2025,1,-284.24,0.0,568.48,284.24,3715.56,0.0,0.0,15750.0,0.0,476.39,0.0,0.0,0.0,0.0,0.0,0.0,284.24,15750.0,0.0,0.0,284.24,3715.56,3000.0,284.24,0.0,0.0,0.0,0.0,0.0,0.0,0.0,0.0,53.88,0.0,0.0,-7.65,0.0,3715.558,3000.0,284.24017,4500.0,0.0,1500.0,0.0,0.0,0.0,0.0,0.0,0.0,0.0,0.0,3715.558,0.0,0.0,0.0,0.0,284.2402,0.0,0.0,284.2402,-284.2402,0.0,0.0,0.0,0.0,0.0,0.0
88451,2025,1,-649.0,0.0,1374.41,687.21,8867.94,0.0,0.0,31500.0,0.0,569.06,0.0,0.0,0.0,0.0,0.0,0.0,649.0,31500.0,0.0,0.0,687.21,8867.94,8500.0,687.21,0.0,0.0,0.0,0.0,0.0,0.0,0.0,0.0,130.25,0.0,0.0,0.0,0.0,8867.936,8500.0,687.20624,11500.0,0.0,3000.0,0.0,0.0,0.0,0.0,0.0,0.0,0.0,0.0,8867.936,0.0,0.0,0.0,0.0,649.0,0.0,0.0,649.0,-649.0,0.0,0.0,0.0,0.0,0.0,0.0
88452,2025,1,0.0,0.0,0.0,0.0,0.0,0.0,0.0,17750.0,0.0,0.0,0.0,0.0,0.0,0.0,0.0,0.0,0.0,17750.0,0.0,0.0,0.0,0.0,3000.0,0.0,0.0,0.0,0.0,0.0,0.0,0.0,0.0,0.0,0.0,0.0,0.0,0.0,0.0,0.0,3000.0,0.0,4500.0,0.0,1500.0,0.0,0.0,0.0,0.0,0.0,0.0,0.0,0.0,0.0,0.0,0.0,0.0,0.0,0.0,0.0,0.0,0.0,0.0,0.0,0.0,0.0,0.0,9806.741,0.0
88453,2025,1,0.0,0.0,0.0,0.0,-5.52,0.0,0.0,34700.0,0.0,0.0,0.0,0.0,0.0,0.0,0.0,0.0,0.0,34700.0,0.0,0.0,0.0,-5.52,8500.0,0.88,0.0,0.0,0.0,0.0,0.0,0.0,0.0,0.0,0.0,0.0,0.0,0.0,0.0,-5.524584,8500.0,0.8839334,11500.0,0.0,3000.0,0.0,0.0,0.0,0.0,0.0,0.0,0.0,0.0,-5.524584,0.0,0.0,0.0,0.0,0.0,0.0,0.0,0.0,0.0,0.0,0.0,0.0,0.0,31553.191,0.0
88454,2025,1,0.0,0.0,0.0,0.0,0.0,0.0,0.0,15750.0,0.0,0.0,0.0,0.0,0.0,0.0,0.0,0.0,0.0,15750.0,0.0,0.0,0.0,0.0,3000.0,0.0,0.0,0.0,0.0,0.0,0.0,0.0,0.0,0.0,0.0,0.0,0.0,-3.825,0.0,0.0,3000.0,0.0,4500.0,0.0,1500.0,0.0,0.0,0.0,0.0,0.0,0.0,0.0,0.0,0.0,0.0,0.0,0.0,0.0,0.0,0.0,0.0,0.0,0.0,0.0,0.0,0.0,0.0,0.0,0.0
88455,2025,1,-489.43,218.79,3031.83,1515.92,19021.4,0.0,1551.71,33100.0,0.0,998.46,0.0,0.0,0.0,0.0,0.0,0.0,489.43,33100.0,0.0,0.0,1515.92,17469.68,8500.0,1515.92,5969.68,0.0,0.0,0.0,0.0,0.0,0.0,0.0,287.33,0.0,0.0,7.65,4.6968,17469.684,8500.0,1515.9159,11500.0,0.0,3000.0,0.0,0.0,5969.6836,218.78734,0.0,218.78734,0.0,218.78734,19021.396,0.0,0.0,0.0,0.0,489.42908,0.0,0.0,489.42908,-489.42908,0.0,0.0,0.0,1551.7148,35267.496,0.0
88456,2025,1,0.0,0.0,0.0,0.0,-308000.0,0.0,0.0,17750.0,0.0,0.0,0.0,0.0,0.0,0.0,0.0,0.0,0.0,17750.0,0.0,0.0,0.0,-30862180.0,3000.0,4.9379485e+06,0.0,0.0,0.0,0.0,0.0,0.0,0.0,0.0,0.0,0.0,0.0,0.0,0.0,-3.086218e+07,3000.0,4.9379485e+06,4.9394485e+06,0.0,1500.0,0.0,0.0,0.0,0.0,0.0,0.0,0.0,0.0,-308000.0,0.0,0.0,0.0,0.0,0.0,0.0,0.0,0.0,0.0,0.0,0.0,0.0,0.0,10602.518,0.0
88457,2025,1,0.0,0.0,0.0,0.0,-613000.0,0.0,0.0,34700.0,0.0,0.0,0.0,0.0,0.0,0.0,0.0,0.0,0.0,34700.0,0.0,0.0,0.0,-30189728.0,8500.0,4.8303565e+06,0.0,0.0,0.0,0.0,0.0,0.0,0.0,0.0,0.0,0.0,0.0,0.0,0.0,-3.0189728e+07,8500.0,4.8303565e+06,4.8333565e+06,0.0,3000.0,0.0,0.0,0.0,0.0,0.0,0.0,0.0,0.0,-613000.0,0.0,0.0,0.0,0.0,0.0,0.0,0.0,0.0,0.0,0.0,0.0,0.0,0.0,49156.293,0.0
88458,2025,1,99175.0,22024.42,15095.47,7547.73,593215.44,0.0,29404.29,34700.0,0.0,12035.37,22102.51,12273.87,536412.94,41014.49,0.0,0.0,0.0,571112.94,0.0,86901.12,7547.73,551811.12,5000.0,7547.73,442088.38,0.0,0.0,0.0,0.0,0.0,0.0,0.0,1430.62,0.0,0.0,5328.5938,-261.8106,551811.1,5000.0,7547.734,109722.734,99175.0,3000.0,0.0,12000.0,442088.38,22024.418,0.0,22024.418,0.0,22024.418,593215.44,86901.125,0.0,12273.873,99175.0,0.0,0.0,0.0,0.0,99175.0,0.0,0.0,0.0,29404.29,34593.28,31638.734375
88459,2025,1,3412.79,1846.6,7065.14,3532.57,46177.38,0.0,0.0,15750.0,0.0,2118.87,0.0,0.0,30427.38,3412.79,0.0,0.0,0.0,46177.38,0.0,3412.79,3532.57,46177.38,2500.0,3532.57,37732.03,0.0,0.0,0.0,0.0,0.0,0.0,0.0,669.57,0.0,0.0,12.0,4.0175,46177.383,2500.0,3532.5698,8445.355,3412.786,1500.0,0.0,0.0,37732.027,1846.6013,0.0,1846.6013,0.0,1846.6013,46177.383,3412.786,0.0,0.0,3412.786,0.0,0.0,0.0,0.0,3412.786,0.0,0.0,0.0,0.0,0.0,0.0
88460,2025,1,0.0,0.0,0.0,0.0,0.0,0.0,0.0,23625.0,0.0,0.0,0.0,0.0,0.0,0.0,0.0,0.0,0.0,23625.0,0.0,0.0,0.0,0.0,5200.0,0.0,0.0,0.0,0.0,0.0,0.0,0.0,0.0,0.0,0.0,0.0,0.0,-20.0,0.0,0.0,5200.0,0.0,10200.0,0.0,3000.0,2000.0,0.0,0.0,0.0,0.0,0.0,0.0,0.0,0.0,0.0,0.0,0.0,0.0,0.0,0.0,0.0,0.0,0.0,0.0,0.0,0.0,0.0,0.0,0.0
88461,2025,1,306973.66,51345.11,5782.13,4274.66,1.3592888e+06,0.0,14221.97,17750.0,0.0,10000.0,41264.69,41639.06,1.300274e+06,55245.88,0.0,0.0,0.0,1.318024e+06,13352.14,251982.46,4274.66,1340450.5,2500.0,4274.66,1027702.19,0.0,0.0,0.0,0.0,0.0,0.0,0.0,285.73,0.0,0.0,13650.374,-677.9024,1.3404505e+06,2500.0,4274.661,312748.3,306973.66,1500.0,0.0,6000.0,1.0277022e+06,51345.11,0.0,51345.11,0.0,51345.11,1.3592888e+06,265334.6,0.0,41639.055,306973.66,0.0,0.0,0.0,0.0,306973.66,0.0,0.0,0.0,14221.972,16731.73,23273.296875
88462,2025,1,-3400.0,0.0,18897.85,9448.92,-485835.8,0.0,0.0,31500.0,0.0,0.0,0.0,0.0,0.0,0.0,0.0,0.0,0.0,31500.0,0.0,0.0,9448.92,-45083672.0,8500.0,7.2228365e+06,0.0,0.0,0.0,0.0,0.0,0.0,0.0,0.0,1790.97,3400.0,0.0,0.0,0.0,-4.508367e+07,8500.0,7.2228365e+06,7.2288365e+06,0.0,3000.0,3000.0,0.0,0.0,0.0,0.0,0.0,0.0,0.0,-485835.8,0.0,0.0,0.0,0.0,0.0,0.0,3400.0,3400.0,-3400.0,0.0,0.0,0.0,0.0,0.0,0.0
88463,2025,1,4.3174296e+07,5.2023695e+06,481323.72,318094.0,1.4752139e+08,0.0,0.0,31500.0,0.0,10000.0,1.5024168e+07,2.3492845e+06,1.3246573e+08,3.1282228e+07,0.0,0.0,0.0,1.3249723e+08,0.0,40825013.0,318094.0,147545280.0,5000.0,318094.0,104048992.0,0.0,0.0,0.0,0.0,0.0,0.0,0.0,259319.76,0.0,0.0,5.5589835e+06,-277944.5,1.4754528e+08,5000.0,318094.0,4.3496292e+07,4.3174296e+07,3000.0,900.0,0.0,1.0404899e+08,5.2023695e+06,0.0,5.2023695e+06,0.0,5.2023695e+06,1.4752139e+08,4.0825012e+07,0.0,2.3492845e+06,4.3174296e+07,0.0,0.0,0.0,0.0,4.3174296e+07,0.0,0.0,0.0,0.0,0.0,77740.3046875
88464,2025,1,0.0,0.0,22385.42,11192.71,-465342.8,0.0,0.0,31500.0,0.0,0.0,0.0,0.0,0.0,0.0,0.0,0.0,0.0,31500.0,0.0,0.0,11192.71,-4354493.5,8500.0,707911.6,0.0,0.0,0.0,0.0,0.0,0.0,0.0,0.0,2121.49,0.0,0.0,0.0,0.0,-4.3544935e+06,8500.0,707911.6,712911.6,0.0,3000.0,2000.0,0.0,0.0,0.0,0.0,0.0,0.0,0.0,-465342.78,0.0,0.0,0.0,0.0,0.0,0.0,0.0,0.0,0.0,0.0,0.0,0.0,0.0,0.0,0.0
88465,2025,1,17244.29,4501.26,8850.45,5426.85,129018.1,0.0,9023.43,17750.0,0.0,6260.9,2635.23,0.0,105873.95,15182.9,0.0,0.0,0.0,123623.95,0.0,17244.29,5426.85,114996.3,2500.0,5426.85,90825.16,0.0,0.0,0.0,0.0,0.0,0.0,0.0,648.92,0.0,0.0,23.3203,3.4517,114996.3,2500.0,5426.852,24171.14,17244.29,1500.0,0.0,6000.0,90825.16,4501.258,0.0,4501.258,0.0,4501.258,129018.1,17244.29,0.0,0.0,17244.29,0.0,0.0,0.0,0.0,17244.29,0.0,0.0,0.0,9023.429,10615.798,45150.1953125
88466,2025,1,2287.43,1469.84,5630.32,2815.16,36799.46,0.0,0.0,15750.0,0.0,1649.97,0.0,0.0,21049.46,2287.43,0.0,0.0,0.0,36799.46,0.0,2287.43,2815.16,36799.46,2500.0,2815.16,30196.86,0.0,0.0,0.0,0.0,0.0,0.0,0.0,533.59,0.0,0.0,12.0,4.0176,36799.457,2500.0,2815.1584,6602.5933,2287.4348,1500.0,0.0,0.0,30196.863,1469.8431,0.0,1469.8431,0.0,1469.8431,36799.457,2287.4348,0.0,0.0,2287.4348,0.0,0.0,0.0,0.0,2287.4348,0.0,0.0,0.0,0.0,0.0,0.0
88467,2025,1,2.8397204e+07,4.3692775e+06,196325.16,182580.64,1.159032e+08,0.0,0.0,15750.0,0.0,10000.0,2.86072e+06,3.852728e+06,1.1302672e+08,4.271025e+06,0.0,0.0,0.0,1.1304248e+08,0.0,24544477.0,182580.64,115967640.0,2500.0,182580.64,87386352.0,0.0,0.0,0.0,0.0,0.0,0.0,0.0,42778.92,0.0,0.0,1.058504e+06,-52920.5,1.1596764e+08,2500.0,182580.64,2.8581284e+07,2.8397204e+07,1500.0,0.0,0.0,8.738635e+07,4.3692775e+06,0.0,4.3692775e+06,0.0,4.3692775e+06,1.159032e+08,2.4544476e+07,0.0,3.852728e+06,2.8397204e+07,0.0,0.0,0.0,0.0,2.8397204e+07,0.0,0.0,0.0,0.0,0.0,17105.873046875
88468,2025,1,3042.42,1722.61,6592.92,3296.46,43090.98,0.0,0.0,15750.0,0.0,1964.55,0.0,0.0,27340.98,3042.42,0.0,0.0,0.0,43090.98,0.0,3042.42,3296.46,43090.98,2500.0,3296.46,35252.1,0.0,0.0,0.0,0.0,0.0,0.0,0.0,624.82,0.0,0.0,12.0,4.0173,43090.977,2500.0,3296.4597,7838.877,3042.4172,1500.0,0.0,0.0,35252.1,1722.6051,0.0,1722.6051,0.0,1722.6051,43090.977,3042.4172,0.0,0.0,3042.4172,0.0,0.0,0.0,0.0,3042.4172,0.0,0.0,0.0,0.0,0.0,0.0
88469,2025,1,3398.54,1841.83,7046.98,3523.49,46058.68,0.0,0.0,15750.0,0.0,2112.93,0.0,0.0,30308.68,3398.54,0.0,0.0,0.0,46058.68,0.0,3398.54,3523.49,46058.68,2500.0,3523.49,37636.65,0.0,0.0,0.0,0.0,0.0,0.0,0.0,667.85,0.0,0.0,12.0,4.0175,46058.676,2500.0,3523.4888,8422.029,3398.541,1500.0,0.0,0.0,37636.65,1841.8324,0.0,1841.8324,0.0,1841.8324,46058.676,3398.541,0.0,0.0,3398.541,0.0,0.0,0.0,0.0,3398.541,0.0,0.0,0.0,0.0,0.0,0.0
88470,2025,1,-2373.68,0.0,764.63,382.32,4997.6,0.0,0.0,23625.0,0.0,633.01,0.0,0.0,0.0,0.0,0.0,0.0,1999.04,23625.0,0.0,0.0,382.32,4997.6,5200.0,382.32,0.0,0.0,0.0,0.0,0.0,0.0,0.0,0.0,72.47,374.64,0.0,-55.0,0.0,4997.604,5200.0,382.3167,10200.0,0.0,3000.0,2000.0,0.0,0.0,0.0,0.0,0.0,0.0,0.0,4997.604,0.0,0.0,0.0,0.0,1999.0416,0.0,374.64062,2373.6821,-2373.6821,0.0,0.0,0.0,0.0,0.0,0.0
88471,2025,1,0.0,0.0,0.0,0.0,-13.56,0.0,0.0,17750.0,0.0,0.0,0.0,0.0,0.0,0.0,0.0,0.0,0.0,17750.0,0.0,0.0,0.0,-13.56,3000.0,2.17,0.0,0.0,0.0,0.0,0.0,0.0,0.0,0.0,0.0,0.0,0.0,0.0,0.0,-13.559989,3000.0,2.169598,4500.0,0.0,1500.0,0.0,0.0,0.0,0.0,0.0,0.0,0.0,0.0,-13.559989,0.0,0.0,0.0,0.0,0.0,0.0,0.0,0.0,0.0,0.0,0.0,0.0,0.0,2696.854,0.0
88472,2025,1,0.0,0.0,0.0,0.0,-308000.0,0.0,0.0,15750.0,0.0,0.0,0.0,0.0,0.0,0.0,0.0,0.0,0.0,15750.0,0.0,0.0,0.0,-4040133.5,3000.0,646421.4,0.0,0.0,0.0,0.0,0.0,0.0,0.0,0.0,0.0,0.0,0.0,0.0,0.0,-4.0401335e+06,3000.0,646421.4,647921.4,0.0,1500.0,0.0,0.0,0.0,0.0,0.0,0.0,0.0,0.0,-308000.0,0.0,0.0,0.0,0.0,0.0,0.0,0.0,0.0,0.0,0.0,0.0,0.0,0.0,0.0,0.0
88473,2025,1,924953.2,151001.8,23072.12,15970.66,3.9588252e+06,0.0,0.0,15750.0,0.0,10000.0,46094.04,138149.95,3.896981e+06,62318.34,0.0,0.0,0.0,3.9127312e+06,11517.75,775285.52,15970.66,3963259.75,2500.0,15970.66,3020836.0,0.0,0.0,0.0,0.0,0.0,0.0,0.0,1346.03,0.0,0.0,15244.0625,-757.5781,3.9632598e+06,2500.0,15970.66,942423.9,924953.2,1500.0,0.0,0.0,3.020836e+06,151001.8,0.0,151001.8,0.0,151001.8,3.9588252e+06,786803.25,0.0,138149.95,924953.2,0.0,0.0,0.0,0.0,924953.2,0.0,0.0,0.0,0.0,0.0,0.0
88474,2025,1,191300.66,27262.14,48061.71,26123.71,767567.1,0.0,0.0,31500.0,0.0,10000.0,283.5,1940.67,735783.6,179681.6,0.0,0.0,0.0,767283.6,0.0,189359.99,26123.71,767567.12,5000.0,26123.71,546842.75,0.0,0.0,0.0,0.0,0.0,0.0,0.0,14554.37,0.0,0.0,134.2344,-1.8301,767567.1,5000.0,26123.713,220724.38,191300.66,3000.0,300.0,0.0,546842.75,27262.137,0.0,27262.137,0.0,27262.137,767567.1,189359.98,0.0,1940.6659,191300.66,0.0,0.0,0.0,0.0,191300.66,0.0,0.0,0.0,0.0,0.0,0.0
88475,2025,1,2.2597376e+07,3.160672e+06,145973.5,129946.59,8.590013e+07,0.0,0.0,15750.0,0.0,10000.0,6.5879825e+06,1.995301e+06,7.929638e+07,1.0373124e+07,0.0,0.0,0.0,7.9312136e+07,0.0,20602074.0,129946.59,85943064.0,2500.0,129946.59,63214240.0,0.0,0.0,0.0,0.0,0.0,0.0,0.0,33135.92,0.0,0.0,2.437592e+06,-121874.49,8.5943064e+07,2500.0,129946.59,2.2728822e+07,2.2597376e+07,1500.0,0.0,0.0,6.321424e+07,3.160672e+06,0.0,3.160672e+06,0.0,3.160672e+06,8.590012e+07,2.0602074e+07,0.0,1.995301e+06,2.2597376e+07,0.0,0.0,0.0,0.0,2.2597376e+07,0.0,0.0,0.0,0.0,0.0,99958.8125
88476,2025,1,0.0,0.0,0.0,0.0,9958.05,0.0,0.0,17750.0,0.0,639.54,0.0,0.0,0.0,0.0,0.0,0.0,0.0,17750.0,0.0,0.0,0.0,3958.05,3000.0,0.0,0.0,0.0,0.0,0.0,0.0,0.0,0.0,0.0,0.0,0.0,0.0,0.0,0.0,3958.0537,3000.0,0.0,4500.0,0.0,1500.0,0.0,6000.0,0.0,0.0,0.0,0.0,0.0,0.0,9958.054,0.0,0.0,0.0,0.0,0.0,0.0,0.0,0.0,0.0,0.0,0.0,0.0,0.0,16904.371,9018.40234375
88477,2025,1,1915.3,2568.37,9531.65,5372.48,62348.59,0.0,0.0,23625.0,0.0,2927.43,1596.07,0.0,37127.52,4115.3,2200.0,0.0,0.0,60752.52,0.0,4115.3,5372.48,62955.24,2500.0,5372.48,52167.46,0.0,0.0,0.0,0.0,0.0,0.0,0.0,788.34,0.0,0.0,12.0,4.0173,62955.242,2500.0,5372.4756,10787.777,1915.3018,3000.0,500.0,0.0,52167.465,2568.3733,0.0,2568.3733,0.0,2568.3733,62348.59,4115.302,2200.0,0.0,1915.3018,0.0,0.0,0.0,0.0,1915.3018,0.0,0.0,0.0,0.0,0.0,0.0
88478,2025,1,315.15,512.42,526.71,263.35,26901.55,0.0,5037.91,17750.0,0.0,1155.08,0.0,0.0,3151.55,315.15,0.0,0.0,0.0,20901.55,0.0,315.15,263.35,15863.64,3000.0,263.35,11048.48,0.0,0.0,0.0,0.0,0.0,0.0,0.0,49.92,0.0,0.0,18.5,4.075,15863.639,3000.0,263.35355,4815.155,315.1547,1500.0,0.0,6000.0,11048.484,512.4242,0.0,512.4242,0.0,512.4242,26901.547,315.1547,0.0,0.0,315.1547,0.0,0.0,0.0,0.0,315.1547,0.0,0.0,0.0,5037.907,25538.389,18269.5390625
88479,2025,1,276594.84,35856.43,74613.8,40112.42,1.0387358e+06,0.0,0.0,31500.0,0.0,10000.0,3026.45,5705.94,1.00420944e+06,241793.55,0.0,0.0,0.0,1.03570944e+06,0.0,270888.92,40112.42,1038735.88,5000.0,40112.42,718728.62,0.0,0.0,0.0,0.0,0.0,0.0,0.0,18276.02,0.0,0.0,1156.7812,-52.9531,1.0387359e+06,5000.0,40112.414,320007.25,276594.84,3000.0,300.0,0.0,718728.6,35856.43,0.0,35856.43,0.0,35856.43,1.0387359e+06,270888.9,0.0,5705.9355,276594.84,0.0,0.0,0.0,0.0,276594.84,0.0,0.0,0.0,0.0,0.0,0.0
88480,2025,1,3734.27,2717.33,10144.31,5072.15,67753.02,0.0,0.0,31500.0,0.0,3007.65,0.0,0.0,36253.02,3734.27,0.0,0.0,0.0,67753.02,0.0,3734.27,5072.15,67753.02,5000.0,5072.15,55946.6,0.0,0.0,0.0,0.0,0.0,0.0,0.0,961.39,0.0,0.0,12.0,4.0176,67753.02,5000.0,5072.153,11806.42,3734.2673,3000.0,0.0,0.0,55946.6,2717.33,0.0,2717.33,0.0,2717.33,67753.02,3734.2673,0.0,0.0,3734.2673,0.0,0.0,0.0,0.0,3734.2673,0.0,0.0,0.0,0.0,0.0,0.0
88481,2025,1,103981.73,23033.47,37335.7,18840.16,587984.06,0.0,0.0,31500.0,0.0,13604.78,30499.48,6001.42,525984.56,74730.36,0.0,0.0,0.0,557484.56,0.0,97980.32,18840.16,588091.31,5000.0,18840.16,462269.41,0.0,0.0,0.0,0.0,0.0,0.0,0.0,3857.48,0.0,0.0,7902.6094,-390.3223,588091.3,5000.0,18840.162,125821.9,103981.734,3000.0,0.0,0.0,462269.4,23033.47,0.0,23033.47,0.0,23033.47,587984.06,97980.31,0.0,6001.422,103981.734,0.0,0.0,0.0,0.0,103981.734,0.0,0.0,0.0,0.0,0.0,20494.453125
88482,2025,1,5.387509e+06,777040.2,75335.75,47586.74,2.0973946e+07,0.0,0.0,31500.0,0.0,10000.0,804077.8,607789.7,2.0138368e+07,1.7261441e+06,0.0,0.0,0.0,2.0169868e+07,0.0,4779719.62,47586.74,20980500.0,5000.0,47586.74,15542404.0,0.0,0.0,0.0,0.0,0.0,0.0,0.0,14645.91,0.0,0.0,297545.5,-14872.437,2.09805e+07,5000.0,47586.734,5.4380955e+06,5.387509e+06,3000.0,0.0,0.0,1.5542404e+07,777040.2,0.0,777040.2,0.0,777040.2,2.0973946e+07,4.7797195e+06,0.0,607789.7,5.387509e+06,0.0,0.0,0.0,0.0,5.387509e+06,0.0,0.0,0.0,0.0,0.0,413210.5625
88483,2025,1,196546.08,34609.45,1725.42,862.71,924542.25,0.0,25007.19,17750.0,0.0,10000.0,9426.9,27532.6,897365.4,27307.24,0.0,0.0,0.0,915115.4,10440.81,158572.66,862.71,893535.06,2500.0,862.71,692989.0,0.0,0.0,0.0,0.0,0.0,0.0,0.0,163.52,0.0,0.0,3576.3591,-173.8164,893535.06,2500.0,862.70984,200546.08,196546.08,1500.0,0.0,6000.0,692989.0,34609.45,0.0,34609.45,0.0,34609.45,924542.25,169013.47,0.0,27532.605,196546.08,0.0,0.0,0.0,0.0,196546.08,0.0,0.0,0.0,25007.191,29420.225,53528.58203125
88484,2025,1,0.0,0.0,0.0,0.0,121.72,0.0,0.0,17750.0,0.0,121.72,0.0,0.0,0.0,0.0,0.0,0.0,0.0,17750.0,0.0,0.0,0.0,121.72,3000.0,0.0,0.0,0.0,0.0,0.0,0.0,0.0,0.0,0.0,0.0,0.0,0.0,0.0,0.0,121.71994,3000.0,0.0,4500.0,0.0,1500.0,0.0,0.0,0.0,0.0,0.0,0.0,0.0,0.0,121.71994,0.0,0.0,0.0,0.0,0.0,0.0,0.0,0.0,0.0,0.0,0.0,0.0,0.0,14710.112,0.0
88485,2025,1,-284.24,0.0,568.48,284.24,3715.56,0.0,0.0,15750.0,0.0,476.39,0.0,0.0,0.0,0.0,0.0,0.0,284.24,15750.0,0.0,0.0,284.24,3715.56,3000.0,284.24,0.0,0.0,0.0,0.0,0.0,0.0,0.0,0.0,53.88,0.0,0.0,-7.65,0.0,3715.558,3000.0,284.24017,4500.0,0.0,1500.0,0.0,0.0,0.0,0.0,0.0,0.0,0.0,0.0,3715.558,0.0,0.0,0.0,0.0,284.2402,0.0,0.0,284.2402,-284.2402,0.0,0.0,0.0,0.0,0.0,0.0
88486,2025,1,83242.88,19756.27,29397.89,15205.92,498267.3,0.0,0.0,31500.0,0.0,24533.37,61659.36,169.27,405107.9,82467.5,0.0,0.0,0.0,436607.9,0.0,83073.61,15205.92,498774.28,5000.0,15205.92,396725.47,0.0,0.0,0.0,0.0,0.0,0.0,0.0,2689.98,0.0,0.0,14291.077,-709.9356,498774.28,5000.0,15205.924,102048.805,83242.88,3000.0,600.0,0.0,396725.47,19756.273,0.0,19756.273,0.0,19756.273,498267.3,83073.61,0.0,169.27444,83242.88,0.0,0.0,0.0,0.0,83242.88,0.0,0.0,0.0,0.0,0.0,0.0
88487,2025,1,0.0,0.0,0.0,0.0,50.52,0.0,0.0,17750.0,0.0,50.52,0.0,0.0,0.0,0.0,0.0,0.0,0.0,17750.0,0.0,0.0,0.0,50.52,3000.0,0.0,0.0,0.0,0.0,0.0,0.0,0.0,0.0,0.0,0.0,0.0,0.0,0.0,0.0,50.52307,3000.0,0.0,4500.0,0.0,1500.0,0.0,0.0,0.0,0.0,0.0,0.0,0.0,0.0,50.52307,0.0,0.0,0.0,0.0,0.0,0.0,0.0,0.0,0.0,0.0,0.0,0.0,0.0,0.0,0.0
88488,2025,1,-3966.37,1426.33,5521.34,2760.67,36087.21,0.0,0.0,23625.0,0.0,1614.36,0.0,0.0,12462.21,1246.22,526.22,720.0,2292.59,36087.21,0.0,1246.22,2760.67,36087.21,2500.0,2760.67,29326.54,0.0,0.0,0.0,0.0,0.0,0.0,0.0,523.26,1673.78,0.0,25.98,4.6177,36087.21,2500.0,2760.6714,6760.6714,0.0,3000.0,1000.0,0.0,29326.54,1426.3269,0.0,1426.3269,0.0,1426.3269,36087.21,1246.2211,1246.2211,0.0,0.0,2292.5938,0.0,1673.7789,3966.3726,-3966.3726,0.0,0.0,0.0,0.0,0.0,0.0
88489,2025,1,160943.8,30839.68,20451.85,10302.31,835134.75,0.0,30571.29,34700.0,0.0,10000.0,77519.34,9342.87,722915.4,110162.42,0.0,0.0,0.0,757615.4,0.0,151600.93,10302.31,792639.81,5000.0,10302.31,618393.69,0.0,0.0,0.0,0.0,0.0,0.0,0.0,1923.77,0.0,0.0,30644.652,-1527.6154,792639.8,5000.0,10302.31,174246.11,160943.8,3000.0,0.0,12000.0,618393.7,30839.684,0.0,30839.684,0.0,30839.684,835134.7,151600.92,0.0,9342.872,160943.8,0.0,0.0,0.0,0.0,160943.8,0.0,0.0,0.0,30571.293,35966.227,38427.8984375
88490,2025,1,-7512.31,1637.59,6870.23,3435.12,44351.72,0.0,0.0,31500.0,0.0,1837.59,0.0,0.0,12851.72,1285.17,85.17,1200.0,4112.31,44351.72,0.0,1285.17,3435.12,44351.72,5000.0,3435.12,34351.72,0.0,0.0,0.0,0.0,0.0,0.0,0.0,651.1,3400.0,0.0,21.061,5.0002,44351.72,5000.0,3435.1167,10000.0,0.0,3000.0,2000.0,0.0,34351.72,1637.5859,0.0,1637.5859,0.0,1637.5859,44351.723,1285.1722,1285.1722,0.0,0.0,4112.308,0.0,3400.0,7512.308,-7512.308,0.0,0.0,0.0,0.0,0.0,0.0
88491,2025,1,0.0,0.0,12770.63,6385.31,-527933.25,0.0,0.0,31500.0,0.0,0.0,0.0,0.0,0.0,0.0,0.0,0.0,0.0,31500.0,0.0,0.0,6385.31,-17174760.0,8500.0,2.754347e+06,0.0,0.0,0.0,0.0,0.0,0.0,0.0,0.0,1210.29,0.0,0.0,0.0,0.0,-1.717476e+07,8500.0,2.754347e+06,2.757347e+06,0.0,3000.0,0.0,0.0,0.0,0.0,0.0,0.0,0.0,0.0,-527933.25,0.0,0.0,0.0,0.0,0.0,0.0,0.0,0.0,0.0,0.0,0.0,0.0,0.0,0.0,0.0
88492,2025,1,56090.78,13906.63,31045.42,15522.71,354346.1,0.0,0.0,31500.0,0.0,17337.3,19901.8,1864.59,302944.25,47268.8,0.0,0.0,0.0,334444.25,0.0,54226.19,15522.71,354346.03,5000.0,15522.71,279732.53,0.0,0.0,0.0,0.0,0.0,0.0,0.0,2942.21,0.0,0.0,23.9844,3.418,354346.03,5000.0,15522.712,74613.49,56090.777,3000.0,0.0,0.0,279732.53,13906.627,0.0,13906.627,0.0,13906.627,354346.06,54226.19,0.0,1864.5854,56090.777,0.0,0.0,0.0,0.0,56090.777,0.0,0.0,0.0,0.0,0.0,2857.726806640625
88493,2025,1,319819.22,48994.87,42230.58,23102.22,1.3262898e+06,0.0,0.0,31500.0,0.0,10000.0,133002.67,10188.72,1.1617871e+06,257520.8,0.0,0.0,0.0,1.1932871e+06,0.0,309630.5,23102.22,1327418.88,5000.0,23102.22,981497.44,0.0,0.0,0.0,0.0,0.0,0.0,0.0,6975.61,0.0,0.0,49247.94,-2457.5508,1.3274189e+06,5000.0,23102.223,345921.44,319819.22,3000.0,0.0,0.0,981497.44,48994.87,0.0,48994.87,0.0,48994.87,1.3262898e+06,309630.5,0.0,10188.717,319819.22,0.0,0.0,0.0,0.0,319819.22,0.0,0.0,0.0,0.0,0.0,30395.4375
88494,2025,1,0.0,0.0,0.0,0.0,0.0,0.0,0.0,17750.0,0.0,0.0,0.0,0.0,0.0,0.0,0.0,0.0,0.0,17750.0,0.0,0.0,0.0,0.0,3000.0,0.0,0.0,0.0,0.0,0.0,0.0,0.0,0.0,0.0,0.0,0.0,0.0,0.0,0.0,0.0,3000.0,0.0,4500.0,0.0,1500.0,0.0,0.0,0.0,0.0,0.0,0.0,0.0,0.0,0.0,0.0,0.0,0.0,0.0,0.0,0.0,0.0,0.0,0.0,0.0,0.0,0.0,0.0,22065.168,0.0
88495,2025,1,419.29,711.18,3051.27,1525.63,19942.93,0.0,0.0,15750.0,0.0,807.15,0.0,0.0,4192.93,419.29,0.0,0.0,0.0,19942.93,0.0,419.29,1525.63,19942.93,3000.0,1525.63,15023.64,0.0,0.0,0.0,0.0,0.0,0.0,0.0,289.17,0.0,0.0,10.0,4.5,19942.932,3000.0,1525.6343,4919.293,419.29315,1500.0,0.0,0.0,15023.639,711.18195,0.0,711.18195,0.0,711.18195,19942.932,419.29315,0.0,0.0,419.29315,0.0,0.0,0.0,0.0,419.29315,0.0,0.0,0.0,0.0,0.0,0.0
88496,2025,1,-7088.99,1678.53,6911.1,3455.55,45170.62,0.0,0.0,31500.0,0.0,1878.53,0.0,0.0,13670.61,1367.06,1367.06,0.0,4056.05,45170.62,0.0,1367.06,3455.55,45170.61,5000.0,3455.55,35170.61,0.0,0.0,0.0,0.0,0.0,0.0,0.0,654.97,3032.94,0.0,31.0596,5.0,45170.613,5000.0,3455.5518,10000.0,0.0,3000.0,2000.0,0.0,35170.613,1678.5306,0.0,1678.5306,0.0,1678.5306,45170.613,1367.0613,1367.0613,0.0,0.0,4056.0508,0.0,3032.9387,7088.9893,-7088.9893,0.0,0.0,0.0,0.0,0.0,0.0
88497,2025,1,137564.94,26500.8,36932.1,19032.7,691213.6,0.0,0.0,31500.0,0.0,10000.0,35501.97,5212.02,624211.6,111089.95,0.0,0.0,0.0,655711.6,0.0,132352.93,19032.7,691213.56,5000.0,19032.7,531615.94,0.0,0.0,0.0,0.0,0.0,0.0,0.0,6584.16,0.0,0.0,13924.626,-691.3692,691213.56,5000.0,19032.701,159597.64,137564.94,3000.0,0.0,0.0,531615.94,26500.797,0.0,26500.797,0.0,26500.797,691213.56,132352.92,0.0,5212.0234,137564.94,0.0,0.0,0.0,0.0,137564.94,0.0,0.0,0.0,0.0,0.0,623.3378295898438
88498,2025,1,2.173e+07,2.7346328e+06,763842.4,469328.2,7.689959e+07,0.0,0.0,33100.0,0.0,10000.0,2.8468e+06,1.6585656e+06,7.40197e+07,1.1553885e+07,0.0,0.0,0.0,7.40528e+07,0.0,20071434.0,469328.2,76896576.0,5000.0,469328.2,54694248.0,0.0,0.0,0.0,0.0,0.0,0.0,0.0,441527.13,0.0,0.0,1.053352e+06,-52663.0,7.689658e+07,5000.0,469328.22,2.2202328e+07,2.173e+07,3000.0,0.0,6000.0,5.469425e+07,2.7346325e+06,0.0,2.7346325e+06,0.0,2.7346325e+06,7.689959e+07,2.0071434e+07,0.0,1.6585656e+06,2.173e+07,0.0,0.0,0.0,0.0,2.173e+07,0.0,0.0,0.0,0.0,0.0,213762.65625
88499,2025,1,8079.58,4550.33,15652.02,7826.01,111512.11,0.0,0.0,31500.0,0.0,5195.61,0.0,0.0,80012.11,8079.58,0.0,0.0,0.0,111512.11,0.0,8079.58,7826.01,111512.12,5000.0,7826.01,92606.52,0.0,0.0,0.0,0.0,0.0,0.0,0.0,1483.36,0.0,0.0,12.001,4.0176,111512.12,5000.0,7826.012,18905.594,8079.5815,3000.0,0.0,0.0,92606.52,4550.326,0.0,4550.326,0.0,4550.326,111512.11,8079.5815,0.0,0.0,8079.5815,0.0,0.0,0.0,0.0,8079.5815,0.0,0.0,0.0,0.0,0.0,117.12798309326172
88500,2025,1,0.0,0.0,0.0,0.0,-123353.55,0.0,0.0,23625.0,0.0,0.0,0.0,0.0,0.0,0.0,0.0,0.0,0.0,23625.0,0.0,0.0,0.0,-1245697.0,5200.0,199311.52,0.0,0.0,0.0,0.0,0.0,0.0,0.0,0.0,0.0,0.0,0.0,0.0,0.0,-1.245697e+06,5200.0,199311.52,204311.52,0.0,3000.0,2000.0,0.0,0.0,0.0,0.0,0.0,0.0,0.0,-123353.55,0.0,0.0,0.0,0.0,0.0,0.0,0.0,0.0,0.0,0.0,0.0,0.0,0.0,0.0,0.0
88501,2025,1,5.932876e+06,661531.5,50754.93,33528.29,1.9193918e+07,0.0,0.0,15750.0,0.0,10000.0,713901.1,571446.8,1.8464266e+07,3.682171e+06,0.0,0.0,0.0,1.8480016e+07,0.0,5361429.25,33528.29,19199334.0,2500.0,33528.29,13231430.0,0.0,0.0,0.0,0.0,0.0,0.0,0.0,11783.88,0.0,0.0,264181.0,-13204.1875,1.9199334e+07,2500.0,33528.293,5.9679045e+06,5.932876e+06,1500.0,0.0,0.0,1.323143e+07,661531.5,0.0,661531.5,0.0,661531.5,1.9193918e+07,5.361429e+06,0.0,571446.8,5.932876e+06,0.0,0.0,0.0,0.0,5.932876e+06,0.0,0.0,0.0,0.0,0.0,151276.4375
88502,2025,1,365145.4,44323.48,57877.84,32348.43,1.2891634e+06,0.0,0.0,31500.0,0.0,10000.0,41486.53,2814.32,1.2161769e+06,348546.53,0.0,0.0,0.0,1.2476769e+06,0.0,362331.08,32348.43,1289163.38,5000.0,32348.43,888069.5,0.0,0.0,0.0,0.0,0.0,0.0,0.0,21430.23,0.0,0.0,15387.0,-764.4688,1.2891634e+06,5000.0,32348.434,401093.84,365145.4,3000.0,600.0,0.0,888069.5,44323.477,0.0,44323.477,0.0,44323.477,1.2891634e+06,362331.1,0.0,2814.323,365145.4,0.0,0.0,0.0,0.0,365145.4,0.0,0.0,0.0,0.0,0.0,0.0
88503,2025,1,-9769.54,823.52,4141.01,2070.5,27065.41,0.0,0.0,23625.0,0.0,1163.27,0.0,0.0,3440.41,344.04,0.0,344.04,6369.54,27065.41,0.0,344.04,2070.5,27065.41,4795.0,2070.5,17270.41,0.0,0.0,0.0,0.0,0.0,0.0,0.0,392.45,3400.0,0.0,21.0605,5.0,27065.408,4795.0,2070.5037,9795.0,0.0,3000.0,2000.0,0.0,17270.408,823.5204,0.0,823.5204,0.0,823.5204,27065.408,344.04083,344.04083,0.0,0.0,6369.535,0.0,3400.0,9769.535,-9769.535,0.0,0.0,0.0,0.0,0.0,0.0
88504,2025,1,-1840.56,2788.11,10116.41,5058.2,66120.32,0.0,0.0,23625.0,0.0,3116.02,0.0,0.0,42495.32,4759.44,4759.44,0.0,0.0,66120.32,0.0,4759.44,5058.2,66120.32,2500.0,5058.2,56562.12,0.0,0.0,0.0,0.0,0.0,0.0,0.0,958.74,1840.56,0.0,12.0,4.6172,66120.32,2500.0,5058.2046,9558.205,0.0,3000.0,1500.0,0.0,56562.117,2788.106,0.0,2788.106,0.0,2788.106,66120.32,4759.4385,4759.4385,0.0,0.0,0.0,0.0,1840.5615,1840.5615,-1840.5615,0.0,0.0,0.0,0.0,0.0,0.0
88505,2025,1,1242.85,1854.28,7487.96,3743.98,48928.54,0.0,0.0,31500.0,0.0,2173.41,0.0,0.0,17428.54,1742.85,500.0,0.0,0.0,48928.54,0.0,1742.85,3743.98,48928.54,5000.0,3743.98,38685.69,0.0,0.0,0.0,0.0,0.0,0.0,0.0,709.64,0.0,0.0,10.0,4.5,48928.54,5000.0,3743.978,10242.854,1242.8539,3000.0,1000.0,0.0,38685.688,1854.2844,0.0,1854.2844,0.0,1854.2844,48928.54,1742.8539,500.0,0.0,1242.8539,0.0,0.0,0.0,0.0,1242.8539,0.0,0.0,0.0,0.0,0.0,0.0
88506,2025,1,4.3803816e+07,5.3476725e+06,1.6300596e+06,1.0289365e+06,1.517651e+08,0.0,0.0,31500.0,0.0,10000.0,6.530579e+06,3.000947e+06,1.4520302e+08,2.568956e+07,0.0,0.0,0.0,1.4523453e+08,0.0,40802868.0,1.0289365e+06,151792000.0,5000.0,1.0289365e+06,106955048.0,0.0,0.0,0.0,0.0,0.0,0.0,0.0,953292.88,0.0,0.0,2.416348e+06,-120813.01,1.51792e+08,5000.0,1.0289365e+06,4.483695e+07,4.3803816e+07,3000.0,1200.0,0.0,1.0695505e+08,5.3476725e+06,0.0,5.3476725e+06,0.0,5.3476725e+06,1.517651e+08,4.0802868e+07,0.0,3.000947e+06,4.3803816e+07,0.0,0.0,0.0,0.0,4.3803816e+07,0.0,0.0,0.0,0.0,0.0,189099.09375
88507,2025,1,7.0564465e+06,1.0059368e+06,50863.08,28127.49,2.7207404e+07,0.0,0.0,31500.0,0.0,10000.0,2.0375552e+06,625977.1,2.5138348e+07,3.1451028e+06,0.0,1200.0,0.0,2.5169848e+07,0.0,6431669.5,28127.49,27208510.0,5000.0,28127.49,20120336.0,0.0,0.0,0.0,0.0,0.0,0.0,0.0,10829.75,0.0,0.0,753932.0,-37691.812,2.720851e+07,5000.0,28127.49,7.088174e+06,7.0564465e+06,3000.0,600.0,0.0,2.0120336e+07,1.0059368e+06,0.0,1.0059368e+06,0.0,1.0059368e+06,2.7207404e+07,6.4316695e+06,1200.0,625977.1,7.0564465e+06,0.0,0.0,0.0,0.0,7.0564465e+06,0.0,0.0,0.0,0.0,0.0,19140.751953125
88508,2025,1,7032.61,2364.71,2379.26,1189.63,81527.43,0.0,16400.55,17750.0,0.0,3886.37,0.0,0.0,58169.08,5578.5,0.0,0.0,0.0,75919.08,0.0,7032.61,1189.63,59126.88,2500.0,1189.63,48094.27,0.0,0.0,0.0,0.0,0.0,0.0,0.0,225.49,0.0,0.0,23.3203,3.834,59126.883,2500.0,1189.6315,11032.612,7032.6123,1500.0,0.0,6000.0,48094.27,2364.7134,0.0,2364.7134,0.0,2364.7134,81527.43,7032.6123,0.0,0.0,7032.6123,0.0,0.0,0.0,0.0,7032.6123,0.0,0.0,0.0,16400.549,19294.764,38982.7734375
88509,2025,1,1.7531364e+07,2.2596195e+06,449815.2,276733.2,6.3003376e+07,0.0,0.0,31500.0,0.0,10000.0,3.744321e+06,1.2538706e+06,5.9227556e+07,9.735418e+06,0.0,0.0,0.0,5.9259056e+07,0.0,16277494.0,276733.2,63005388.0,5000.0,276733.2,45193992.0,0.0,0.0,0.0,0.0,0.0,0.0,0.0,261751.25,0.0,0.0,1.3854339e+06,-69266.75,6.3005388e+07,5000.0,276733.2,1.7811398e+07,1.7531364e+07,3000.0,300.0,0.0,4.519399e+07,2.2596195e+06,0.0,2.2596195e+06,0.0,2.2596195e+06,6.3003376e+07,1.6277494e+07,0.0,1.2538706e+06,1.7531364e+07,0.0,0.0,0.0,0.0,1.7531364e+07,0.0,0.0,0.0,0.0,0.0,104217.90625
88510,2025,1,817368.2,113334.31,49029.03,27503.7,3.1397738e+06,0.0,12243.1,34700.0,0.0,10000.0,175770.31,55624.7,2.9293032e+06,472141.88,0.0,0.0,0.0,2.9640035e+06,0.0,761743.44,27503.7,3116158.0,5000.0,27503.7,2268286.25,0.0,0.0,0.0,0.0,0.0,0.0,0.0,15330.38,0.0,0.0,65072.0,-3248.7266,3.116158e+06,5000.0,27503.701,847871.8,817368.1,3000.0,0.0,12000.0,2.2682862e+06,113334.31,0.0,113334.31,0.0,113334.31,3.1397738e+06,761743.44,0.0,55624.7,817368.1,0.0,0.0,0.0,0.0,817368.1,0.0,0.0,0.0,12243.1045,14403.651,53344.9296875
88511,2025,1,0.0,0.0,0.0,0.0,-613000.0,0.0,0.0,34700.0,0.0,0.0,0.0,0.0,0.0,0.0,0.0,0.0,0.0,34700.0,0.0,0.0,0.0,-7455986.5,8500.0,1.1929579e+06,0.0,0.0,0.0,0.0,0.0,0.0,0.0,0.0,0.0,0.0,0.0,0.0,0.0,-7.4559865e+06,8500.0,1.1929579e+06,1.1959579e+06,0.0,3000.0,0.0,0.0,0.0,0.0,0.0,0.0,0.0,0.0,-613000.0,0.0,0.0,0.0,0.0,0.0,0.0,0.0,0.0,0.0,0.0,0.0,0.0,0.0,51105.383,0.0
88512,2025,1,0.0,0.0,86.22,43.11,6096.83,0.0,252.97,34700.0,0.0,998.46,0.0,0.0,0.0,0.0,0.0,0.0,0.0,34700.0,0.0,0.0,43.11,5843.86,8500.0,43.11,0.0,0.0,0.0,0.0,0.0,0.0,0.0,0.0,8.17,0.0,0.0,0.0,0.0,5843.8623,8500.0,43.10831,11500.0,0.0,3000.0,0.0,0.0,0.0,0.0,0.0,0.0,0.0,0.0,6096.833,0.0,0.0,0.0,0.0,0.0,0.0,0.0,0.0,0.0,0.0,0.0,0.0,252.9707,53324.156,0.0
88513,2025,1,7470.29,4779.04,18206.88,9103.44,117843.56,0.0,0.0,31500.0,0.0,5731.07,0.0,0.0,86343.56,9670.29,2200.0,0.0,0.0,117843.56,0.0,9670.29,9103.44,117054.52,5000.0,9103.44,97180.79,0.0,0.0,0.0,0.0,0.0,0.0,0.0,1725.49,0.0,0.0,12.0,4.0176,117054.516,5000.0,9103.442,19873.729,7470.286,3000.0,300.0,0.0,97180.79,4779.0396,0.0,4779.0396,0.0,4779.0396,117843.56,9670.286,2200.0,0.0,7470.286,0.0,0.0,0.0,0.0,7470.286,0.0,0.0,0.0,0.0,0.0,0.0
88514,2025,1,2.8397204e+07,4.3692775e+06,196325.16,182580.64,1.159032e+08,0.0,0.0,15750.0,0.0,10000.0,2.86072e+06,3.852728e+06,1.1302672e+08,4.271025e+06,0.0,0.0,0.0,1.1304248e+08,0.0,24544477.0,182580.64,115967640.0,2500.0,182580.64,87386352.0,0.0,0.0,0.0,0.0,0.0,0.0,0.0,42778.92,0.0,0.0,1.058504e+06,-52920.5,1.1596764e+08,2500.0,182580.64,2.8581284e+07,2.8397204e+07,1500.0,0.0,0.0,8.738635e+07,4.3692775e+06,0.0,4.3692775e+06,0.0,4.3692775e+06,1.159032e+08,2.4544476e+07,0.0,3.852728e+06,2.8397204e+07,0.0,0.0,0.0,0.0,2.8397204e+07,0.0,0.0,0.0,0.0,0.0,17105.873046875
88515,2025,1,105289.48,23280.99,27208.49,13604.24,613287.2,0.0,24173.62,34700.0,0.0,10000.0,49365.77,6249.15,529221.44,76262.29,0.0,0.0,0.0,563921.44,0.0,99040.32,13604.24,589113.5,5000.0,13604.24,467219.78,0.0,0.0,0.0,0.0,0.0,0.0,0.0,2578.58,0.0,0.0,14450.469,-717.9062,589113.5,5000.0,13604.245,121893.72,105289.48,3000.0,0.0,0.0,467219.78,23280.988,0.0,23280.988,0.0,23280.988,613287.2,99040.32,0.0,6249.1533,105289.48,0.0,0.0,0.0,0.0,105289.48,0.0,0.0,0.0,24173.62,28439.55,0.0
88516,2025,1,101878.28,23144.98,22305.56,11340.65,598329.9,0.0,11799.4,33100.0,0.0,10501.04,65380.88,3774.68,499849.0,84008.82,0.0,0.0,0.0,532949.0,0.0,98103.6,11340.65,580718.44,5000.0,11340.65,464499.5,0.0,0.0,0.0,0.0,0.0,0.0,0.0,2078.32,0.0,0.0,20953.89,-1043.0762,580718.44,5000.0,11340.653,116218.94,101878.28,3000.0,0.0,6000.0,464499.5,23144.975,0.0,23144.975,0.0,23144.975,598329.9,98103.6,0.0,3774.6836,101878.28,0.0,0.0,0.0,0.0,101878.28,0.0,0.0,0.0,11799.4,13881.647,16960.28125
88517,2025,1,-6447.35,709.06,7564.26,3782.13,42596.47,0.0,0.0,31500.0,0.0,2014.5,0.0,0.0,11096.47,1109.65,1109.65,0.0,3156.99,42596.47,0.0,1109.65,3782.13,28406.23,7625.0,3782.13,15781.23,0.0,0.0,0.0,0.0,0.0,0.0,0.0,716.87,3290.35,0.0,31.0605,13.7501,28406.227,7625.0,3782.132,12625.0,0.0,3000.0,2000.0,0.0,15781.227,709.06134,0.0,709.06134,0.0,709.06134,42596.47,1109.6469,1109.6469,0.0,0.0,3156.9944,0.0,3290.353,6447.3477,-6447.3477,0.0,0.0,0.0,0.0,0.0,0.0
88518,2025,1,-7985.51,0.0,6526.45,3263.22,38899.2,0.0,0.0,31500.0,0.0,1564.96,0.0,0.0,7399.2,739.79,739.79,0.0,4585.51,38899.2,0.0,739.79,3263.22,13347.59,8500.0,3263.22,0.0,0.0,0.0,0.0,0.0,0.0,0.0,0.0,618.52,3400.0,0.0,21.0596,0.0,13347.591,8500.0,3263.225,13500.0,0.0,3000.0,2000.0,0.0,0.0,0.0,0.0,0.0,0.0,0.0,38899.2,739.786,739.786,0.0,0.0,4585.5146,0.0,3400.0,7985.5146,-7985.5146,0.0,0.0,0.0,0.0,0.0,0.0
88519,2025,1,-649.0,0.0,1909.64,954.82,9515.52,0.0,0.0,31500.0,0.0,569.06,0.0,0.0,0.0,0.0,0.0,0.0,649.0,31500.0,0.0,0.0,954.82,-41836.16,8500.0,7648.6,0.0,0.0,0.0,0.0,0.0,0.0,0.0,0.0,180.98,0.0,0.0,0.0,0.0,-41836.164,8500.0,7648.6045,11500.0,0.0,3000.0,0.0,0.0,0.0,0.0,0.0,0.0,0.0,0.0,9515.521,0.0,0.0,0.0,0.0,649.0,0.0,0.0,649.0,-649.0,0.0,0.0,0.0,0.0,0.0,0.0
88520,2025,1,0.0,0.0,80.75,40.38,-364.19,0.0,0.0,34700.0,0.0,0.0,0.0,0.0,0.0,0.0,0.0,0.0,0.0,34700.0,0.0,0.0,40.38,-364.19,8500.0,98.65,0.0,0.0,0.0,0.0,0.0,0.0,0.0,0.0,7.65,0.0,0.0,0.0,0.0,-364.18668,8500.0,98.64636,11500.0,0.0,3000.0,0.0,0.0,0.0,0.0,0.0,0.0,0.0,0.0,-364.18665,0.0,0.0,0.0,0.0,0.0,0.0,0.0,0.0,0.0,0.0,0.0,0.0,0.0,52907.37,0.0
88521,2025,1,5090.01,3229.16,11858.52,5929.26,80202.49,0.0,0.0,31500.0,0.0,3630.12,0.0,0.0,48702.49,5090.01,0.0,0.0,0.0,80202.49,0.0,5090.01,5929.26,80202.49,5000.0,5929.26,66183.22,0.0,0.0,0.0,0.0,0.0,0.0,0.0,1123.85,0.0,0.0,12.0,4.0176,80202.49,5000.0,5929.259,14019.27,5090.0103,3000.0,0.0,0.0,66183.22,3229.161,0.0,3229.161,0.0,3229.161,80202.49,5090.0103,0.0,0.0,5090.0103,0.0,0.0,0.0,0.0,5090.0103,0.0,0.0,0.0,0.0,0.0,0.0
88522,2025,1,1.444094e+07,2.0367299e+06,120736.91,78801.52,5.527793e+07,0.0,22694.02,17750.0,0.0,10000.0,1.2669675e+06,1.7556408e+06,5.3993212e+07,4.1568148e+06,0.0,0.0,0.0,5.401096e+07,0.0,12685297.75,78801.52,55256640.0,2500.0,78801.52,40735400.0,0.0,0.0,0.0,0.0,0.0,0.0,0.0,53067.32,0.0,0.0,468815.0,-23436.0,5.525664e+07,2500.0,78801.52,1.4521241e+07,1.4440939e+07,1500.0,0.0,6000.0,4.07354e+07,2.03673e+06,0.0,2.03673e+06,0.0,2.03673e+06,5.527793e+07,1.2685298e+07,0.0,1.7556409e+06,1.4440939e+07,0.0,0.0,0.0,0.0,1.4440939e+07,0.0,0.0,0.0,22694.025,26698.854,580203.3125
88523,2025,1,-10733.66,370.89,3123.92,1561.96,20417.76,0.0,0.0,23625.0,0.0,963.22,0.0,0.0,0.0,0.0,0.0,0.0,8046.0,23625.0,0.0,0.0,1561.96,20417.76,5200.0,1561.96,8217.76,0.0,0.0,0.0,0.0,0.0,0.0,0.0,296.06,2687.66,0.0,-15.0,5.0,20417.764,5200.0,1561.959,12200.0,0.0,3000.0,4000.0,0.0,8217.764,370.88818,0.0,370.88818,0.0,370.88818,20417.764,0.0,0.0,0.0,0.0,8046.0,0.0,2687.6646,10733.664,-10733.664,0.0,0.0,0.0,0.0,0.0,0.0
88524,2025,1,-145.06,554.08,2506.4,1253.2,16381.69,0.0,0.0,15750.0,0.0,629.08,0.0,0.0,631.69,63.17,0.0,0.0,208.23,16381.69,0.0,63.17,1253.2,16381.69,3000.0,1253.2,11881.69,0.0,0.0,0.0,0.0,0.0,0.0,0.0,237.53,0.0,0.0,17.6502,5.0001,16381.694,3000.0,1253.1996,4500.0,0.0,1500.0,0.0,0.0,11881.694,554.0847,0.0,554.0847,0.0,554.0847,16381.694,63.169434,0.0,0.0,63.169434,208.23038,0.0,0.0,208.23038,-145.06094,0.0,0.0,0.0,0.0,0.0,0.0
88525,2025,1,22381.48,8925.47,27176.98,13588.49,219979.28,0.0,0.0,31500.0,0.0,10618.96,4773.11,0.0,183706.19,26277.45,6600.0,0.0,0.0,215206.19,0.0,28981.48,13588.49,219979.28,5000.0,13588.49,180109.31,0.0,0.0,0.0,0.0,0.0,0.0,0.0,2575.6,0.0,0.0,22.0,3.5166,219979.28,5000.0,13588.488,39869.97,22381.48,3000.0,900.0,0.0,180109.31,8925.466,0.0,8925.466,0.0,8925.466,219979.28,28981.48,6600.0,0.0,22381.48,0.0,0.0,0.0,0.0,22381.48,0.0,0.0,0.0,0.0,0.0,0.0
88526,2025,1,7.9932335e+06,694179.5,780381.44,482700.47,2.2364456e+07,0.0,0.0,17750.0,0.0,10000.0,285024.8,38323.77,2.2061684e+07,7.76087e+06,0.0,0.0,0.0,2.2079432e+07,0.0,7954909.34,482700.47,22361824.0,2500.0,482700.47,13884390.0,0.0,0.0,0.0,0.0,0.0,0.0,0.0,465044.47,0.0,0.0,105496.0,-5269.875,2.2361824e+07,2500.0,482700.47,8.477434e+06,7.9932335e+06,1500.0,0.0,6000.0,1.388439e+07,694179.5,0.0,694179.5,0.0,694179.5,2.2364456e+07,7.9549095e+06,0.0,38323.773,7.9932335e+06,0.0,0.0,0.0,0.0,7.9932335e+06,0.0,0.0,0.0,0.0,0.0,154069.234375
88527,2025,1,87442.57,21228.0,23443.26,11831.38,528324.25,0.0,0.0,31500.0,0.0,26036.21,43752.62,5930.37,453071.62,59980.57,0.0,0.0,0.0,484571.62,0.0,81512.21,11831.38,528434.06,5000.0,11831.38,426160.12,0.0,0.0,0.0,0.0,0.0,0.0,0.0,2200.94,0.0,0.0,10524.633,-521.6152,528434.06,5000.0,11831.383,102273.95,87442.57,3000.0,0.0,0.0,426160.12,21228.006,0.0,21228.006,0.0,21228.006,528324.25,81512.2,0.0,5930.3657,87442.57,0.0,0.0,0.0,0.0,87442.57,0.0,0.0,0.0,0.0,0.0,1709.6717529296875
88528,2025,1,6043.67,4671.55,0.0,0.0,110274.66,0.0,0.0,17750.0,0.0,5323.73,0.0,0.0,88641.14,0.0,0.0,0.0,0.0,106391.14,0.0,6043.67,0.0,104274.66,2500.0,0.0,94230.99,0.0,0.0,0.0,0.0,0.0,0.0,0.0,0.0,0.0,0.0,7.9502,2.1025,104274.664,2500.0,0.0,10043.671,6043.671,1500.0,0.0,6000.0,94230.99,4671.55,0.0,4671.55,0.0,4671.55,110274.664,6043.671,0.0,0.0,6043.671,0.0,0.0,0.0,0.0,6043.671,0.0,0.0,0.0,0.0,0.0,10973.359375
88529,2025,1,0.0,0.0,4543.3,2271.65,-583302.75,0.0,0.0,31500.0,0.0,0.0,0.0,0.0,0.0,0.0,0.0,0.0,0.0,31500.0,0.0,0.0,2271.65,-10253499.0,8500.0,1.6428315e+06,0.0,0.0,0.0,0.0,0.0,0.0,0.0,0.0,430.57,0.0,0.0,0.0,0.0,-1.0253499e+07,8500.0,1.6428315e+06,1.6458315e+06,0.0,3000.0,0.0,0.0,0.0,0.0,0.0,0.0,0.0,0.0,-583302.75,0.0,0.0,0.0,0.0,0.0,0.0,0.0,0.0,0.0,0.0,0.0,0.0,0.0,0.0,0.0
88530,2025,1,17952.37,6291.83,23671.53,11835.76,160224.7,0.0,0.0,31500.0,0.0,7631.24,0.0,0.0,128724.7,17534.37,0.0,0.0,0.0,160224.7,0.0,17952.37,11835.76,160224.72,5000.0,11835.76,127436.59,0.0,0.0,0.0,0.0,0.0,0.0,0.0,2243.38,0.0,0.0,22.0,3.5176,160224.72,5000.0,11835.766,32788.133,17952.367,3000.0,0.0,0.0,127436.586,6291.829,0.0,6291.829,0.0,6291.829,160224.7,17952.367,0.0,0.0,17952.367,0.0,0.0,0.0,0.0,17952.367,0.0,0.0,0.0,0.0,0.0,2252.66357421875
88531,2025,1,4089.6,3153.96,4241.93,2120.97,131714.4,0.0,54182.25,34700.0,0.0,6205.72,0.0,0.0,85014.41,4089.6,0.0,0.0,0.0,119714.41,0.0,4089.6,2120.97,76768.76,5000.0,2120.97,64679.16,0.0,0.0,0.0,0.0,0.0,0.0,0.0,402.01,0.0,0.0,12.0,4.3999,76768.76,5000.0,2120.9653,12089.596,4089.5957,3000.0,0.0,763.4104,64679.164,3153.9583,0.0,3153.9583,0.0,3153.9583,131714.4,4089.5957,0.0,0.0,4089.5957,0.0,0.0,0.0,0.0,4089.5957,0.0,0.0,0.0,54182.25,63743.82,763.410400390625
88532,2025,1,-605.99,294.11,1710.89,855.44,11182.29,0.0,0.0,15750.0,0.0,476.39,0.0,0.0,0.0,0.0,0.0,0.0,605.99,15750.0,0.0,0.0,855.44,11182.29,3000.0,855.44,6682.29,0.0,0.0,0.0,0.0,0.0,0.0,0.0,162.14,0.0,0.0,7.65,5.0,11182.287,3000.0,855.44495,4500.0,0.0,1500.0,0.0,0.0,6682.287,294.11435,0.0,294.11435,0.0,294.11435,11182.287,0.0,0.0,0.0,0.0,605.98505,0.0,0.0,605.98505,-605.98505,0.0,0.0,0.0,0.0,0.0,0.0
88533,2025,1,108209.84,22751.58,37835.52,19377.13,587218.7,0.0,0.0,31500.0,0.0,13834.39,12261.9,6599.0,543456.8,77422.84,0.0,0.0,0.0,574956.8,0.0,101610.84,19377.13,587218.62,5000.0,19377.13,456631.66,0.0,0.0,0.0,0.0,0.0,0.0,0.0,6023.9,0.0,0.0,2966.8438,-143.4941,587218.6,5000.0,19377.127,130586.97,108209.84,3000.0,0.0,0.0,456631.66,22751.582,0.0,22751.582,0.0,22751.582,587218.7,101610.84,0.0,6599.0015,108209.84,0.0,0.0,0.0,0.0,108209.84,0.0,0.0,0.0,0.0,0.0,170.368408203125
88534,2025,1,39061.92,10489.0,37219.04,18699.22,272741.06,0.0,0.0,31500.0,0.0,13257.05,0.0,106.69,241241.06,42960.86,4400.0,0.0,0.0,272741.06,0.0,43355.23,18699.22,272741.06,5000.0,18699.22,211379.91,0.0,0.0,0.0,0.0,0.0,0.0,0.0,4093.43,0.0,0.0,24.0,3.6152,272741.06,5000.0,18699.22,61361.15,39061.926,3000.0,600.0,0.0,211379.9,10488.995,0.0,10488.995,0.0,10488.995,272741.06,43355.23,4400.0,106.694214,39061.926,0.0,0.0,0.0,0.0,39061.926,0.0,0.0,0.0,0.0,0.0,0.0
88535,2025,1,248724.45,39468.01,36114.89,18104.4,1.1072102e+06,0.0,34468.24,34700.0,0.0,10000.0,98172.35,11632.39,974337.8,179731.16,0.0,0.0,0.0,1.0090378e+06,0.0,237092.07,18104.4,1060789.0,5000.0,18104.4,790960.12,0.0,0.0,0.0,0.0,0.0,0.0,0.0,3413.75,0.0,0.0,35079.484,-1749.3594,1.060789e+06,5000.0,18104.4,269828.84,248724.45,3000.0,0.0,12000.0,790960.1,39468.008,0.0,39468.008,0.0,39468.008,1.1072102e+06,237092.06,0.0,11632.393,248724.45,0.0,0.0,0.0,0.0,248724.45,0.0,0.0,0.0,34468.246,40550.875,40333.4609375
88536,2025,1,0.0,0.0,268.0,134.0,-611247.5,0.0,0.0,31500.0,0.0,0.0,0.0,0.0,0.0,0.0,0.0,0.0,0.0,31500.0,0.0,0.0,134.0,-3069102.0,8500.0,491190.38,0.0,0.0,0.0,0.0,0.0,0.0,0.0,0.0,25.4,0.0,0.0,0.0,0.0,-3.069102e+06,8500.0,491190.34,494190.34,0.0,3000.0,0.0,0.0,0.0,0.0,0.0,0.0,0.0,0.0,-611247.5,0.0,0.0,0.0,0.0,0.0,0.0,0.0,0.0,0.0,0.0,0.0,0.0,0.0,0.0,0.0
88537,2025,1,0.0,0.0,0.0,0.0,-144876.14,0.0,0.0,17750.0,0.0,0.0,0.0,0.0,0.0,0.0,0.0,0.0,0.0,17750.0,0.0,0.0,0.0,-2053427.75,3000.0,328548.44,0.0,0.0,0.0,0.0,0.0,0.0,0.0,0.0,0.0,0.0,0.0,0.0,0.0,-2.0534278e+06,3000.0,328548.44,330048.44,0.0,1500.0,0.0,0.0,0.0,0.0,0.0,0.0,0.0,0.0,-144876.14,0.0,0.0,0.0,0.0,0.0,0.0,0.0,0.0,0.0,0.0,0.0,0.0,0.0,10787.416,0.0
88538,2025,1,0.0,0.0,0.0,0.0,10.1,0.0,0.0,17750.0,0.0,10.1,0.0,0.0,0.0,0.0,0.0,0.0,0.0,17750.0,0.0,0.0,0.0,10.1,3000.0,0.0,0.0,0.0,0.0,0.0,0.0,0.0,0.0,0.0,0.0,0.0,0.0,0.0,0.0,10.104614,3000.0,0.0,4500.0,0.0,1500.0,0.0,0.0,0.0,0.0,0.0,0.0,0.0,0.0,10.104614,0.0,0.0,0.0,0.0,0.0,0.0,0.0,0.0,0.0,0.0,0.0,0.0,0.0,29749.158,0.0
88539,2025,1,1.05419e+06,133442.39,45065.4,24473.27,3.7970722e+06,0.0,33009.49,34700.0,0.0,10000.0,411425.75,36119.53,3.3509465e+06,846491.4,0.0,0.0,0.0,3.3856465e+06,0.0,1018070.47,24473.27,3752111.0,5000.0,24473.27,2670447.75,0.0,0.0,0.0,0.0,0.0,0.0,0.0,13458.42,0.0,0.0,152264.5,-7608.344,3.752111e+06,5000.0,24473.27,1.0816632e+06,1.05419e+06,3000.0,0.0,12000.0,2.6704478e+06,133442.39,0.0,133442.39,0.0,133442.39,3.7970722e+06,1.0180705e+06,0.0,36119.527,1.05419e+06,0.0,0.0,0.0,0.0,1.05419e+06,0.0,0.0,0.0,33009.492,38834.695,89253.09375
88540,2025,1,1.6748436e+06,175975.88,162108.28,95732.1,5.294707e+06,0.0,0.0,31500.0,0.0,10000.0,156246.06,41193.62,5.106961e+06,1.4218995e+06,0.0,0.0,0.0,5.138461e+06,0.0,1633650.09,95732.1,5294993.5,5000.0,95732.1,3521117.5,0.0,0.0,0.0,0.0,0.0,0.0,0.0,78494.06,0.0,0.0,57848.0,-2887.5312,5.2949935e+06,5000.0,95732.1,1.7738759e+06,1.6748438e+06,3000.0,300.0,0.0,3.5211175e+06,175975.88,0.0,175975.88,0.0,175975.88,5.294707e+06,1.6336501e+06,0.0,41193.625,1.6748438e+06,0.0,0.0,0.0,0.0,1.6748438e+06,0.0,0.0,0.0,0.0,0.0,1083.0579833984375
88541,2025,1,7209.58,3829.38,22282.4,11141.2,121874.52,0.0,4343.26,34700.0,0.0,6497.78,0.0,0.0,75174.52,7209.58,0.0,0.0,0.0,109874.52,0.0,7209.58,11141.2,99538.45,5000.0,11141.2,78187.68,0.0,0.0,0.0,0.0,0.0,0.0,0.0,2111.73,0.0,0.0,12.0,4.0176,99538.45,5000.0,11141.198,21350.775,7209.577,3000.0,0.0,0.0,78187.68,3829.384,0.0,3829.384,0.0,3829.384,121874.516,7209.577,0.0,0.0,7209.577,0.0,0.0,0.0,0.0,7209.577,0.0,0.0,0.0,4343.263,5109.721,0.0
88542,2025,1,35893.8,10071.54,38051.16,19025.58,261550.2,0.0,0.0,31500.0,0.0,12697.51,0.0,438.91,230050.2,38102.96,4400.0,0.0,0.0,261550.2,0.0,39854.89,19025.58,261550.22,5000.0,19025.58,203030.84,0.0,0.0,0.0,0.0,0.0,0.0,0.0,3607.81,0.0,0.0,27.7969,3.4473,261550.22,5000.0,19025.582,58519.383,35893.8,3000.0,600.0,0.0,203030.84,10071.542,0.0,10071.542,0.0,10071.542,261550.2,39854.895,4400.0,438.9077,35893.8,0.0,0.0,0.0,0.0,35893.8,0.0,0.0,0.0,0.0,0.0,0.0
88543,2025,1,0.0,0.0,0.0,0.0,0.0,0.0,0.0,17750.0,0.0,0.0,0.0,0.0,0.0,0.0,0.0,0.0,0.0,17750.0,0.0,0.0,0.0,0.0,3000.0,0.0,0.0,0.0,0.0,0.0,0.0,0.0,0.0,0.0,0.0,0.0,0.0,0.0,0.0,0.0,3000.0,0.0,4500.0,0.0,1500.0,0.0,0.0,0.0,0.0,0.0,0.0,0.0,0.0,0.0,0.0,0.0,0.0,0.0,0.0,0.0,0.0,0.0,0.0,0.0,0.0,0.0,0.0,14366.876,0.0
88544,2025,1,-7269.54,1060.7,4722.2,2361.1,30864.06,0.0,0.0,23625.0,0.0,1353.2,0.0,0.0,7239.06,723.91,723.91,0.0,5569.54,30864.06,0.0,723.91,2361.1,30864.06,3850.0,2361.1,22014.06,0.0,0.0,0.0,0.0,0.0,0.0,0.0,447.53,1700.0,0.0,21.0601,5.0,30864.062,3850.0,2361.1008,8850.0,0.0,3000.0,2000.0,0.0,22014.062,1060.7031,0.0,1060.7031,0.0,1060.7031,30864.062,723.90625,723.90625,0.0,0.0,5569.5386,0.0,1700.0,7269.5386,-7269.5386,0.0,0.0,0.0,0.0,0.0,0.0
88545,2025,1,-4668.07,33.68,1574.67,787.34,10291.98,0.0,0.0,23625.0,0.0,569.06,0.0,0.0,0.0,0.0,0.0,0.0,3499.27,23625.0,0.0,0.0,787.34,10291.98,5200.0,787.34,1091.98,0.0,0.0,0.0,0.0,0.0,0.0,0.0,149.23,1168.8,0.0,-49.0,4.0,10291.978,5200.0,787.3363,9200.0,0.0,3000.0,1000.0,0.0,1091.9775,33.6791,0.0,33.6791,0.0,33.6791,10291.978,0.0,0.0,0.0,0.0,3499.2725,0.0,1168.7966,4668.0693,-4668.0693,0.0,0.0,0.0,0.0,0.0,0.0
88546,2025,1,5814.88,2609.5,9989.27,4994.64,65299.46,0.0,0.0,15750.0,0.0,3074.97,0.0,0.0,49549.46,5814.88,0.0,0.0,0.0,65299.46,0.0,5814.88,4994.64,65299.46,2500.0,4994.64,52989.95,0.0,0.0,0.0,0.0,0.0,0.0,0.0,946.7,0.0,0.0,22.0,3.5176,65299.465,2500.0,4994.6357,12309.518,5814.8823,1500.0,0.0,0.0,52989.945,2609.4973,0.0,2609.4973,0.0,2609.4973,65299.465,5814.8823,0.0,0.0,5814.8823,0.0,0.0,0.0,0.0,5814.8823,0.0,0.0,0.0,0.0,0.0,0.0
88547,2025,1,22761.14,7714.33,27503.82,13751.91,195399.72,0.0,0.0,34700.0,0.0,9389.99,15.12,0.0,154132.56,20669.64,0.0,0.0,0.0,188832.56,0.0,22761.13,13751.91,195399.7,5000.0,13751.91,155886.66,0.0,0.0,0.0,0.0,0.0,0.0,0.0,2609.53,0.0,0.0,24.6367,3.6895,195399.7,5000.0,13751.908,39513.043,22761.135,3000.0,0.0,0.0,155886.66,7714.333,0.0,7714.333,0.0,7714.333,195399.72,22761.135,0.0,0.0,22761.135,0.0,0.0,0.0,0.0,22761.135,0.0,0.0,0.0,0.0,0.0,0.0
88548,2025,1,21605.37,7338.82,22806.93,11403.47,184385.23,0.0,0.0,31500.0,0.0,8839.26,4062.57,0.0,148822.67,19540.46,0.0,0.0,0.0,180322.69,0.0,21605.37,11403.47,184385.25,5000.0,11403.47,148376.41,0.0,0.0,0.0,0.0,0.0,0.0,0.0,2161.44,0.0,0.0,22.0,3.5171,184385.25,5000.0,11403.467,36008.836,21605.367,3000.0,0.0,0.0,148376.4,7338.8203,0.0,7338.8203,0.0,7338.8203,184385.25,21605.367,0.0,0.0,21605.367,0.0,0.0,0.0,0.0,21605.367,0.0,0.0,0.0,0.0,0.0,772.40185546875
88549,2025,1,-380.77,441.31,2161.32,1080.66,14126.24,0.0,0.0,15750.0,0.0,516.31,0.0,0.0,0.0,0.0,0.0,0.0,380.77,15750.0,0.0,0.0,1080.66,14126.24,3000.0,1080.66,9626.24,0.0,0.0,0.0,0.0,0.0,0.0,0.0,204.83,0.0,0.0,7.65,5.0,14126.243,3000.0,1080.6576,4500.0,0.0,1500.0,0.0,0.0,9626.243,441.31216,0.0,441.31216,0.0,441.31216,14126.243,0.0,0.0,0.0,0.0,380.7724,0.0,0.0,380.7724,-380.7724,0.0,0.0,0.0,0.0,0.0,0.0
88550,2025,1,6158.83,2664.57,10225.38,5112.69,66862.88,0.0,0.0,15750.0,0.0,3153.14,0.0,0.0,51112.88,6158.83,0.0,0.0,0.0,66862.88,0.0,6158.83,5112.69,66862.88,2500.0,5112.69,54091.35,0.0,0.0,0.0,0.0,0.0,0.0,0.0,969.07,0.0,0.0,22.0,3.5176,66862.875,2500.0,5112.691,12771.523,6158.8325,1500.0,0.0,0.0,54091.35,2664.5676,0.0,2664.5676,0.0,2664.5676,66862.875,6158.8325,0.0,0.0,6158.8325,0.0,0.0,0.0,0.0,6158.8325,0.0,0.0,0.0,0.0,0.0,0.0
88551,2025,1,6381.89,2702.21,10370.68,5185.34,67911.46,0.0,0.0,15750.0,0.0,3205.57,0.0,0.0,52161.46,6365.54,0.0,0.0,0.0,67911.46,0.0,6381.89,5185.34,67911.46,2500.0,5185.34,54844.23,0.0,0.0,0.0,0.0,0.0,0.0,0.0,982.84,0.0,0.0,22.0,3.5176,67911.46,2500.0,5185.3403,13067.23,6381.8906,1500.0,0.0,0.0,54844.23,2702.2114,0.0,2702.2114,0.0,2702.2114,67911.46,6381.8906,0.0,0.0,6381.8906,0.0,0.0,0.0,0.0,6381.8906,0.0,0.0,0.0,0.0,0.0,0.0
88552,2025,1,4.3508715e+06,578104.1,175959.08,114989.02,1.602094e+07,0.0,0.0,31500.0,0.0,10000.0,806585.1,352572.8,1.5182854e+07,2.1825102e+06,0.0,0.0,0.0,1.5214355e+07,0.0,3998298.62,114989.02,16033143.0,5000.0,114989.02,11563682.0,0.0,0.0,0.0,0.0,0.0,0.0,0.0,68747.52,0.0,0.0,298474.0,-14918.8125,1.6033143e+07,5000.0,114989.02,4.4694605e+06,4.3508715e+06,3000.0,600.0,0.0,1.1563682e+07,578104.1,0.0,578104.1,0.0,578104.1,1.602094e+07,3.9982985e+06,0.0,352572.8,4.3508715e+06,0.0,0.0,0.0,0.0,4.3508715e+06,0.0,0.0,0.0,0.0,0.0,10909.328125
88553,2025,1,1390.0,1140.29,4486.09,2243.05,29320.86,0.0,0.0,15750.0,0.0,1276.04,0.0,0.0,13570.86,1390.0,0.0,0.0,0.0,29320.86,0.0,1390.0,2243.05,29320.86,2825.0,2243.05,23605.86,0.0,0.0,0.0,0.0,0.0,0.0,0.0,425.15,0.0,0.0,12.0,4.4,29320.86,2825.0,2243.0457,5715.003,1390.0032,1500.0,0.0,0.0,23605.855,1140.2927,0.0,1140.2927,0.0,1140.2927,29320.86,1390.0032,0.0,0.0,1390.0032,0.0,0.0,0.0,0.0,1390.0032,0.0,0.0,0.0,0.0,0.0,0.0
88554,2025,1,-494.55,0.0,989.1,494.55,1844.03,0.0,0.0,33100.0,0.0,760.92,0.0,0.0,0.0,0.0,0.0,0.0,494.55,33100.0,0.0,0.0,494.55,-22787.62,8500.0,4140.57,0.0,0.0,0.0,0.0,0.0,0.0,0.0,0.0,93.74,0.0,0.0,-7.65,0.0,-22787.62,8500.0,4140.5693,11500.0,0.0,3000.0,0.0,0.0,0.0,0.0,0.0,0.0,0.0,0.0,1844.0298,0.0,0.0,0.0,0.0,494.55005,0.0,0.0,494.55005,-494.55005,0.0,0.0,0.0,0.0,19000.562,0.0
88555,2025,1,0.0,0.0,0.0,0.0,-3000.0,0.0,0.0,17750.0,0.0,0.0,0.0,0.0,0.0,0.0,0.0,0.0,0.0,17750.0,0.0,0.0,0.0,-8217.35,3000.0,1314.78,0.0,0.0,0.0,0.0,0.0,0.0,0.0,0.0,0.0,0.0,0.0,0.0,0.0,-8217.354,3000.0,1314.7765,4500.0,0.0,1500.0,0.0,0.0,0.0,0.0,0.0,0.0,0.0,0.0,-3000.0,0.0,0.0,0.0,0.0,0.0,0.0,0.0,0.0,0.0,0.0,0.0,0.0,0.0,16450.809,0.0
88556,2025,1,19305.57,3922.88,16436.9,8218.45,125995.07,0.0,17713.43,15750.0,0.0,6109.75,0.0,0.0,110245.07,19305.16,0.0,0.0,0.0,125995.07,0.0,19305.57,8218.45,108281.64,2500.0,8218.45,79257.62,0.0,0.0,0.0,0.0,0.0,0.0,0.0,1557.74,0.0,0.0,24.0,3.417,108281.64,2500.0,8218.447,29024.018,19305.57,1500.0,0.0,0.0,79257.625,3922.8813,0.0,3922.8813,0.0,3922.8813,125995.07,19305.57,0.0,0.0,19305.57,0.0,0.0,0.0,0.0,19305.57,0.0,0.0,0.0,17713.428,20839.326,686.562255859375
88557,2025,1,6330.6,3655.1,13313.57,6656.79,90689.38,0.0,0.0,31500.0,0.0,4157.56,163.16,0.0,59026.22,6330.6,0.0,0.0,0.0,90526.22,0.0,6330.6,6656.79,90689.38,5000.0,6656.79,74701.99,0.0,0.0,0.0,0.0,0.0,0.0,0.0,1261.74,0.0,0.0,12.0,4.0176,90689.375,5000.0,6656.787,15987.385,6330.598,3000.0,0.0,0.0,74701.99,3655.0996,0.0,3655.0996,0.0,3655.0996,90689.375,6330.598,0.0,0.0,6330.598,0.0,0.0,0.0,0.0,6330.598,0.0,0.0,0.0,0.0,0.0,1.8647977113723755
88558,2025,1,3.5113132e+07,4.1156505e+06,1.20496e+06,743242.56,1.18170344e+08,0.0,0.0,15750.0,0.0,10000.0,9.380235e+06,1.5202435e+06,1.0877436e+08,2.581566e+07,0.0,0.0,0.0,1.0879011e+08,0.0,33592889.0,743242.56,118171688.0,2500.0,743242.56,82313808.0,0.0,0.0,0.0,0.0,0.0,0.0,0.0,729639.09,0.0,0.0,3.470724e+06,-173531.23,1.1817169e+08,2500.0,743242.56,3.5857876e+07,3.5113132e+07,1500.0,0.0,0.0,8.231381e+07,4.1156505e+06,0.0,4.1156505e+06,0.0,4.1156505e+06,1.18170344e+08,3.359289e+07,0.0,1.5202435e+06,3.5113132e+07,0.0,0.0,0.0,0.0,3.5113132e+07,0.0,0.0,0.0,0.0,0.0,173153.328125
88559,2025,1,72105.34,15711.02,10740.27,7770.73,419966.9,0.0,19971.02,17750.0,0.0,20808.35,14579.95,8358.74,384578.62,28081.12,0.0,0.0,0.0,405386.97,0.0,63746.59,7770.73,396396.5,2500.0,7770.73,315020.44,0.0,0.0,0.0,0.0,0.0,0.0,0.0,562.85,0.0,0.0,3525.7812,-171.6719,396396.5,2500.0,7770.7295,81376.06,72105.336,1500.0,0.0,6000.0,315020.44,15711.021,0.0,15711.021,0.0,15711.021,419966.9,63746.594,0.0,8358.742,72105.336,0.0,0.0,0.0,0.0,72105.336,0.0,0.0,0.0,19971.021,23495.318,43870.1640625
88560,2025,1,4426.57,3423.32,5170.17,2585.09,124807.31,0.0,30314.28,34700.0,0.0,5860.36,0.0,0.0,78107.31,4426.57,0.0,0.0,0.0,112807.31,0.0,4426.57,2585.09,82493.03,5000.0,2585.09,70066.46,0.0,0.0,0.0,0.0,0.0,0.0,0.0,489.98,0.0,0.0,12.0,4.4001,82493.03,5000.0,2585.087,12426.567,4426.5674,3000.0,0.0,12000.0,70066.46,3423.323,0.0,3423.323,0.0,3423.323,124807.31,4426.5674,0.0,0.0,4426.5674,0.0,0.0,0.0,0.0,4426.5674,0.0,0.0,0.0,30314.275,35663.85,18393.43359375
88561,2025,1,0.0,0.0,219.29,109.65,-611122.56,0.0,0.0,34700.0,0.0,0.0,0.0,0.0,0.0,0.0,0.0,0.0,0.0,34700.0,0.0,0.0,109.65,-104735480.0,8500.0,1.6757786e+07,0.0,0.0,0.0,0.0,0.0,0.0,0.0,0.0,20.78,0.0,0.0,0.0,0.0,-1.0473548e+08,8500.0,1.6757786e+07,1.6760786e+07,0.0,3000.0,0.0,0.0,0.0,0.0,0.0,0.0,0.0,0.0,-611122.56,0.0,0.0,0.0,0.0,0.0,0.0,0.0,0.0,0.0,0.0,0.0,0.0,0.0,32705.482,0.0
88562,2025,1,1.2043499e+06,154899.72,46907.4,26279.1,4.395398e+06,0.0,50889.64,34700.0,0.0,10000.0,451150.38,51701.38,3.9095478e+06,896240.6,0.0,0.0,0.0,3.9442478e+06,0.0,1152648.47,26279.1,4333223.5,5000.0,26279.1,3099594.5,0.0,0.0,0.0,0.0,0.0,0.0,0.0,13930.86,0.0,0.0,166962.62,-8343.25,4.3332235e+06,5000.0,26279.105,1.233629e+06,1.2043499e+06,3000.0,0.0,12000.0,3.0995945e+06,154899.72,0.0,154899.72,0.0,154899.72,4.395398e+06,1.1526485e+06,0.0,51701.38,1.2043499e+06,0.0,0.0,0.0,0.0,1.2043499e+06,0.0,0.0,0.0,50889.633,59870.156,58532.34375
88563,2025,1,1.7857904e+07,2.6280048e+06,73246.64,61913.35,7.050792e+07,0.0,39594.72,17750.0,0.0,10000.0,2.3888655e+06,2.215837e+06,6.8101304e+07,4.450969e+06,0.0,0.0,0.0,6.811906e+07,0.0,15642068.0,61913.35,70482216.0,2500.0,61913.35,52560896.0,0.0,0.0,0.0,0.0,0.0,0.0,0.0,12950.56,0.0,0.0,883920.0,-44190.75,7.0482216e+07,2500.0,61913.35,1.7921318e+07,1.7857904e+07,1500.0,0.0,6000.0,5.2560896e+07,2.6280048e+06,0.0,2.6280048e+06,0.0,2.6280048e+06,7.050792e+07,1.5642068e+07,0.0,2.215837e+06,1.7857904e+07,0.0,0.0,0.0,0.0,1.7857904e+07,0.0,0.0,0.0,39594.723,46582.023,64350.66796875
88564,2025,1,-603.9,129.7,1207.79,603.9,7894.08,0.0,0.0,15750.0,0.0,476.39,0.0,0.0,0.0,0.0,0.0,0.0,603.9,15750.0,0.0,0.0,603.9,7894.08,3000.0,603.9,3394.08,0.0,0.0,0.0,0.0,0.0,0.0,0.0,114.46,0.0,0.0,-7.65,5.0,7894.077,3000.0,603.8969,4500.0,0.0,1500.0,0.0,0.0,3394.0771,129.70386,0.0,129.70386,0.0,129.70386,7894.077,0.0,0.0,0.0,0.0,603.8969,0.0,0.0,603.8969,-603.8969,0.0,0.0,0.0,0.0,0.0,0.0
88565,2025,1,1.0684469e+06,137684.6,38300.29,20953.16,3.8448515e+06,0.0,0.0,15750.0,0.0,10000.0,181423.27,90677.76,3.6476785e+06,590837.1,0.0,0.0,0.0,3.6634282e+06,0.0,977769.06,20953.16,3845392.0,2500.0,20953.16,2754492.0,0.0,0.0,0.0,0.0,0.0,0.0,0.0,8954.58,0.0,0.0,67163.5,-3353.2969,3.845392e+06,2500.0,20953.164,1.0909e+06,1.0684469e+06,1500.0,0.0,0.0,2.754492e+06,137684.6,0.0,137684.6,0.0,137684.6,3.8448515e+06,977769.06,0.0,90677.76,1.0684469e+06,0.0,0.0,0.0,0.0,1.0684469e+06,0.0,0.0,0.0,0.0,0.0,108104.46875
88566,2025,1,5467.28,1428.37,2070.5,1035.25,72428.03,0.0,27593.3,17750.0,0.0,3431.4,0.0,0.0,48678.03,5418.07,0.0,0.0,0.0,66428.03,0.0,5467.28,1035.25,38834.74,2500.0,1035.25,29367.46,0.0,0.0,0.0,0.0,0.0,0.0,0.0,196.22,0.0,0.0,49.9497,2.5026,38834.74,2500.0,1035.2518,9467.277,5467.278,1500.0,0.0,6000.0,29367.46,1428.373,0.0,1428.373,0.0,1428.373,72428.03,5467.278,0.0,0.0,5467.278,0.0,0.0,0.0,0.0,5467.278,0.0,0.0,0.0,27593.295,32667.686,28044.322265625
88567,2025,1,2079.04,1952.89,8459.43,4229.72,52290.41,0.0,0.0,31500.0,0.0,2234.52,0.0,0.0,20790.41,2079.04,0.0,0.0,0.0,52290.41,0.0,2079.04,4229.72,50736.89,5000.0,4229.72,40657.85,0.0,0.0,0.0,0.0,0.0,0.0,0.0,801.71,0.0,0.0,10.0,4.5,50736.895,5000.0,4229.7163,10079.041,2079.041,3000.0,0.0,0.0,40657.85,1952.8926,0.0,1952.8926,0.0,1952.8926,52290.41,2079.041,0.0,0.0,2079.041,0.0,0.0,0.0,0.0,2079.041,0.0,0.0,0.0,0.0,0.0,0.0
88568,2025,1,0.0,0.0,0.0,0.0,-308000.0,0.0,0.0,17750.0,0.0,0.0,0.0,0.0,0.0,0.0,0.0,0.0,0.0,17750.0,0.0,0.0,0.0,-30862180.0,3000.0,4.9379485e+06,0.0,0.0,0.0,0.0,0.0,0.0,0.0,0.0,0.0,0.0,0.0,0.0,0.0,-3.086218e+07,3000.0,4.9379485e+06,4.9394485e+06,0.0,1500.0,0.0,0.0,0.0,0.0,0.0,0.0,0.0,0.0,-308000.0,0.0,0.0,0.0,0.0,0.0,0.0,0.0,0.0,0.0,0.0,0.0,0.0,0.0,32901.617,0.0
88569,2025,1,783.79,3466.8,12487.0,6243.5,81963.38,0.0,0.0,31500.0,0.0,3718.17,0.0,0.0,50463.38,5541.08,4400.0,357.29,0.0,81963.38,0.0,5541.08,6243.5,81963.38,5000.0,6243.5,70936.09,0.0,0.0,0.0,0.0,0.0,0.0,0.0,1183.41,0.0,0.0,12.0,4.0176,81963.38,5000.0,6243.5024,11027.295,783.7925,3000.0,1000.0,0.0,70936.086,3466.8042,0.0,3466.8042,0.0,3466.8042,81963.38,5541.0835,4757.291,0.0,783.7925,0.0,0.0,0.0,0.0,783.7925,0.0,0.0,0.0,0.0,0.0,0.0
88570,2025,1,0.0,0.0,0.0,0.0,-613000.0,0.0,0.0,31500.0,0.0,0.0,0.0,0.0,0.0,0.0,0.0,0.0,0.0,31500.0,0.0,0.0,0.0,-1958232.25,8500.0,313317.16,0.0,0.0,0.0,0.0,0.0,0.0,0.0,0.0,0.0,0.0,0.0,0.0,0.0,-1.9582322e+06,8500.0,313317.16,317317.16,0.0,3000.0,1000.0,0.0,0.0,0.0,0.0,0.0,0.0,0.0,-613000.0,0.0,0.0,0.0,0.0,0.0,0.0,0.0,0.0,0.0,0.0,0.0,0.0,0.0,0.0,0.0
88571,2025,1,8031.08,5010.73,14778.54,7389.27,120235.02,0.0,0.0,31500.0,0.0,5631.75,951.0,0.0,87784.03,8031.08,0.0,0.0,0.0,119284.03,0.0,8031.08,7389.27,120235.03,5000.0,7389.27,101814.67,0.0,0.0,0.0,0.0,0.0,0.0,0.0,1400.58,0.0,0.0,12.0,4.0181,120235.03,5000.0,7389.2725,18420.357,8031.0845,3000.0,0.0,0.0,101814.67,5010.7334,0.0,5010.7334,0.0,5010.7334,120235.02,8031.0845,0.0,0.0,8031.0845,0.0,0.0,0.0,0.0,8031.0845,0.0,0.0,0.0,0.0,0.0,1297.6619873046875
88572,2025,1,2497.75,2113.78,9063.58,4531.79,56397.85,0.0,0.0,31500.0,0.0,2700.92,0.0,0.0,24897.85,2497.75,0.0,0.0,0.0,56397.85,0.0,2497.75,4531.79,54373.38,5000.0,4531.79,43875.62,0.0,0.0,0.0,0.0,0.0,0.0,0.0,858.97,0.0,0.0,12.0,4.3999,54373.38,5000.0,4531.791,10497.755,2497.755,3000.0,0.0,0.0,43875.625,2113.7812,0.0,2113.7812,0.0,2113.7812,56397.848,2497.755,0.0,0.0,2497.755,0.0,0.0,0.0,0.0,2497.755,0.0,0.0,0.0,0.0,0.0,0.0
88573,2025,1,1.0543501e+07,1.3478516e+06,189947.05,153387.84,3.7616868e+07,0.0,0.0,31500.0,0.0,10000.0,4.677459e+06,498710.25,3.290791e+07,7.6269125e+06,0.0,0.0,0.0,3.2939408e+07,0.0,10044791.25,153387.84,37658820.0,5000.0,153387.84,26958632.0,0.0,0.0,0.0,0.0,0.0,0.0,0.0,47649.61,0.0,0.0,1.7306979e+06,-86530.0,3.765882e+07,5000.0,153387.84,1.0700189e+07,1.0543501e+07,3000.0,300.0,0.0,2.6958632e+07,1.3478516e+06,0.0,1.3478516e+06,0.0,1.3478516e+06,3.7616868e+07,1.0044791e+07,0.0,498710.25,1.0543501e+07,0.0,0.0,0.0,0.0,1.0543501e+07,0.0,0.0,0.0,0.0,0.0,90252.7421875
88574,2025,1,129790.65,21267.09,44964.01,23886.24,584818.75,0.0,0.0,31500.0,0.0,14554.38,1201.23,636.94,552117.5,126767.26,0.0,0.0,0.0,583617.5,0.0,129153.71,23886.24,584818.69,5000.0,23886.24,426941.81,0.0,0.0,0.0,0.0,0.0,0.0,0.0,10958.2,0.0,0.0,455.4375,-17.9062,584818.7,5000.0,23886.236,157876.89,129790.65,3000.0,1200.0,0.0,426941.8,21267.09,0.0,21267.09,0.0,21267.09,584818.75,129153.71,0.0,636.9367,129790.65,0.0,0.0,0.0,0.0,129790.65,0.0,0.0,0.0,0.0,0.0,0.0
88575,2025,1,20252.51,6704.94,25289.02,12644.51,171595.84,0.0,0.0,31500.0,0.0,8199.79,0.0,0.0,140095.84,19402.72,0.0,0.0,0.0,171595.84,0.0,20252.51,12644.51,171595.84,5000.0,12644.51,135698.81,0.0,0.0,0.0,0.0,0.0,0.0,0.0,2396.67,0.0,0.0,22.0,3.5181,171595.84,5000.0,12644.511,35897.023,20252.514,3000.0,0.0,0.0,135698.81,6704.9404,0.0,6704.9404,0.0,6704.9404,171595.84,20252.514,0.0,0.0,20252.514,0.0,0.0,0.0,0.0,20252.514,0.0,0.0,0.0,0.0,0.0,0.0
88576,2025,1,0.0,1324.09,5003.81,2501.91,41886.6,0.0,4991.28,34700.0,0.0,1728.42,0.0,0.0,0.0,0.0,0.0,0.0,0.0,34700.0,0.0,0.0,2501.91,36081.88,5000.0,2501.91,28081.88,0.0,0.0,0.0,0.0,0.0,0.0,0.0,474.22,0.0,0.0,0.0,4.9998,36081.875,5000.0,2501.9053,8000.0,0.0,3000.0,0.0,813.4436,28081.875,1324.0938,0.0,1324.0938,0.0,1324.0938,41886.598,0.0,0.0,0.0,0.0,0.0,0.0,0.0,0.0,0.0,0.0,0.0,0.0,4991.2812,10174.494,813.443603515625
88577,2025,1,2893.51,2354.7,9116.54,4558.27,59587.58,0.0,0.0,31500.0,0.0,2599.38,0.0,0.0,28087.58,2893.51,0.0,0.0,0.0,59587.58,0.0,2893.51,4558.27,59587.59,5000.0,4558.27,48694.08,0.0,0.0,0.0,0.0,0.0,0.0,0.0,863.99,0.0,0.0,12.0,4.4001,59587.586,5000.0,4558.2676,10893.51,2893.5103,3000.0,0.0,0.0,48694.08,2354.7039,0.0,2354.7039,0.0,2354.7039,59587.586,2893.5103,0.0,0.0,2893.5103,0.0,0.0,0.0,0.0,2893.5103,0.0,0.0,0.0,0.0,0.0,0.0
88578,2025,1,14823.48,4062.5,16164.46,8082.23,106455.75,0.0,0.0,15750.0,0.0,5132.79,0.0,0.0,90705.75,14725.36,0.0,0.0,0.0,106455.75,0.0,14823.48,8082.23,106455.75,2500.0,8082.23,82050.05,0.0,0.0,0.0,0.0,0.0,0.0,0.0,1531.93,0.0,0.0,22.0,3.5171,106455.75,2500.0,8082.229,24405.705,14823.477,1500.0,0.0,0.0,82050.05,4062.5024,0.0,4062.5024,0.0,4062.5024,106455.75,14823.477,0.0,0.0,14823.477,0.0,0.0,0.0,0.0,14823.477,0.0,0.0,0.0,0.0,0.0,0.0
88579,2025,1,1860.09,1322.66,5085.45,2542.72,33238.22,0.0,0.0,15750.0,0.0,1471.91,0.0,0.0,17488.22,1860.09,0.0,0.0,0.0,33238.22,0.0,1860.09,2542.72,33238.22,2625.0,2542.72,27253.13,0.0,0.0,0.0,0.0,0.0,0.0,0.0,481.95,0.0,0.0,12.0,4.4,33238.22,2625.0,2542.7236,5985.0864,1860.0863,1500.0,0.0,0.0,27253.133,1322.6566,0.0,1322.6566,0.0,1322.6566,33238.22,1860.0863,0.0,0.0,1860.0863,0.0,0.0,0.0,0.0,1860.0863,0.0,0.0,0.0,0.0,0.0,0.0
88580,2025,1,-232.48,0.0,464.96,232.48,3038.92,0.0,0.0,15750.0,0.0,476.39,0.0,0.0,0.0,0.0,0.0,0.0,232.48,15750.0,0.0,0.0,232.48,3038.92,3000.0,232.48,0.0,0.0,0.0,0.0,0.0,0.0,0.0,0.0,44.06,0.0,0.0,-7.65,0.0,3038.923,3000.0,232.4776,4500.0,0.0,1500.0,0.0,0.0,0.0,0.0,0.0,0.0,0.0,0.0,3038.923,0.0,0.0,0.0,0.0,232.47762,0.0,0.0,232.47762,-232.47762,0.0,0.0,0.0,0.0,0.0,0.0
88581,2025,1,3.3233745e+06,398137.2,122321.27,81229.3,1.1360794e+07,0.0,0.0,15750.0,0.0,10000.0,1.1030889e+06,130148.38,1.0241954e+07,2.5422648e+06,0.0,0.0,0.0,1.0257704e+07,0.0,3193226.12,81229.3,11369648.0,2500.0,81229.3,7963544.0,0.0,0.0,0.0,0.0,0.0,0.0,0.0,52599.14,0.0,0.0,408180.0,-20404.094,1.1369648e+07,2500.0,81229.3,3.4061038e+06,3.3233745e+06,1500.0,0.0,0.0,7.963544e+06,398137.2,0.0,398137.2,0.0,398137.2,1.1360793e+07,3.193226e+06,0.0,130148.375,3.3233745e+06,0.0,0.0,0.0,0.0,3.3233745e+06,0.0,0.0,0.0,0.0,0.0,339441.03125
88582,2025,1,9.409093e+06,892658.2,656134.9,403723.2,2.7690398e+07,0.0,17347.87,17750.0,0.0,10000.0,1.8802236e+06,30460.72,2.5792424e+07,9.23559e+06,0.0,0.0,0.0,2.5810174e+07,0.0,9378631.72,403723.2,27668280.0,2500.0,403723.2,17853964.0,0.0,0.0,0.0,0.0,0.0,0.0,0.0,390348.38,0.0,0.0,695720.0,-34781.188,2.766828e+07,2500.0,403723.2,9.814316e+06,9.409093e+06,1500.0,0.0,6000.0,1.7853964e+07,892658.2,0.0,892658.2,0.0,892658.2,2.7690398e+07,9.378632e+06,0.0,30460.72,9.409093e+06,0.0,0.0,0.0,0.0,9.409093e+06,0.0,0.0,0.0,17347.871,20409.26,815612.6875
88583,2025,1,0.0,0.0,1135.83,567.91,-605576.3,0.0,0.0,31500.0,0.0,0.0,0.0,0.0,0.0,0.0,0.0,0.0,0.0,31500.0,0.0,0.0,567.91,-20881756.0,8500.0,3.341649e+06,0.0,0.0,0.0,0.0,0.0,0.0,0.0,0.0,107.64,0.0,0.0,0.0,0.0,-2.0881756e+07,8500.0,3.341649e+06,3.344649e+06,0.0,3000.0,0.0,0.0,0.0,0.0,0.0,0.0,0.0,0.0,-605576.3,0.0,0.0,0.0,0.0,0.0,0.0,0.0,0.0,0.0,0.0,0.0,0.0,0.0,0.0,0.0
88584,2025,1,5.532625e+07,7.7266975e+06,1.0121118e+06,714032.5,2.1048603e+08,0.0,0.0,31500.0,0.0,10000.0,8.708633e+06,5.593644e+06,2.0174587e+08,2.0512088e+07,0.0,0.0,0.0,2.0177739e+08,0.0,49732604.0,714032.5,210578832.0,5000.0,714032.5,154535552.0,0.0,0.0,0.0,0.0,0.0,0.0,0.0,512187.09,0.0,0.0,3.2222278e+06,-161107.0,2.1057883e+08,5000.0,714032.5,5.604328e+07,5.532625e+07,3000.0,0.0,0.0,1.5453555e+08,7.7266975e+06,0.0,7.7266975e+06,0.0,7.7266975e+06,2.1048602e+08,4.9732604e+07,0.0,5.593644e+06,5.532625e+07,0.0,0.0,0.0,0.0,5.532625e+07,0.0,0.0,0.0,0.0,0.0,302308.53125
88585,2025,1,0.0,0.0,0.0,0.0,-308000.0,0.0,0.0,15750.0,0.0,0.0,0.0,0.0,0.0,0.0,0.0,0.0,0.0,15750.0,0.0,0.0,0.0,-35553252.0,3000.0,5.6885195e+06,0.0,0.0,0.0,0.0,0.0,0.0,0.0,0.0,0.0,0.0,0.0,0.0,0.0,-3.5553252e+07,3000.0,5.68852e+06,5.69002e+06,0.0,1500.0,0.0,0.0,0.0,0.0,0.0,0.0,0.0,0.0,-308000.0,0.0,0.0,0.0,0.0,0.0,0.0,0.0,0.0,0.0,0.0,0.0,0.0,0.0,0.0,0.0
88586,2025,1,235961.36,31286.1,57843.14,31388.25,898271.7,0.0,0.0,31500.0,0.0,10000.0,13516.09,1236.53,853255.6,228792.77,0.0,0.0,0.0,884755.6,0.0,234724.82,31388.25,898271.56,5000.0,31388.25,627322.0,0.0,0.0,0.0,0.0,0.0,0.0,0.0,16506.54,0.0,0.0,5037.9375,-247.043,898271.56,5000.0,31388.248,270949.6,235961.36,3000.0,600.0,0.0,627322.0,31286.1,0.0,31286.1,0.0,31286.1,898271.7,234724.83,0.0,1236.5337,235961.36,0.0,0.0,0.0,0.0,235961.36,0.0,0.0,0.0,0.0,0.0,0.0
88587,2025,1,0.0,0.0,0.0,0.0,-259937.73,0.0,0.0,15750.0,0.0,0.0,0.0,0.0,0.0,0.0,0.0,0.0,0.0,15750.0,0.0,0.0,0.0,-284369.59,3000.0,45499.14,0.0,0.0,0.0,0.0,0.0,0.0,0.0,0.0,0.0,0.0,0.0,0.0,0.0,-284369.6,3000.0,45499.133,46999.133,0.0,1500.0,0.0,0.0,0.0,0.0,0.0,0.0,0.0,0.0,-259937.73,0.0,0.0,0.0,0.0,0.0,0.0,0.0,0.0,0.0,0.0,0.0,0.0,0.0,0.0,0.0
88588,2025,1,0.0,0.0,0.0,0.0,321.68,0.0,0.0,34700.0,0.0,321.68,0.0,0.0,0.0,0.0,0.0,0.0,0.0,34700.0,0.0,0.0,0.0,321.68,8500.0,0.0,0.0,0.0,0.0,0.0,0.0,0.0,0.0,0.0,0.0,0.0,0.0,0.0,0.0,321.68286,8500.0,0.0,11500.0,0.0,3000.0,0.0,0.0,0.0,0.0,0.0,0.0,0.0,0.0,321.68286,0.0,0.0,0.0,0.0,0.0,0.0,0.0,0.0,0.0,0.0,0.0,0.0,0.0,62883.688,0.0
88589,2025,1,-263.8,3774.53,13499.06,6749.53,88340.04,0.0,0.0,31500.0,0.0,4055.43,0.0,0.0,56840.04,6336.2,6336.2,0.0,0.0,88340.04,0.0,6336.2,6749.53,88340.04,5000.0,6749.53,77090.51,0.0,0.0,0.0,0.0,0.0,0.0,0.0,1279.32,263.8,0.0,12.0,4.6177,88340.04,5000.0,6749.53,11249.529,0.0,3000.0,1500.0,0.0,77090.51,3774.5254,0.0,3774.5254,0.0,3774.5254,88340.04,6336.1987,6336.1987,0.0,0.0,0.0,0.0,263.80127,263.80127,-263.80127,0.0,0.0,0.0,0.0,0.0,0.0
88590,2025,1,0.0,0.0,0.0,0.0,0.0,0.0,0.0,17750.0,0.0,0.0,0.0,0.0,0.0,0.0,0.0,0.0,0.0,17750.0,0.0,0.0,0.0,0.0,3000.0,0.0,0.0,0.0,0.0,0.0,0.0,0.0,0.0,0.0,0.0,0.0,0.0,0.0,0.0,0.0,3000.0,0.0,4500.0,0.0,1500.0,0.0,0.0,0.0,0.0,0.0,0.0,0.0,0.0,0.0,0.0,0.0,0.0,0.0,0.0,0.0,0.0,0.0,0.0,0.0,0.0,0.0,0.0,26538.473,0.0
88591,2025,1,2.2225274e+07,3.3169428e+06,439464.97,422601.53,8.8834936e+07,0.0,0.0,15750.0,0.0,10000.0,2.8567295e+06,2.804757e+06,8.5962456e+07,4.899806e+06,0.0,0.0,0.0,8.597821e+07,0.0,19420521.0,422601.53,88989032.0,2500.0,422601.53,66339656.0,0.0,0.0,0.0,0.0,0.0,0.0,0.0,103483.6,0.0,0.0,1.057028e+06,-52846.75,8.898903e+07,2500.0,422601.5,2.2649378e+07,2.2225276e+07,1500.0,0.0,0.0,6.6339656e+07,3.3169428e+06,0.0,3.3169428e+06,0.0,3.3169428e+06,8.8834936e+07,1.942052e+07,0.0,2.804757e+06,2.2225276e+07,0.0,0.0,0.0,0.0,2.2225276e+07,0.0,0.0,0.0,0.0,0.0,331877.21875
88592,2025,1,930364.3,104228.14,117455.05,66606.35,3.0864335e+06,0.0,0.0,31500.0,0.0,10000.0,53722.5,30992.29,3.001211e+06,740385.4,0.0,0.0,0.0,3.032711e+06,0.0,899372.0,66606.35,3086433.5,5000.0,66606.35,2086162.75,0.0,0.0,0.0,0.0,0.0,0.0,0.0,44769.95,0.0,0.0,19914.312,-990.8281,3.0864335e+06,5000.0,66606.35,1.0002707e+06,930364.3,3000.0,300.0,0.0,2.0861628e+06,104228.14,0.0,104228.14,0.0,104228.14,3.0864335e+06,899372.0,0.0,30992.291,930364.3,0.0,0.0,0.0,0.0,930364.3,0.0,0.0,0.0,0.0,0.0,1385.5743408203125
88593,2025,1,-4917.48,2106.9,8356.29,4178.14,52738.06,0.0,0.0,31500.0,0.0,2350.24,0.0,0.0,21238.06,2123.81,1549.32,574.48,2066.8,52738.06,0.0,2123.81,4178.14,52738.06,5000.0,4178.14,43738.06,0.0,0.0,0.0,0.0,0.0,0.0,0.0,791.94,2850.68,0.0,30.0088,5.0,52738.062,5000.0,4178.144,9000.0,0.0,3000.0,1000.0,0.0,43738.062,2106.903,0.0,2106.903,0.0,2106.903,52738.062,2123.8062,2123.8062,0.0,0.0,2066.7974,0.0,2850.6782,4917.4756,-4917.4756,0.0,0.0,0.0,0.0,0.0,0.0
88594,2025,1,1981.21,1986.55,7846.12,3923.06,51312.14,0.0,0.0,31500.0,0.0,2374.85,0.0,0.0,19812.14,1981.21,0.0,0.0,0.0,51312.14,0.0,1981.21,3923.06,51312.14,5000.0,3923.06,41330.92,0.0,0.0,0.0,0.0,0.0,0.0,0.0,743.59,0.0,0.0,10.0,4.5,51312.137,5000.0,3923.0596,9981.214,1981.2136,3000.0,0.0,0.0,41330.92,1986.5461,0.0,1986.5461,0.0,1986.5461,51312.137,1981.2136,0.0,0.0,1981.2136,0.0,0.0,0.0,0.0,1981.2136,0.0,0.0,0.0,0.0,0.0,0.0
88595,2025,1,-432.6,0.0,865.19,432.6,2654.87,0.0,0.0,31500.0,0.0,569.06,0.0,0.0,0.0,0.0,0.0,0.0,432.6,31500.0,0.0,0.0,432.6,-13834.47,8500.0,2646.11,0.0,0.0,0.0,0.0,0.0,0.0,0.0,0.0,82.0,0.0,0.0,-7.65,0.0,-13834.472,8500.0,2646.1128,11500.0,0.0,3000.0,0.0,0.0,0.0,0.0,0.0,0.0,0.0,0.0,2654.8682,0.0,0.0,0.0,0.0,432.5974,0.0,0.0,432.5974,-432.5974,0.0,0.0,0.0,0.0,0.0,0.0
88596,2025,1,0.0,2891.65,2195.09,1097.55,78382.15,0.0,8752.52,33100.0,0.0,3539.11,0.0,0.0,39282.15,0.0,0.0,0.0,0.0,72382.15,0.0,0.0,1097.55,67432.93,5000.0,1097.55,59432.93,0.0,0.0,0.0,0.0,0.0,0.0,0.0,208.03,0.0,0.0,0.0,5.0,67432.93,5000.0,1097.5454,8000.0,0.0,3000.0,0.0,2196.7046,59432.93,2891.6465,0.0,2891.6465,0.0,2891.6465,78382.15,0.0,0.0,0.0,0.0,0.0,0.0,0.0,0.0,0.0,0.0,0.0,0.0,8752.518,10297.079,4393.4091796875
88597,2025,1,18148.2,4579.96,18452.91,9226.46,121273.89,0.0,0.0,15750.0,0.0,5873.69,0.0,0.0,105523.89,18107.32,0.0,0.0,0.0,121273.89,0.0,18148.2,9226.46,121273.89,2500.0,9226.46,92399.23,0.0,0.0,0.0,0.0,0.0,0.0,0.0,1748.81,0.0,0.0,24.0,3.417,121273.89,2500.0,9226.455,28874.658,18148.203,1500.0,0.0,0.0,92399.234,4579.962,0.0,4579.962,0.0,4579.962,121273.89,18148.203,0.0,0.0,18148.203,0.0,0.0,0.0,0.0,18148.203,0.0,0.0,0.0,0.0,0.0,0.0
88598,2025,1,0.0,1641.12,0.0,0.0,43622.38,0.0,0.0,17750.0,0.0,1991.12,0.0,0.0,19872.38,0.0,0.0,0.0,0.0,37622.38,0.0,0.0,0.0,37622.38,2500.0,0.0,33622.38,0.0,0.0,0.0,0.0,0.0,0.0,0.0,0.0,0.0,0.0,0.0,2.5,37622.383,2500.0,0.0,4000.0,0.0,1500.0,0.0,6000.0,33622.383,1641.1191,0.0,1641.1191,0.0,1641.1191,43622.383,0.0,0.0,0.0,0.0,0.0,0.0,0.0,0.0,0.0,0.0,0.0,0.0,0.0,0.0,21527.80078125
88599,2025,1,-11071.98,533.66,3469.0,1734.5,22673.22,0.0,0.0,23625.0,0.0,943.66,0.0,0.0,0.0,0.0,0.0,0.0,8046.0,23625.0,0.0,0.0,1734.5,22673.21,5200.0,1734.5,11473.21,0.0,0.0,0.0,0.0,0.0,0.0,0.0,328.76,3025.98,0.0,-15.0,5.0,22673.215,5200.0,1734.5009,11200.0,0.0,3000.0,3000.0,0.0,11473.215,533.66077,0.0,533.66077,0.0,533.66077,22673.215,0.0,0.0,0.0,0.0,8046.0,0.0,3025.9824,11071.982,-11071.982,0.0,0.0,0.0,0.0,0.0,0.0
88600,2025,1,52385.92,10333.05,27178.62,13678.52,274936.28,0.0,0.0,15750.0,0.0,13556.82,5924.2,1834.86,253262.1,43884.17,0.0,0.0,0.0,269012.1,0.0,50551.06,13678.52,275025.5,2500.0,13678.52,207461.06,0.0,0.0,0.0,0.0,0.0,0.0,0.0,2581.9,0.0,0.0,1927.7382,-91.459,275025.5,2500.0,13678.518,67564.44,52385.918,1500.0,0.0,0.0,207461.06,10333.053,0.0,10333.053,0.0,10333.053,274936.28,50551.062,0.0,1834.8566,52385.918,0.0,0.0,0.0,0.0,52385.918,0.0,0.0,0.0,0.0,0.0,18967.736328125
88601,2025,1,-5065.95,1001.42,4449.77,2224.88,29083.44,0.0,0.0,23625.0,0.0,1264.17,0.0,0.0,5458.44,545.84,545.84,0.0,3411.8,29083.44,0.0,545.84,2224.88,29083.44,4255.0,2224.88,20828.44,0.0,0.0,0.0,0.0,0.0,0.0,0.0,421.71,1654.16,0.0,25.98,5.0,29083.443,4255.0,2224.8833,8255.0,0.0,3000.0,1000.0,0.0,20828.443,1001.4222,0.0,1001.4222,0.0,1001.4222,29083.443,545.84436,545.84436,0.0,0.0,3411.796,0.0,1654.1556,5065.9517,-5065.9517,0.0,0.0,0.0,0.0,0.0,0.0
88602,2025,1,1418.49,1151.99,4522.42,2261.21,29558.28,0.0,0.0,15750.0,0.0,1287.91,0.0,0.0,13808.28,1418.49,0.0,0.0,0.0,29558.28,0.0,1418.49,2261.21,29558.28,2800.0,2261.21,23839.78,0.0,0.0,0.0,0.0,0.0,0.0,0.0,428.59,0.0,0.0,12.0,4.4,29558.275,2800.0,2261.208,5718.493,1418.493,1500.0,0.0,0.0,23839.781,1151.989,0.0,1151.989,0.0,1151.989,29558.275,1418.493,0.0,0.0,1418.493,0.0,0.0,0.0,0.0,1418.493,0.0,0.0,0.0,0.0,0.0,0.0
88603,2025,1,4777.27,3829.09,14319.9,7159.95,93618.93,0.0,0.0,31500.0,0.0,4300.95,0.0,0.0,62118.93,6977.27,2200.0,0.0,0.0,93618.93,0.0,6977.27,7159.95,93618.93,5000.0,7159.95,78181.71,0.0,0.0,0.0,0.0,0.0,0.0,0.0,1357.11,0.0,0.0,12.001,4.0176,93618.93,5000.0,7159.9478,15437.219,4777.2715,3000.0,500.0,0.0,78181.71,3829.0854,0.0,3829.0854,0.0,3829.0854,93618.93,6977.2715,2200.0,0.0,4777.2715,0.0,0.0,0.0,0.0,4777.2715,0.0,0.0,0.0,0.0,0.0,0.0
88604,2025,1,1.5007172e+06,181417.84,118249.02,68997.94,5.2010715e+06,0.0,0.0,31500.0,0.0,10000.0,308953.8,65646.48,4.8606175e+06,1.0969291e+06,0.0,0.0,0.0,4.8921175e+06,0.0,1435070.69,68997.94,5202972.0,5000.0,68997.94,3629956.75,0.0,0.0,0.0,0.0,0.0,0.0,0.0,43897.74,0.0,0.0,114350.0,-5712.5938,5.202972e+06,5000.0,68997.945,1.5730152e+06,1.5007172e+06,3000.0,300.0,0.0,3.6299568e+06,181417.84,0.0,181417.84,0.0,181417.84,5.2010715e+06,1.4350708e+06,0.0,65646.48,1.5007172e+06,0.0,0.0,0.0,0.0,1.5007172e+06,0.0,0.0,0.0,0.0,0.0,1035.47802734375
88605,2025,1,-7133.28,132.57,2088.67,1044.33,13651.41,0.0,0.0,23625.0,0.0,633.01,0.0,0.0,0.0,0.0,0.0,0.0,5460.56,23625.0,0.0,0.0,1044.33,13651.41,5200.0,1044.33,3451.41,0.0,0.0,0.0,0.0,0.0,0.0,0.0,197.95,1672.71,0.0,-55.0,5.0,13651.412,5200.0,1044.333,10200.0,0.0,3000.0,2000.0,0.0,3451.412,132.5706,0.0,132.5706,0.0,132.5706,13651.412,0.0,0.0,0.0,0.0,5460.565,0.0,1672.7119,7133.277,-7133.277,0.0,0.0,0.0,0.0,0.0,0.0
88606,2025,1,-425.08,2055.92,9469.13,4734.56,58891.1,0.0,0.0,31500.0,0.0,2564.55,0.0,0.0,27391.1,2809.93,2700.0,0.0,535.01,58891.1,0.0,2809.93,4734.56,51718.38,5000.0,4734.56,42718.38,0.0,0.0,0.0,0.0,0.0,0.0,0.0,897.4,0.0,0.0,33.0601,5.0,51718.38,5000.0,4734.563,9000.0,0.0,3000.0,1000.0,0.0,42718.38,2055.919,0.0,2055.919,0.0,2055.919,58891.094,2809.9312,2700.0,0.0,109.93115,535.0088,0.0,0.0,535.0088,-425.07764,0.0,0.0,0.0,0.0,0.0,0.0
88607,2025,1,3219.66,2474.29,9581.19,4790.6,62305.52,0.0,0.0,31500.0,0.0,2735.28,0.0,0.0,30805.52,3219.66,0.0,0.0,0.0,62305.52,0.0,3219.66,4790.6,62305.52,5000.0,4790.6,51085.85,0.0,0.0,0.0,0.0,0.0,0.0,0.0,908.02,0.0,0.0,12.0,4.4001,62305.516,5000.0,4790.595,11219.662,3219.6619,3000.0,0.0,0.0,51085.85,2474.2925,0.0,2474.2925,0.0,2474.2925,62305.516,3219.6619,0.0,0.0,3219.6619,0.0,0.0,0.0,0.0,3219.6619,0.0,0.0,0.0,0.0,0.0,0.0
88608,2025,1,-3829.13,830.34,4050.2,2025.1,26471.87,0.0,0.0,23625.0,0.0,1133.59,0.0,0.0,2846.87,284.69,284.69,0.0,3829.13,26471.87,0.0,284.69,2025.1,26471.87,5065.0,2025.1,17406.87,0.0,0.0,0.0,0.0,0.0,0.0,0.0,383.84,0.0,0.0,15.98,11.75,26471.87,5065.0,2025.0979,9065.0,0.0,3000.0,1000.0,0.0,17406.87,830.34344,0.0,830.34344,0.0,830.34344,26471.87,284.68692,284.68692,0.0,0.0,3829.1252,0.0,0.0,3829.1252,-3829.1252,0.0,0.0,0.0,0.0,0.0,0.0
88609,2025,1,-8475.72,0.0,6170.32,3085.16,32588.59,0.0,0.0,31500.0,0.0,1581.06,0.0,0.0,1088.59,108.86,108.86,0.0,5075.71,32588.59,0.0,108.86,3085.16,8002.9,8500.0,3085.16,0.0,0.0,0.0,0.0,0.0,0.0,0.0,0.0,584.77,3400.0,0.0,21.0596,0.0,8002.896,8500.0,3085.1611,13500.0,0.0,3000.0,2000.0,0.0,0.0,0.0,0.0,0.0,0.0,0.0,32588.59,108.858986,108.85901,0.0,-2.2888184e-05,5075.7144,0.0,3400.0,8475.715,-8475.715,0.0,0.0,0.0,0.0,0.0,0.0
88610,2025,1,17186.16,5675.06,22067.84,12287.43,145821.23,0.0,0.0,23625.0,0.0,7101.06,3297.93,0.0,118898.31,19476.79,2200.0,194.89,0.0,142523.31,0.0,19581.04,12287.43,147074.75,2500.0,12287.43,114301.16,0.0,0.0,0.0,0.0,0.0,0.0,0.0,1853.8,0.0,0.0,24.0,3.418,147074.75,2500.0,12287.432,32773.59,17186.158,3000.0,300.0,0.0,114301.16,5675.0576,0.0,5675.0576,0.0,5675.0576,145821.23,19581.045,2394.886,0.0,17186.158,0.0,0.0,0.0,0.0,17186.158,0.0,0.0,0.0,0.0,0.0,0.0
88611,2025,1,29179.69,9085.34,28483.23,14412.43,230028.2,0.0,0.0,31500.0,0.0,11121.41,8362.54,0.0,190165.66,30769.49,2200.0,0.0,0.0,221665.66,0.0,31379.69,14412.43,230199.0,5000.0,14412.43,183306.88,0.0,0.0,0.0,0.0,0.0,0.0,0.0,2667.01,0.0,0.0,22.0,3.5176,230199.0,5000.0,14412.429,46892.117,29179.688,3000.0,300.0,0.0,183306.88,9085.344,0.0,9085.344,0.0,9085.344,230028.2,31379.688,2200.0,0.0,29179.688,0.0,0.0,0.0,0.0,29179.688,0.0,0.0,0.0,0.0,0.0,5.782033443450928
88612,2025,1,22462.96,5975.63,17145.22,8572.61,152848.25,0.0,0.0,15750.0,0.0,7452.41,70.3,0.0,137027.95,16897.56,0.0,0.0,0.0,152777.95,0.0,22462.96,8572.61,152848.25,2500.0,8572.61,120312.67,0.0,0.0,0.0,0.0,0.0,0.0,0.0,1624.87,0.0,0.0,22.0,3.5176,152848.25,2500.0,8572.612,32535.574,22462.96,1500.0,0.0,0.0,120312.67,5975.634,0.0,5975.634,0.0,5975.634,152848.25,22462.96,0.0,0.0,22462.96,0.0,0.0,0.0,0.0,22462.96,0.0,0.0,0.0,0.0,0.0,1605.8575439453125
88613,2025,1,2.6475686e+07,3.363461e+06,744525.4,727959.44,9.420739e+07,0.0,0.0,31500.0,0.0,10000.0,1.2251617e+07,1.2367026e+06,8.192427e+07,1.9360092e+07,0.0,0.0,0.0,8.195578e+07,0.0,25238985.0,727959.44,94478368.0,5000.0,727959.44,67270824.0,0.0,0.0,0.0,0.0,0.0,0.0,0.0,175093.8,0.0,0.0,4.53314e+06,-226652.0,9.447837e+07,5000.0,727959.44,2.7207546e+07,2.6475686e+07,3000.0,900.0,0.0,6.7270824e+07,3.3634612e+06,0.0,3.3634612e+06,0.0,3.3634612e+06,9.420739e+07,2.5238984e+07,0.0,1.2367026e+06,2.6475686e+07,0.0,0.0,0.0,0.0,2.6475686e+07,0.0,0.0,0.0,0.0,0.0,15011.8740234375
88614,2025,1,-6362.86,0.0,1718.15,859.08,11229.77,0.0,0.0,23625.0,0.0,724.37,0.0,0.0,0.0,0.0,0.0,0.0,5053.4,23625.0,0.0,0.0,859.08,11229.77,5200.0,859.08,0.0,0.0,0.0,0.0,0.0,0.0,0.0,0.0,162.83,1309.47,0.0,-60.0,0.0,11229.7705,5200.0,859.07745,12200.0,0.0,3000.0,4000.0,0.0,0.0,0.0,0.0,0.0,0.0,0.0,11229.7705,0.0,0.0,0.0,0.0,5053.3965,0.0,1309.4656,6362.8623,-6362.8623,0.0,0.0,0.0,0.0,0.0,0.0
88615,2025,1,359656.0,55198.58,40172.34,20569.7,1.488725e+06,0.0,0.0,31500.0,0.0,10000.0,163690.84,12655.02,1.2935341e+06,281507.84,0.0,0.0,0.0,1.3250341e+06,0.0,347000.96,20569.7,1488797.38,5000.0,20569.7,1105571.75,0.0,0.0,0.0,0.0,0.0,0.0,0.0,5700.12,0.0,0.0,60602.625,-3025.3088,1.4887974e+06,5000.0,20569.701,383225.7,359656.0,3000.0,0.0,0.0,1.1055718e+06,55198.586,0.0,55198.586,0.0,55198.586,1.488725e+06,347000.97,0.0,12655.019,359656.0,0.0,0.0,0.0,0.0,359656.0,0.0,0.0,0.0,0.0,0.0,851.2622680664062
88616,2025,1,17381.04,5665.31,22067.84,12287.43,145821.23,0.0,0.0,23625.0,0.0,7101.06,3297.93,0.0,118898.31,19476.79,2200.0,0.0,0.0,142523.31,0.0,19581.04,12287.43,147074.75,2500.0,12287.43,114106.27,0.0,0.0,0.0,0.0,0.0,0.0,0.0,1853.8,0.0,0.0,24.0,3.418,147074.75,2500.0,12287.432,32968.477,17381.045,3000.0,300.0,0.0,114106.27,5665.3135,0.0,5665.3135,0.0,5665.3135,145821.23,19581.045,2200.0,0.0,17381.045,0.0,0.0,0.0,0.0,17381.045,0.0,0.0,0.0,0.0,0.0,0.0
88617,2025,1,0.0,0.0,8467.6,6565.4,-569956.1,10852.8,0.0,34700.0,0.0,0.0,0.0,0.0,0.0,0.0,0.0,0.0,0.0,34700.0,0.0,0.0,6565.4,-3090873.25,8500.0,501105.12,0.0,0.0,0.0,0.0,0.0,0.0,0.0,0.0,360.55,0.0,0.0,0.0,0.0,-3.0908732e+06,8500.0,501105.12,505105.12,0.0,3000.0,1000.0,7051.688,0.0,0.0,0.0,0.0,0.0,0.0,-569956.1,0.0,0.0,0.0,0.0,0.0,0.0,0.0,0.0,0.0,0.0,0.0,0.0,0.0,0.0,7051.68798828125
88618,2025,1,519111.84,66778.33,59008.3,42416.03,1.8904006e+06,0.0,0.0,31500.0,0.0,10000.0,167587.38,31737.4,1.6913132e+06,416487.38,0.0,1200.0,0.0,1.7228132e+06,0.0,488574.42,42416.03,1902294.5,5000.0,42416.03,1337166.62,0.0,0.0,0.0,0.0,0.0,0.0,0.0,5180.62,0.0,0.0,62045.16,-3097.4412,1.9022945e+06,5000.0,42416.03,565127.9,519111.84,3000.0,600.0,0.0,1.3371666e+06,66778.33,0.0,66778.33,0.0,66778.33,1.8904006e+06,488574.44,1200.0,31737.402,519111.84,0.0,0.0,0.0,0.0,519111.84,0.0,0.0,0.0,0.0,0.0,376.4412536621094
88619,2025,1,144.59,2118.3,7755.31,3877.65,50688.28,0.0,0.0,23625.0,0.0,2344.41,0.0,0.0,27063.28,2907.59,2200.0,563.0,0.0,50688.28,0.0,2907.59,3877.65,50688.29,2500.0,3877.65,43166.04,0.0,0.0,0.0,0.0,0.0,0.0,0.0,734.98,0.0,0.0,12.0,4.0176,50688.285,2500.0,3877.6538,7522.244,144.59009,3000.0,500.0,0.0,43166.04,2118.302,0.0,2118.302,0.0,2118.302,50688.285,2907.5942,2763.0042,0.0,144.59009,0.0,0.0,0.0,0.0,144.59009,0.0,0.0,0.0,0.0,0.0,0.0
88620,2025,1,131572.97,25933.62,41652.03,22424.23,675787.4,0.0,0.0,31500.0,0.0,10000.0,76745.3,1547.25,567542.06,124244.34,0.0,0.0,0.0,599042.06,0.0,130025.72,22424.23,677269.56,5000.0,22424.23,520272.38,0.0,0.0,0.0,0.0,0.0,0.0,0.0,3876.54,0.0,0.0,28824.36,-1436.256,677269.56,5000.0,22424.227,156997.19,131572.97,3000.0,0.0,0.0,520272.38,25933.62,0.0,25933.62,0.0,25933.62,675787.4,130025.72,0.0,1547.2509,131572.97,0.0,0.0,0.0,0.0,131572.97,0.0,0.0,0.0,0.0,0.0,0.0
88621,2025,1,311218.62,48361.74,38467.74,21116.28,1.3030405e+06,0.0,0.0,31500.0,0.0,10000.0,133002.67,10187.89,1.1385379e+06,248923.9,0.0,0.0,0.0,1.1700379e+06,0.0,301030.72,21116.28,1304169.62,5000.0,21116.28,968834.75,0.0,0.0,0.0,0.0,0.0,0.0,0.0,6429.77,0.0,0.0,49247.94,-2457.539,1.3041696e+06,5000.0,21116.277,335334.9,311218.62,3000.0,0.0,0.0,968834.75,48361.74,0.0,48361.74,0.0,48361.74,1.3030405e+06,301030.72,0.0,10187.891,311218.62,0.0,0.0,0.0,0.0,311218.62,0.0,0.0,0.0,0.0,0.0,30395.4375
88622,2025,1,9609.33,4625.92,17678.87,8839.44,115567.21,0.0,0.0,31500.0,0.0,5418.38,0.0,0.0,84067.21,9609.33,0.0,0.0,0.0,115567.21,0.0,9609.33,8839.44,115567.21,5000.0,8839.44,94118.45,0.0,0.0,0.0,0.0,0.0,0.0,0.0,1675.45,0.0,0.0,12.0,4.0176,115567.21,5000.0,8839.437,21448.766,9609.33,3000.0,0.0,0.0,94118.445,4625.9224,0.0,4625.9224,0.0,4625.9224,115567.21,9609.33,0.0,0.0,9609.33,0.0,0.0,0.0,0.0,9609.33,0.0,0.0,0.0,0.0,0.0,0.0
88623,2025,1,7611.83,3973.28,15320.63,7660.32,99337.79,0.0,0.0,31500.0,0.0,4602.37,0.0,0.0,67837.79,7611.83,0.0,0.0,0.0,99337.79,0.0,7611.83,7660.32,99337.79,5000.0,7660.32,81065.64,0.0,0.0,0.0,0.0,0.0,0.0,0.0,1451.96,0.0,0.0,12.0,4.0181,99337.79,5000.0,7660.3154,18272.146,7611.8315,3000.0,0.0,0.0,81065.64,3973.282,0.0,3973.282,0.0,3973.282,99337.79,7611.8315,0.0,0.0,7611.8315,0.0,0.0,0.0,0.0,7611.8315,0.0,0.0,0.0,0.0,0.0,0.0
88624,2025,1,8.903834e+06,1.0818126e+06,129126.52,80495.4,3.0618968e+07,0.0,0.0,15750.0,0.0,10000.0,1.6128994e+06,755649.25,2.8990318e+07,5.165535e+06,0.0,0.0,0.0,2.9006068e+07,0.0,8148185.25,80495.4,30622882.0,2500.0,80495.4,21637052.0,0.0,0.0,0.0,0.0,0.0,0.0,0.0,61750.05,0.0,0.0,596810.0,-29835.625,3.0622882e+07,2500.0,80495.41,8.985829e+06,8.903834e+06,1500.0,0.0,0.0,2.1637052e+07,1.0818126e+06,0.0,1.0818126e+06,0.0,1.0818126e+06,3.0618968e+07,8.148185e+06,0.0,755649.3,8.903834e+06,0.0,0.0,0.0,0.0,8.903834e+06,0.0,0.0,0.0,0.0,0.0,68074.390625
88625,2025,1,419.29,711.18,3051.27,1525.63,19942.93,0.0,0.0,15750.0,0.0,807.15,0.0,0.0,4192.93,419.29,0.0,0.0,0.0,19942.93,0.0,419.29,1525.63,19942.93,3000.0,1525.63,15023.64,0.0,0.0,0.0,0.0,0.0,0.0,0.0,289.17,0.0,0.0,10.0,4.5,19942.932,3000.0,1525.6343,4919.293,419.29315,1500.0,0.0,0.0,15023.639,711.18195,0.0,711.18195,0.0,711.18195,19942.932,419.29315,0.0,0.0,419.29315,0.0,0.0,0.0,0.0,419.29315,0.0,0.0,0.0,0.0,0.0,0.0
88626,2025,1,3433.98,2752.67,19152.02,10234.56,82424.84,0.0,0.0,31500.0,0.0,4991.26,0.0,0.0,50924.84,5633.98,2200.0,0.0,0.0,82424.84,0.0,5633.98,10234.56,73821.93,5000.0,10234.56,56653.39,0.0,0.0,0.0,0.0,0.0,0.0,0.0,1690.24,0.0,0.0,12.0,4.0176,73821.93,5000.0,10234.561,17168.543,3433.9814,3000.0,500.0,0.0,56653.387,2752.6694,0.0,2752.6694,0.0,2752.6694,82424.84,5633.9814,2200.0,0.0,3433.9814,0.0,0.0,0.0,0.0,3433.9814,0.0,0.0,0.0,0.0,0.0,28.487642288208008
88627,2025,1,0.0,0.0,0.0,0.0,-308000.0,0.0,0.0,15750.0,0.0,0.0,0.0,0.0,0.0,0.0,0.0,0.0,0.0,15750.0,0.0,0.0,0.0,-7178158.0,3000.0,1.1485052e+06,0.0,0.0,0.0,0.0,0.0,0.0,0.0,0.0,0.0,0.0,0.0,0.0,0.0,-7.178158e+06,3000.0,1.1485052e+06,1.1500052e+06,0.0,1500.0,0.0,0.0,0.0,0.0,0.0,0.0,0.0,0.0,-308000.0,0.0,0.0,0.0,0.0,0.0,0.0,0.0,0.0,0.0,0.0,0.0,0.0,0.0,0.0,0.0
88628,2025,1,0.0,0.0,0.0,0.0,-612979.8,0.0,0.0,34700.0,0.0,0.0,0.0,0.0,0.0,0.0,0.0,0.0,0.0,34700.0,0.0,0.0,0.0,-3581032.25,8500.0,572965.1,0.0,0.0,0.0,0.0,0.0,0.0,0.0,0.0,0.0,0.0,0.0,0.0,0.0,-3.5810322e+06,8500.0,572965.1,575965.1,0.0,3000.0,0.0,0.0,0.0,0.0,0.0,0.0,0.0,0.0,-612979.8,0.0,0.0,0.0,0.0,0.0,0.0,0.0,0.0,0.0,0.0,0.0,0.0,0.0,23596.451,0.0
88629,2025,1,911313.7,104103.73,85780.1,49131.56,3.0483198e+06,0.0,0.0,31500.0,0.0,10000.0,181658.88,19114.82,2.835161e+06,797053.94,0.0,0.0,0.0,2.866661e+06,0.0,892198.91,49131.56,3048319.75,5000.0,49131.56,2083674.5,0.0,0.0,0.0,0.0,0.0,0.0,0.0,36219.59,0.0,0.0,67250.75,-3357.664,3.0483198e+06,5000.0,49131.566,964645.25,911313.7,3000.0,1200.0,0.0,2.0836745e+06,104103.73,0.0,104103.73,0.0,104103.73,3.0483198e+06,892198.9,0.0,19114.814,911313.7,0.0,0.0,0.0,0.0,911313.7,0.0,0.0,0.0,0.0,0.0,0.0
88630,2025,1,0.0,0.0,0.0,0.0,-308000.0,0.0,0.0,15750.0,0.0,0.0,0.0,0.0,0.0,0.0,0.0,0.0,0.0,15750.0,0.0,0.0,0.0,-7178158.0,3000.0,1.1485052e+06,0.0,0.0,0.0,0.0,0.0,0.0,0.0,0.0,0.0,0.0,0.0,0.0,0.0,-7.178158e+06,3000.0,1.1485052e+06,1.1500052e+06,0.0,1500.0,0.0,0.0,0.0,0.0,0.0,0.0,0.0,0.0,-308000.0,0.0,0.0,0.0,0.0,0.0,0.0,0.0,0.0,0.0,0.0,0.0,0.0,0.0,0.0,0.0
88631,2025,1,1536.37,3482.01,2406.86,1203.43,125168.95,0.0,38969.54,34700.0,0.0,5878.45,2.97,0.0,78465.98,1536.37,0.0,0.0,0.0,113165.98,0.0,1536.37,1203.43,80776.53,5000.0,1203.43,71240.16,0.0,0.0,0.0,0.0,0.0,0.0,0.0,228.1,0.0,0.0,10.0,4.5,80776.53,5000.0,1203.4279,9536.366,1536.3665,3000.0,0.0,5422.8784,71240.164,3482.0083,0.0,3482.0083,0.0,3482.0083,125168.95,1536.3665,0.0,0.0,1536.3665,0.0,0.0,0.0,0.0,1536.3665,0.0,0.0,0.0,38969.54,45846.516,5422.87841796875
88632,2025,1,11182.71,5598.87,21153.96,10576.98,138637.03,0.0,0.0,31500.0,0.0,6709.34,0.0,0.0,107137.03,13349.63,2200.0,0.0,0.0,138637.03,0.0,13382.71,10576.98,138637.02,5000.0,10576.98,113577.33,0.0,0.0,0.0,0.0,0.0,0.0,0.0,2004.79,0.0,0.0,22.0,3.5181,138637.02,5000.0,10576.979,25059.691,11182.712,3000.0,300.0,0.0,113577.33,5598.866,0.0,5598.866,0.0,5598.866,138637.03,13382.712,2200.0,0.0,11182.712,0.0,0.0,0.0,0.0,11182.712,0.0,0.0,0.0,0.0,0.0,0.0
88633,2025,1,8658.4,3510.67,1040.7,520.35,109094.0,0.0,19422.25,17750.0,0.0,5264.7,0.0,0.0,87389.64,2802.46,0.0,0.0,0.0,105139.64,0.0,8658.4,520.35,83671.75,2500.0,520.35,71013.34,0.0,0.0,0.0,0.0,0.0,0.0,0.0,98.63,0.0,0.0,28.6191,3.5691,83671.75,2500.0,520.3502,12658.402,8658.402,1500.0,0.0,6000.0,71013.34,3510.6672,0.0,3510.6672,0.0,3510.6672,109094.0,8658.402,0.0,0.0,8658.402,0.0,0.0,0.0,0.0,8658.402,0.0,0.0,0.0,19422.252,22849.707,18618.638671875
88634,2025,1,0.0,0.0,0.0,0.0,-9466.2,0.0,0.0,23625.0,0.0,0.0,0.0,0.0,0.0,0.0,0.0,0.0,0.0,23625.0,0.0,0.0,0.0,-9466.2,5200.0,1514.59,0.0,0.0,0.0,0.0,0.0,0.0,0.0,0.0,0.0,0.0,0.0,0.0,0.0,-9466.197,5200.0,1514.5916,9200.0,0.0,3000.0,1000.0,0.0,0.0,0.0,0.0,0.0,0.0,0.0,-9466.197,0.0,0.0,0.0,0.0,0.0,0.0,0.0,0.0,0.0,0.0,0.0,0.0,0.0,0.0,0.0
88635,2025,1,-10109.83,0.0,3399.49,1699.74,19218.86,0.0,0.0,31500.0,0.0,682.61,0.0,0.0,0.0,0.0,0.0,0.0,7152.0,31500.0,0.0,0.0,1699.74,8670.7,8500.0,1699.74,0.0,0.0,0.0,0.0,0.0,0.0,0.0,0.0,322.17,2957.83,0.0,-15.0,0.0,8670.7,8500.0,1699.7432,13500.0,0.0,3000.0,2000.0,0.0,0.0,0.0,0.0,0.0,0.0,0.0,19218.865,0.0,0.0,0.0,0.0,7152.0,0.0,2957.8298,10109.83,-10109.83,0.0,0.0,0.0,0.0,0.0,0.0
88636,2025,1,0.0,0.0,3395.52,1697.76,-590547.5,0.0,0.0,34700.0,0.0,0.0,0.0,0.0,0.0,0.0,0.0,0.0,0.0,34700.0,0.0,0.0,1697.76,-7433534.0,8500.0,1.1910632e+06,0.0,0.0,0.0,0.0,0.0,0.0,0.0,0.0,321.8,0.0,0.0,0.0,0.0,-7.433534e+06,8500.0,1.1910632e+06,1.1940632e+06,0.0,3000.0,0.0,0.0,0.0,0.0,0.0,0.0,0.0,0.0,-590547.5,0.0,0.0,0.0,0.0,0.0,0.0,0.0,0.0,0.0,0.0,0.0,0.0,0.0,10910.0,0.0
88637,2025,1,1.090713e+07,1.3535034e+06,297197.3,181233.48,3.8174148e+07,0.0,0.0,34700.0,0.0,10000.0,851177.44,1.01128025e+06,3.728827e+07,5.3959985e+06,0.0,0.0,0.0,3.7322972e+07,0.0,9895850.0,181233.48,38163032.0,5000.0,181233.48,27071668.0,0.0,0.0,0.0,0.0,0.0,0.0,0.0,168545.61,0.0,0.0,314972.0,-15743.626,3.816303e+07,5000.0,181233.48,1.1091363e+07,1.090713e+07,3000.0,0.0,12000.0,2.7071668e+07,1.3535034e+06,0.0,1.3535034e+06,0.0,1.3535034e+06,3.8174148e+07,9.89585e+06,0.0,1.01128025e+06,1.090713e+07,0.0,0.0,0.0,0.0,1.090713e+07,0.0,0.0,0.0,0.0,0.0,61096.66015625
88638,2025,1,357260.84,57478.42,37537.48,19923.41,1.5311765e+06,0.0,0.0,31500.0,0.0,10000.0,35978.61,33225.41,1.4636979e+06,151907.67,0.0,0.0,0.0,1.4951979e+06,995.72,323039.72,19923.41,1531352.62,5000.0,19923.41,1151168.38,0.0,0.0,0.0,0.0,0.0,0.0,0.0,8558.98,0.0,0.0,12627.531,-626.5,1.5313526e+06,5000.0,19923.414,380184.25,357260.84,3000.0,0.0,0.0,1.1511684e+06,57478.418,0.0,57478.418,0.0,57478.418,1.5311765e+06,324035.44,0.0,33225.41,357260.84,0.0,0.0,0.0,0.0,357260.84,0.0,0.0,0.0,0.0,0.0,21626.15234375
88639,2025,1,477631.8,65220.95,41985.26,22319.16,1.8089699e+06,0.0,0.0,31500.0,0.0,10000.0,207015.66,8706.06,1.5704544e+06,426331.7,0.0,0.0,0.0,1.6019544e+06,0.0,468925.71,22319.16,1808970.0,5000.0,22319.16,1306019.0,0.0,0.0,0.0,0.0,0.0,0.0,0.0,10552.44,0.0,0.0,76632.78,-3826.762,1.80897e+06,5000.0,22319.16,502950.94,477631.78,3000.0,0.0,0.0,1.306019e+06,65220.95,0.0,65220.95,0.0,65220.95,1.80897e+06,468925.72,0.0,8706.064,477631.78,0.0,0.0,0.0,0.0,477631.78,0.0,0.0,0.0,0.0,0.0,0.0
88640,2025,1,1.4432541e+07,2.0371498e+06,120736.91,78801.52,5.5255236e+07,0.0,0.0,17750.0,0.0,10000.0,1.2669675e+06,1.7556408e+06,5.397051e+07,4.1484172e+06,0.0,0.0,0.0,5.3988264e+07,0.0,12676900.25,78801.52,55256640.0,2500.0,78801.52,40743796.0,0.0,0.0,0.0,0.0,0.0,0.0,0.0,53067.32,0.0,0.0,468815.97,-23435.75,5.525664e+07,2500.0,78801.52,1.4512843e+07,1.4432541e+07,1500.0,0.0,6000.0,4.0743796e+07,2.0371498e+06,0.0,2.0371498e+06,0.0,2.0371498e+06,5.525523e+07,1.26769e+07,0.0,1.7556409e+06,1.4432541e+07,0.0,0.0,0.0,0.0,1.4432541e+07,0.0,0.0,0.0,0.0,0.0,580203.3125
88641,2025,1,0.0,0.0,0.0,0.0,-3612.88,0.0,0.0,34700.0,0.0,0.0,0.0,0.0,0.0,0.0,0.0,0.0,0.0,34700.0,0.0,0.0,0.0,-25838.36,8500.0,4134.14,0.0,0.0,0.0,0.0,0.0,0.0,0.0,0.0,0.0,0.0,0.0,0.0,0.0,-25838.355,8500.0,4134.1367,11500.0,0.0,3000.0,0.0,0.0,0.0,0.0,0.0,0.0,0.0,0.0,-3612.875,0.0,0.0,0.0,0.0,0.0,0.0,0.0,0.0,0.0,0.0,0.0,0.0,0.0,53200.55,0.0
88642,2025,1,9893.05,4721.24,18038.88,9019.44,117937.2,0.0,0.0,31500.0,0.0,5516.86,0.0,0.0,86437.2,9893.05,0.0,0.0,0.0,117937.2,0.0,9893.05,9019.44,117937.2,5000.0,9019.44,96024.71,0.0,0.0,0.0,0.0,0.0,0.0,0.0,1709.57,0.0,0.0,12.0,4.0176,117937.2,5000.0,9019.44,21912.494,9893.054,3000.0,0.0,0.0,96024.71,4721.2354,0.0,4721.2354,0.0,4721.2354,117937.2,9893.054,0.0,0.0,9893.054,0.0,0.0,0.0,0.0,9893.054,0.0,0.0,0.0,0.0,0.0,0.0
88643,2025,1,7.8817745e+06,1.0721229e+06,128673.82,91450.66,2.940238e+07,0.0,0.0,31500.0,0.0,10000.0,1.2751282e+06,822944.2,2.8095752e+07,3.2227608e+06,0.0,0.0,0.0,2.8127252e+07,0.0,7058831.0,91450.66,29420284.0,5000.0,91450.66,21444058.0,0.0,0.0,0.0,0.0,0.0,0.0,0.0,33801.47,0.0,0.0,471834.0,-23586.75,2.9420284e+07,5000.0,91450.664,7.9762255e+06,7.881775e+06,3000.0,0.0,0.0,2.1444058e+07,1.0721229e+06,0.0,1.0721229e+06,0.0,1.0721229e+06,2.940238e+07,7.058831e+06,0.0,822944.2,7.881775e+06,0.0,0.0,0.0,0.0,7.881775e+06,0.0,0.0,0.0,0.0,0.0,309154.6875
88644,2025,1,4.1773624e+07,5.6127215e+06,39547.7,29498.28,1.5406592e+08,0.0,0.0,34700.0,0.0,10000.0,1.4044762e+07,3.178339e+06,1.3998646e+08,2.3155554e+07,0.0,0.0,0.0,1.4002117e+08,0.0,38595284.0,29498.28,154062448.0,5000.0,29498.28,112256024.0,0.0,0.0,0.0,0.0,0.0,0.0,0.0,4290.68,0.0,0.0,5.1966e+06,-259824.0,1.5406245e+08,5000.0,29498.281,4.1806424e+07,4.1773624e+07,3000.0,300.0,12000.0,1.12256024e+08,5.612721e+06,0.0,5.612721e+06,0.0,5.612721e+06,1.5406592e+08,3.8595284e+07,0.0,3.1783388e+06,4.1773624e+07,0.0,0.0,0.0,0.0,4.1773624e+07,0.0,0.0,0.0,0.0,0.0,70255.484375
88645,2025,1,0.0,527.19,0.0,0.0,23891.21,0.0,2047.36,17750.0,0.0,1004.56,0.0,0.0,141.21,0.0,0.0,0.0,0.0,17891.21,0.0,0.0,0.0,15843.85,3000.0,0.0,11343.85,0.0,0.0,0.0,0.0,0.0,0.0,0.0,0.0,0.0,0.0,0.0,2.5,15843.851,3000.0,0.0,4500.0,0.0,1500.0,0.0,6000.0,11343.851,527.1925,0.0,527.1925,0.0,527.1925,23891.207,0.0,0.0,0.0,0.0,0.0,0.0,0.0,0.0,0.0,0.0,0.0,0.0,2047.3555,14501.719,15825.841796875
88646,2025,1,3170.62,1765.53,6756.38,3378.19,44159.35,0.0,0.0,15750.0,0.0,2017.97,0.0,0.0,28409.35,3170.62,0.0,0.0,0.0,44159.35,0.0,3170.62,3378.19,44159.35,2500.0,3378.19,36110.54,0.0,0.0,0.0,0.0,0.0,0.0,0.0,640.31,0.0,0.0,12.0,4.0176,44159.35,2500.0,3378.1902,8048.8125,3170.622,1500.0,0.0,0.0,36110.54,1765.527,0.0,1765.527,0.0,1765.527,44159.35,3170.622,0.0,0.0,3170.622,0.0,0.0,0.0,0.0,3170.622,0.0,0.0,0.0,0.0,0.0,0.0
88647,2025,1,1.2006586e+07,1.0476098e+06,1.1310121e+06,698556.2,3.368491e+07,0.0,21662.48,17750.0,0.0,10000.0,339328.6,99725.95,3.3327834e+07,1.1458083e+07,0.0,0.0,0.0,3.3345584e+07,0.0,11906859.09,698556.2,33659636.0,2500.0,698556.2,20952996.0,0.0,0.0,0.0,0.0,0.0,0.0,0.0,682863.61,0.0,0.0,125589.01,-6274.625,3.3659636e+07,2500.0,698556.1,1.2706641e+07,1.2006585e+07,1500.0,0.0,6000.0,2.0952996e+07,1.0476098e+06,0.0,1.0476098e+06,0.0,1.0476098e+06,3.368491e+07,1.1906859e+07,0.0,99725.945,1.2006585e+07,0.0,0.0,0.0,0.0,1.2006585e+07,0.0,0.0,0.0,21662.48,25485.27,270668.4375
88648,2025,1,0.0,0.0,0.0,0.0,-54.24,0.0,0.0,17750.0,0.0,0.0,0.0,0.0,0.0,0.0,0.0,0.0,0.0,17750.0,0.0,0.0,0.0,-54.24,3000.0,8.68,0.0,0.0,0.0,0.0,0.0,0.0,0.0,0.0,0.0,0.0,0.0,0.0,0.0,-54.239956,3000.0,8.678392,4500.0,0.0,1500.0,0.0,0.0,0.0,0.0,0.0,0.0,0.0,0.0,-54.239956,0.0,0.0,0.0,0.0,0.0,0.0,0.0,0.0,0.0,0.0,0.0,0.0,0.0,24271.686,0.0
88649,2025,1,193813.08,34746.1,1725.42,862.71,917924.9,0.0,18389.84,17750.0,0.0,10000.0,9426.9,27281.14,890748.0,25719.06,0.0,0.0,0.0,908498.0,9878.31,156653.63,862.71,893535.06,2500.0,862.71,695722.0,0.0,0.0,0.0,0.0,0.0,0.0,0.0,163.52,0.0,0.0,3576.3909,-173.8203,893535.06,2500.0,862.70984,197813.08,193813.08,1500.0,0.0,6000.0,695722.0,34746.1,0.0,34746.1,0.0,34746.1,917924.9,166531.94,0.0,27281.145,193813.08,0.0,0.0,0.0,0.0,193813.08,0.0,0.0,0.0,18389.836,21635.102,53528.58203125
88650,2025,1,1131.54,1035.44,4141.01,2070.5,27065.41,0.0,0.0,15750.0,0.0,1163.27,0.0,0.0,11315.41,1131.54,0.0,0.0,0.0,27065.41,0.0,1131.54,2070.5,27065.41,2925.0,2070.5,21508.87,0.0,0.0,0.0,0.0,0.0,0.0,0.0,392.45,0.0,0.0,10.0,4.5,27065.408,2925.0,2070.5037,5556.541,1131.5408,1500.0,0.0,0.0,21508.867,1035.4434,0.0,1035.4434,0.0,1035.4434,27065.408,1131.5408,0.0,0.0,1131.5408,0.0,0.0,0.0,0.0,1131.5408,0.0,0.0,0.0,0.0,0.0,0.0
88651,2025,1,8.488194e+06,1.1500098e+06,140212.16,97708.75,3.1600446e+07,0.0,20318.34,17750.0,0.0,10000.0,1.0998314e+06,882053.25,3.0482864e+07,3.336094e+06,0.0,0.0,0.0,3.0500614e+07,0.0,7606140.5,97708.75,31588400.0,2500.0,97708.75,23000996.0,0.0,0.0,0.0,0.0,0.0,0.0,0.0,58247.89,0.0,0.0,406975.0,-20343.75,3.15884e+07,2500.0,97708.75,8.587403e+06,8.488194e+06,1500.0,0.0,6000.0,2.3000996e+07,1.1500098e+06,0.0,1.1500098e+06,0.0,1.1500098e+06,3.1600446e+07,7.6061405e+06,0.0,882053.3,8.488194e+06,0.0,0.0,0.0,0.0,8.488194e+06,0.0,0.0,0.0,20318.342,23903.932,690751.4375
88652,2025,1,0.0,0.0,0.0,0.0,0.0,0.0,0.0,17750.0,0.0,0.0,0.0,0.0,0.0,0.0,0.0,0.0,0.0,17750.0,0.0,0.0,0.0,0.0,3000.0,0.0,0.0,0.0,0.0,0.0,0.0,0.0,0.0,0.0,0.0,0.0,0.0,0.0,0.0,0.0,3000.0,0.0,4500.0,0.0,1500.0,0.0,0.0,0.0,0.0,0.0,0.0,0.0,0.0,0.0,0.0,0.0,0.0,0.0,0.0,0.0,0.0,0.0,0.0,0.0,0.0,0.0,0.0,20409.26,0.0
88653,2025,1,1248.4,1656.78,6732.55,3366.28,43984.01,0.0,0.0,31500.0,0.0,1819.2,0.0,0.0,12484.01,1248.4,0.0,0.0,0.0,43984.01,0.0,1248.4,3366.28,43984.01,5000.0,3366.28,34735.61,0.0,0.0,0.0,0.0,0.0,0.0,0.0,638.05,0.0,0.0,10.0,4.5,43984.008,5000.0,3366.276,9248.401,1248.4011,3000.0,0.0,0.0,34735.605,1656.7803,0.0,1656.7803,0.0,1656.7803,43984.01,1248.4011,0.0,0.0,1248.4011,0.0,0.0,0.0,0.0,1248.4011,0.0,0.0,0.0,0.0,0.0,0.0
88654,2025,1,1.5148809e+07,1.8495686e+06,36794.52,36038.81,5.2180724e+07,0.0,15629.5,34700.0,0.0,10000.0,9.426234e+06,190909.8,4.271979e+07,1.4049091e+07,0.0,0.0,0.0,4.2754492e+07,0.0,14957898.62,36038.81,52181720.0,5000.0,36038.81,36992972.0,0.0,0.0,0.0,0.0,0.0,0.0,0.0,1968.85,0.0,0.0,3.4877448e+06,-174382.0,5.218172e+07,5000.0,36038.812,1.5188748e+07,1.5148809e+07,3000.0,900.0,105.10235,3.6992972e+07,1.8495686e+06,0.0,1.8495686e+06,0.0,1.8495686e+06,5.2180724e+07,1.4957899e+07,0.0,190909.8,1.5148809e+07,0.0,0.0,0.0,0.0,1.5148809e+07,0.0,0.0,0.0,15629.495,18387.64,105.10234832763672
88655,2025,1,954462.9,112212.95,95608.55,53206.11,3.2567178e+06,0.0,0.0,31500.0,0.0,10000.0,262945.34,19890.0,2.9622728e+06,833948.75,0.0,0.0,0.0,2.9937725e+06,0.0,934572.84,53206.11,3256828.0,5000.0,53206.11,2245859.0,0.0,0.0,0.0,0.0,0.0,0.0,0.0,31149.51,0.0,0.0,97326.75,-4861.453,3.256828e+06,5000.0,53206.11,1.010969e+06,954462.9,3000.0,300.0,0.0,2.245859e+06,112212.95,0.0,112212.95,0.0,112212.95,3.2567178e+06,934572.9,0.0,19890.002,954462.9,0.0,0.0,0.0,0.0,954462.9,0.0,0.0,0.0,0.0,0.0,222.01747131347656
88656,2025,1,2.1466446e+07,2.189788e+06,146566.0,130144.04,6.53543e+07,0.0,0.0,31500.0,0.0,10000.0,2.0339742e+06,2.0786392e+06,6.328882e+07,1.4737075e+07,0.0,0.0,0.0,6.3320324e+07,0.0,19387806.0,130144.04,65397248.0,5000.0,130144.04,43797360.0,0.0,0.0,0.0,0.0,0.0,0.0,0.0,33327.88,0.0,0.0,752610.0,-37625.5,6.539725e+07,5000.0,130144.04,2.159989e+07,2.1466446e+07,3000.0,300.0,0.0,4.379736e+07,2.189788e+06,0.0,2.189788e+06,0.0,2.189788e+06,6.53543e+07,1.9387806e+07,0.0,2.0786391e+06,2.1466446e+07,0.0,0.0,0.0,0.0,2.1466446e+07,0.0,0.0,0.0,0.0,0.0,103828.96875
88657,2025,1,3327.32,1817.99,6956.17,3478.08,45465.14,0.0,0.0,15750.0,0.0,2083.26,0.0,0.0,29715.14,3327.32,0.0,0.0,0.0,45465.14,0.0,3327.32,3478.08,45465.14,2500.0,3478.08,37159.74,0.0,0.0,0.0,0.0,0.0,0.0,0.0,659.24,0.0,0.0,12.0,4.0173,45465.137,2500.0,3478.0828,8305.399,3327.3164,1500.0,0.0,0.0,37159.74,1817.9869,0.0,1817.9869,0.0,1817.9869,45465.137,3327.3164,0.0,0.0,3327.3164,0.0,0.0,0.0,0.0,3327.3164,0.0,0.0,0.0,0.0,0.0,0.0
88658,2025,1,5493.64,2780.25,0.0,0.0,88684.78,0.0,16786.08,17750.0,0.0,4244.24,0.0,0.0,65755.86,2882.76,0.0,0.0,0.0,83505.86,0.0,5493.64,0.0,65898.7,2500.0,0.0,56405.07,0.0,0.0,0.0,0.0,0.0,0.0,0.0,0.0,0.0,0.0,14.3101,1.7844,65898.7,2500.0,0.0,9493.638,5493.6377,1500.0,0.0,6000.0,56405.066,2780.2534,0.0,2780.2534,0.0,2780.2534,88684.78,5493.6377,0.0,0.0,5493.6377,0.0,0.0,0.0,0.0,5493.6377,0.0,0.0,0.0,16786.078,19748.326,29091.62109375
88659,2025,1,0.0,0.0,0.0,0.0,121.72,0.0,0.0,17750.0,0.0,121.72,0.0,0.0,0.0,0.0,0.0,0.0,0.0,17750.0,0.0,0.0,0.0,121.72,3000.0,0.0,0.0,0.0,0.0,0.0,0.0,0.0,0.0,0.0,0.0,0.0,0.0,0.0,0.0,121.71994,3000.0,0.0,4500.0,0.0,1500.0,0.0,0.0,0.0,0.0,0.0,0.0,0.0,0.0,121.71994,0.0,0.0,0.0,0.0,0.0,0.0,0.0,0.0,0.0,0.0,0.0,0.0,0.0,30216.0,0.0
88660,2025,1,2154.06,2057.7,8574.18,4287.09,53040.62,0.0,0.0,31500.0,0.0,2272.03,0.0,0.0,21540.62,2154.06,0.0,0.0,0.0,53040.62,0.0,2154.06,4287.09,52907.98,5000.0,4287.09,42753.92,0.0,0.0,0.0,0.0,0.0,0.0,0.0,812.59,0.0,0.0,10.0,4.5,52907.98,5000.0,4287.0884,10154.0625,2154.0625,3000.0,0.0,0.0,42753.918,2057.6958,0.0,2057.6958,0.0,2057.6958,53040.625,2154.0625,0.0,0.0,2154.0625,0.0,0.0,0.0,0.0,2154.0625,0.0,0.0,0.0,0.0,0.0,0.0
88661,2025,1,0.0,0.0,17.1,8.55,-612888.25,0.0,0.0,31500.0,0.0,0.0,0.0,0.0,0.0,0.0,0.0,0.0,0.0,31500.0,0.0,0.0,8.55,-7498846.5,8500.0,1.199824e+06,0.0,0.0,0.0,0.0,0.0,0.0,0.0,0.0,1.62,0.0,0.0,0.0,0.0,-7.4988465e+06,8500.0,1.199824e+06,1.204824e+06,0.0,3000.0,2000.0,0.0,0.0,0.0,0.0,0.0,0.0,0.0,-612888.25,0.0,0.0,0.0,0.0,0.0,0.0,0.0,0.0,0.0,0.0,0.0,0.0,0.0,0.0,0.0
88662,2025,1,3626.46,1918.14,7337.58,3668.79,47958.0,0.0,0.0,15750.0,0.0,2207.9,0.0,0.0,32208.0,3626.46,0.0,0.0,0.0,47958.0,0.0,3626.46,3668.79,47958.0,2500.0,3668.79,39162.76,0.0,0.0,0.0,0.0,0.0,0.0,0.0,695.39,0.0,0.0,12.0,4.0173,47958.004,2500.0,3668.7874,8795.248,3626.4604,1500.0,0.0,0.0,39162.758,1918.138,0.0,1918.138,0.0,1918.138,47958.004,3626.4604,0.0,0.0,3626.4604,0.0,0.0,0.0,0.0,3626.4604,0.0,0.0,0.0,0.0,0.0,0.0
88663,2025,1,583300.56,86852.64,0.0,0.0,2.331153e+06,0.0,0.0,31500.0,0.0,10000.0,385438.12,14297.14,1.9142149e+06,494510.9,0.0,0.0,0.0,1.9457149e+06,0.0,569003.42,0.0,2331153.25,5000.0,0.0,1738652.75,0.0,0.0,0.0,0.0,0.0,0.0,0.0,0.0,0.0,0.0,142649.06,-7127.4614,2.3311532e+06,5000.0,0.0,592500.56,583300.56,3000.0,1200.0,0.0,1.7386528e+06,86852.64,0.0,86852.64,0.0,86852.64,2.331153e+06,569003.44,0.0,14297.139,583300.56,0.0,0.0,0.0,0.0,583300.56,0.0,0.0,0.0,0.0,0.0,0.0
88664,2025,1,0.0,0.0,0.0,0.0,-691.56,0.0,0.0,25625.0,0.0,0.0,0.0,0.0,0.0,0.0,0.0,0.0,0.0,25625.0,0.0,0.0,0.0,-691.56,5200.0,110.65,0.0,0.0,0.0,0.0,0.0,0.0,0.0,0.0,0.0,0.0,0.0,-17.0,0.0,-691.55945,5200.0,110.649506,9200.0,0.0,3000.0,1000.0,0.0,0.0,0.0,0.0,0.0,0.0,0.0,-691.55945,0.0,0.0,0.0,0.0,0.0,0.0,0.0,0.0,0.0,0.0,0.0,0.0,0.0,0.0,0.0
88665,2025,1,0.0,0.0,0.0,0.0,0.0,0.0,0.0,15750.0,0.0,0.0,0.0,0.0,0.0,0.0,0.0,0.0,0.0,15750.0,0.0,0.0,0.0,0.0,3000.0,0.0,0.0,0.0,0.0,0.0,0.0,0.0,0.0,0.0,0.0,0.0,0.0,-3.825,0.0,0.0,3000.0,0.0,4500.0,0.0,1500.0,0.0,0.0,0.0,0.0,0.0,0.0,0.0,0.0,0.0,0.0,0.0,0.0,0.0,0.0,0.0,0.0,0.0,0.0,0.0,0.0,0.0,0.0,0.0,0.0
88666,2025,1,283466.72,47996.92,2488.24,1244.12,1.2747736e+06,0.0,20568.42,17750.0,0.0,10000.0,13413.6,40841.4,1.24361e+06,27668.45,0.0,0.0,0.0,1.26136e+06,14668.28,227957.04,1244.12,1248205.25,2500.0,1244.12,960738.5,0.0,0.0,0.0,0.0,0.0,0.0,0.0,235.81,0.0,0.0,4193.0312,-204.6524,1.2482052e+06,2500.0,1244.1184,287466.72,283466.72,1500.0,0.0,6000.0,960738.5,47996.926,0.0,47996.926,0.0,47996.926,1.2747736e+06,242625.33,0.0,40841.4,283466.72,0.0,0.0,0.0,0.0,283466.72,0.0,0.0,0.0,20568.416,24198.135,36771.80859375
88667,2025,1,6.559236e+06,785000.9,72613.9,41084.75,2.2323934e+07,0.0,20287.09,31500.0,0.0,10000.0,3.9000112e+06,69702.56,1.8392422e+07,6.207504e+06,0.0,0.0,0.0,1.8423922e+07,0.0,6489533.5,41084.75,22305238.0,5000.0,41084.75,15701617.0,0.0,0.0,0.0,0.0,0.0,0.0,0.0,18677.37,0.0,0.0,1.4430415e+06,-72147.25,2.2305238e+07,5000.0,41084.75,6.603621e+06,6.559236e+06,3000.0,300.0,0.0,1.5701617e+07,785000.9,0.0,785000.9,0.0,785000.9,2.2323934e+07,6.4895335e+06,0.0,69702.56,6.559236e+06,0.0,0.0,0.0,0.0,6.559236e+06,0.0,0.0,0.0,20287.086,23867.158,120804.5
88668,2025,1,0.0,0.0,0.0,0.0,-454684.38,0.0,0.0,33100.0,0.0,0.0,0.0,0.0,0.0,0.0,0.0,0.0,0.0,33100.0,0.0,0.0,0.0,-3333072.75,8500.0,533291.6,0.0,0.0,0.0,0.0,0.0,0.0,0.0,0.0,0.0,0.0,0.0,0.0,0.0,-3.3330728e+06,8500.0,533291.6,536291.6,0.0,3000.0,0.0,366.55444,0.0,0.0,0.0,0.0,0.0,0.0,-454684.38,0.0,0.0,0.0,0.0,0.0,0.0,0.0,0.0,0.0,0.0,0.0,0.0,0.0,12748.764,733.10888671875
88669,2025,1,54431.18,13539.21,29269.68,14634.84,345050.2,0.0,0.0,31500.0,0.0,16872.51,15863.0,1405.85,297687.2,48836.01,1000.0,0.0,0.0,329187.2,0.0,54025.33,14634.84,345050.22,5000.0,14634.84,272384.19,0.0,0.0,0.0,0.0,0.0,0.0,0.0,3316.72,0.0,0.0,24.0,3.7188,345050.22,5000.0,14634.841,72666.02,54431.18,3000.0,600.0,0.0,272384.2,13539.209,0.0,13539.209,0.0,13539.209,345050.2,54025.332,1000.0,1405.8494,54431.18,0.0,0.0,0.0,0.0,54431.18,0.0,0.0,0.0,0.0,0.0,0.0
88670,2025,1,-511.84,0.0,1023.67,511.84,-606309.3,0.0,0.0,31500.0,0.0,0.0,0.0,0.0,0.0,0.0,0.0,0.0,0.0,31500.0,0.0,0.0,511.84,-1364478.0,8500.0,218828.31,0.0,0.0,0.0,0.0,0.0,0.0,0.0,0.0,97.01,511.84,0.0,-7.65,0.0,-1.364478e+06,8500.0,218828.31,224828.31,0.0,3000.0,3000.0,0.0,0.0,0.0,0.0,0.0,0.0,0.0,-606309.3,0.0,0.0,0.0,0.0,0.0,0.0,511.83728,511.83728,-511.83728,0.0,0.0,0.0,0.0,0.0,0.0
88671,2025,1,0.0,0.0,0.0,0.0,30.31,0.0,0.0,17750.0,0.0,30.31,0.0,0.0,0.0,0.0,0.0,0.0,0.0,17750.0,0.0,0.0,0.0,30.31,3000.0,0.0,0.0,0.0,0.0,0.0,0.0,0.0,0.0,0.0,0.0,0.0,0.0,0.0,0.0,30.313845,3000.0,0.0,4500.0,0.0,1500.0,0.0,0.0,0.0,0.0,0.0,0.0,0.0,0.0,30.313845,0.0,0.0,0.0,0.0,0.0,0.0,0.0,0.0,0.0,0.0,0.0,0.0,0.0,33110.01,0.0
88672,2025,1,0.0,0.0,0.0,0.0,0.0,0.0,0.0,17750.0,0.0,0.0,0.0,0.0,0.0,0.0,0.0,0.0,0.0,17750.0,0.0,0.0,0.0,0.0,3000.0,0.0,0.0,0.0,0.0,0.0,0.0,0.0,0.0,0.0,0.0,0.0,0.0,0.0,0.0,0.0,3000.0,0.0,4500.0,0.0,1500.0,0.0,0.0,0.0,0.0,0.0,0.0,0.0,0.0,0.0,0.0,0.0,0.0,0.0,0.0,0.0,0.0,0.0,0.0,0.0,0.0,0.0,0.0,34593.28,0.0
88673,2025,1,209752.14,27955.15,58504.64,31722.14,806077.25,0.0,0.0,31500.0,0.0,10000.0,0.0,274.61,774577.25,208091.05,0.0,0.0,0.0,806077.25,0.0,209477.54,31722.14,806077.25,5000.0,31722.14,560703.0,0.0,0.0,0.0,0.0,0.0,0.0,0.0,16522.99,0.0,0.0,37.0,3.0059,806077.25,5000.0,31722.145,245374.28,209752.14,3000.0,900.0,0.0,560703.0,27955.15,0.0,27955.15,0.0,27955.15,806077.25,209477.53,0.0,274.6096,209752.14,0.0,0.0,0.0,0.0,209752.14,0.0,0.0,0.0,0.0,0.0,0.0
88674,2025,1,-494.55,0.0,989.1,494.55,-8585.81,0.0,0.0,33100.0,0.0,0.0,0.0,0.0,0.0,0.0,0.0,0.0,494.55,33100.0,0.0,0.0,494.55,-70371.83,8500.0,11754.04,0.0,0.0,0.0,0.0,0.0,0.0,0.0,0.0,93.74,0.0,0.0,-7.65,0.0,-70371.83,8500.0,11754.043,14754.043,0.0,3000.0,0.0,0.0,0.0,0.0,0.0,0.0,0.0,0.0,-8585.807,0.0,0.0,0.0,0.0,494.55005,0.0,0.0,494.55005,-494.55005,0.0,0.0,0.0,0.0,22860.945,0.0
88675,2025,1,114351.05,23178.57,7355.74,3677.87,619075.44,0.0,29175.06,17750.0,0.0,10000.0,21563.17,15183.41,579762.25,38282.2,0.0,0.0,0.0,597512.25,0.0,99167.65,3677.87,583900.31,2500.0,3677.87,464371.38,0.0,0.0,0.0,0.0,0.0,0.0,0.0,697.11,0.0,0.0,7376.445,-364.2031,583900.3,2500.0,3677.8684,119528.92,114351.055,1500.0,0.0,6000.0,464371.38,23178.568,0.0,23178.568,0.0,23178.568,619075.44,99167.65,0.0,15183.406,114351.055,0.0,0.0,0.0,0.0,114351.055,0.0,0.0,0.0,29175.055,34323.594,34444.48046875
88676,2025,1,0.0,0.0,0.0,0.0,-13.56,0.0,0.0,17750.0,0.0,0.0,0.0,0.0,0.0,0.0,0.0,0.0,0.0,17750.0,0.0,0.0,0.0,-13.56,3000.0,2.17,0.0,0.0,0.0,0.0,0.0,0.0,0.0,0.0,0.0,0.0,0.0,0.0,0.0,-13.559989,3000.0,2.169598,4500.0,0.0,1500.0,0.0,0.0,0.0,0.0,0.0,0.0,0.0,0.0,-13.559989,0.0,0.0,0.0,0.0,0.0,0.0,0.0,0.0,0.0,0.0,0.0,0.0,0.0,22678.09,0.0
88677,2025,1,10785.36,3409.82,13403.79,6701.89,87983.58,0.0,0.0,15750.0,0.0,4209.18,0.0,0.0,72233.58,10742.43,0.0,0.0,0.0,87983.58,0.0,10785.35,6701.89,87983.58,2500.0,6701.89,68996.33,0.0,0.0,0.0,0.0,0.0,0.0,0.0,1270.29,0.0,0.0,22.0,3.5176,87983.58,2500.0,6701.8936,18987.25,10785.355,1500.0,0.0,0.0,68996.33,3409.8164,0.0,3409.8164,0.0,3409.8164,87983.58,10785.355,0.0,0.0,10785.355,0.0,0.0,0.0,0.0,10785.355,0.0,0.0,0.0,0.0,0.0,0.0
88678,2025,1,-367.79,6.15,735.57,367.79,4807.67,0.0,0.0,15750.0,0.0,476.39,0.0,0.0,0.0,0.0,0.0,0.0,367.79,15750.0,0.0,0.0,367.79,4807.67,3000.0,367.79,307.67,0.0,0.0,0.0,0.0,0.0,0.0,0.0,69.71,0.0,0.0,-7.65,2.0,4807.6714,3000.0,367.78687,4500.0,0.0,1500.0,0.0,0.0,307.6714,6.1534276,0.0,6.1534276,0.0,6.1534276,4807.6714,0.0,0.0,0.0,0.0,367.78687,0.0,0.0,367.78687,-367.78687,0.0,0.0,0.0,0.0,0.0,0.0
88679,2025,1,-6727.94,1736.65,7088.1,3544.05,46333.04,0.0,0.0,31500.0,0.0,1936.65,0.0,0.0,14833.05,1483.3,1483.3,0.0,3811.24,46333.04,0.0,1483.3,3544.05,46333.05,5000.0,3544.05,36333.05,0.0,0.0,0.0,0.0,0.0,0.0,0.0,671.75,2916.7,0.0,31.0596,5.0,46333.047,5000.0,3544.0525,10000.0,0.0,3000.0,2000.0,0.0,36333.047,1736.6523,0.0,1736.6523,0.0,1736.6523,46333.047,1483.3047,1483.3047,0.0,0.0,3811.2422,0.0,2916.6953,6727.9375,-6727.9375,0.0,0.0,0.0,0.0,0.0,0.0
88680,2025,1,9.810827e+06,1.3269031e+06,173654.6,105759.43,3.6457052e+07,0.0,0.0,31500.0,0.0,10000.0,2.1613548e+06,820342.75,3.4264196e+07,4.741859e+06,0.0,0.0,0.0,3.4295696e+07,0.0,8990484.0,105759.43,36459248.0,5000.0,105759.43,26539662.0,0.0,0.0,0.0,0.0,0.0,0.0,0.0,88830.06,0.0,0.0,799739.06,-39982.125,3.645925e+07,5000.0,105759.43,9.919586e+06,9.810827e+06,3000.0,0.0,0.0,2.6539662e+07,1.3269031e+06,0.0,1.3269031e+06,0.0,1.3269031e+06,3.6457052e+07,8.990484e+06,0.0,820342.7,9.810827e+06,0.0,0.0,0.0,0.0,9.810827e+06,0.0,0.0,0.0,0.0,0.0,244560.96875
88681,2025,1,-109.88,0.0,219.76,109.88,1436.37,0.0,0.0,15750.0,0.0,476.39,0.0,0.0,0.0,0.0,0.0,0.0,109.88,15750.0,0.0,0.0,109.88,1436.37,3000.0,109.88,0.0,0.0,0.0,0.0,0.0,0.0,0.0,0.0,20.83,0.0,0.0,-7.65,0.0,1436.366,3000.0,109.881996,4500.0,0.0,1500.0,0.0,0.0,0.0,0.0,0.0,0.0,0.0,0.0,1436.366,0.0,0.0,0.0,0.0,109.881996,0.0,0.0,109.881996,-109.881996,0.0,0.0,0.0,0.0,0.0,0.0
88682,2025,1,22917.72,7072.17,27424.22,13712.11,182673.19,0.0,0.0,31500.0,0.0,8753.66,0.0,0.0,151173.19,22556.92,0.0,0.0,0.0,182673.19,0.0,22917.72,13712.11,182673.19,5000.0,13712.11,143043.34,0.0,0.0,0.0,0.0,0.0,0.0,0.0,2599.03,0.0,0.0,22.0,3.5181,182673.19,5000.0,13712.111,39629.836,22917.725,3000.0,0.0,0.0,143043.34,7072.167,0.0,7072.167,0.0,7072.167,182673.19,22917.725,0.0,0.0,22917.725,0.0,0.0,0.0,0.0,22917.725,0.0,0.0,0.0,0.0,0.0,705.327880859375
88683,2025,1,2.747787e+07,3.4268448e+06,781142.3,487657.1,9.653936e+07,0.0,28365.8,34700.0,0.0,10000.0,5.838804e+06,1.8015789e+06,9.0665864e+07,1.6506717e+07,0.0,0.0,0.0,9.070057e+07,0.0,25676292.0,487657.1,96507024.0,5000.0,487657.1,68538496.0,0.0,0.0,0.0,0.0,0.0,0.0,0.0,460685.58,0.0,0.0,2.160392e+06,-108014.74,9.650702e+07,5000.0,487657.06,2.7968528e+07,2.747787e+07,3000.0,0.0,12000.0,6.85385e+07,3.4268448e+06,0.0,3.4268448e+06,0.0,3.4268448e+06,9.653936e+07,2.5676292e+07,0.0,1.8015789e+06,2.747787e+07,0.0,0.0,0.0,0.0,2.747787e+07,0.0,0.0,0.0,28365.795,33371.523,419617.5625
88684,2025,1,3932.87,2714.4,10877.54,5438.77,68259.68,0.0,0.0,31500.0,0.0,3163.77,0.0,0.0,36759.68,3932.87,0.0,0.0,0.0,68259.68,0.0,3932.87,5438.77,68259.68,5000.0,5438.77,55888.04,0.0,0.0,0.0,0.0,0.0,0.0,0.0,1030.88,0.0,0.0,12.0007,4.0176,68259.68,5000.0,5438.769,12371.643,3932.8735,3000.0,0.0,0.0,55888.04,2714.4019,0.0,2714.4019,0.0,2714.4019,68259.68,3932.8735,0.0,0.0,3932.8735,0.0,0.0,0.0,0.0,3932.8735,0.0,0.0,0.0,0.0,0.0,0.0
88685,2025,1,-6028.0,372.5,2669.86,1334.93,17450.07,0.0,0.0,23625.0,0.0,682.5,0.0,0.0,0.0,0.0,0.0,0.0,4328.0,23625.0,0.0,0.0,1334.93,17450.07,5200.0,1334.93,8250.07,0.0,0.0,0.0,0.0,0.0,0.0,0.0,253.03,1700.0,0.0,0.0,5.0,17450.066,5200.0,1334.93,9200.0,0.0,3000.0,1000.0,0.0,8250.066,372.50333,0.0,372.50333,0.0,372.50333,17450.066,0.0,0.0,0.0,0.0,4328.0,0.0,1700.0,6028.0,-6028.0,0.0,0.0,0.0,0.0,0.0,0.0
88686,2025,1,1476.82,2347.68,8736.07,4368.04,57098.52,0.0,0.0,23625.0,0.0,2664.93,0.0,0.0,33473.52,3676.82,2200.0,0.0,0.0,57098.52,0.0,3676.82,4368.04,57098.52,2500.0,4368.04,47753.66,0.0,0.0,0.0,0.0,0.0,0.0,0.0,827.93,0.0,0.0,12.0,4.0176,57098.516,2500.0,4368.036,9344.857,1476.8218,3000.0,500.0,0.0,47753.656,2347.6829,0.0,2347.6829,0.0,2347.6829,57098.516,3676.8218,2200.0,0.0,1476.8218,0.0,0.0,0.0,0.0,1476.8218,0.0,0.0,0.0,0.0,0.0,0.0
88687,2025,1,0.0,0.0,2776.74,1388.37,-594851.4,0.0,0.0,31500.0,0.0,0.0,0.0,0.0,0.0,0.0,0.0,0.0,0.0,31500.0,0.0,0.0,1388.37,-1980172.38,8500.0,318215.94,0.0,0.0,0.0,0.0,0.0,0.0,0.0,0.0,263.16,0.0,0.0,0.0,0.0,-1.9801724e+06,8500.0,318215.94,323215.94,0.0,3000.0,2000.0,0.0,0.0,0.0,0.0,0.0,0.0,0.0,-594851.4,0.0,0.0,0.0,0.0,0.0,0.0,0.0,0.0,0.0,0.0,0.0,0.0,0.0,0.0,0.0
88688,2025,1,0.0,0.0,0.0,0.0,0.0,0.0,0.0,17750.0,0.0,0.0,0.0,0.0,0.0,0.0,0.0,0.0,0.0,17750.0,0.0,0.0,0.0,0.0,3000.0,0.0,0.0,0.0,0.0,0.0,0.0,0.0,0.0,0.0,0.0,0.0,0.0,0.0,0.0,0.0,3000.0,0.0,4500.0,0.0,1500.0,0.0,0.0,0.0,0.0,0.0,0.0,0.0,0.0,0.0,0.0,0.0,0.0,0.0,0.0,0.0,0.0,0.0,0.0,0.0,0.0,0.0,0.0,1838.764,0.0
88689,2025,1,0.0,0.0,0.0,0.0,-613000.0,0.0,0.0,34700.0,0.0,0.0,0.0,0.0,0.0,0.0,0.0,0.0,0.0,34700.0,0.0,0.0,0.0,-973286.38,8500.0,155725.81,0.0,0.0,0.0,0.0,0.0,0.0,0.0,0.0,0.0,0.0,0.0,0.0,0.0,-973286.4,8500.0,155725.81,158725.81,0.0,3000.0,0.0,0.0,0.0,0.0,0.0,0.0,0.0,0.0,-613000.0,0.0,0.0,0.0,0.0,0.0,0.0,0.0,0.0,0.0,0.0,0.0,0.0,0.0,29211.832,0.0
88690,2025,1,0.0,0.0,0.0,0.0,-6078.48,0.0,0.0,34700.0,0.0,0.0,0.0,0.0,0.0,0.0,0.0,0.0,0.0,34700.0,0.0,0.0,0.0,-8502.47,8500.0,1360.4,0.0,0.0,0.0,0.0,0.0,0.0,0.0,0.0,0.0,0.0,0.0,0.0,0.0,-8502.474,8500.0,1360.3958,11500.0,0.0,3000.0,0.0,0.0,0.0,0.0,0.0,0.0,0.0,0.0,-6078.4775,0.0,0.0,0.0,0.0,0.0,0.0,0.0,0.0,0.0,0.0,0.0,0.0,0.0,46549.332,0.0
88691,2025,1,1.1873919e+06,155711.45,46907.4,26279.1,4.3495855e+06,0.0,5800.28,34700.0,0.0,10000.0,451114.28,51680.75,3.8637712e+06,879303.25,0.0,0.0,0.0,3.8984712e+06,0.0,1135711.16,26279.1,4332500.0,5000.0,26279.1,3115829.0,0.0,0.0,0.0,0.0,0.0,0.0,0.0,13930.86,0.0,0.0,166949.38,-8342.594,4.3325e+06,5000.0,26279.105,1.216671e+06,1.1873919e+06,3000.0,0.0,12000.0,3.115829e+06,155711.45,0.0,155711.45,0.0,155711.45,4.3495855e+06,1.1357111e+06,0.0,51680.75,1.1873919e+06,0.0,0.0,0.0,0.0,1.1873919e+06,0.0,0.0,0.0,5800.2793,6823.858,58532.34375
88692,2025,1,-9715.02,429.34,2996.78,1498.39,19586.81,0.0,0.0,23625.0,0.0,789.34,0.0,0.0,0.0,0.0,0.0,0.0,7152.0,23625.0,0.0,0.0,1498.39,19586.81,5200.0,1498.39,9386.81,0.0,0.0,0.0,0.0,0.0,0.0,0.0,284.01,2563.02,0.0,-15.0,5.0,19586.809,5200.0,1498.3909,10200.0,0.0,3000.0,2000.0,0.0,9386.809,429.34042,0.0,429.34042,0.0,429.34042,19586.809,0.0,0.0,0.0,0.0,7152.0,0.0,2563.0215,9715.021,-9715.021,0.0,0.0,0.0,0.0,0.0,0.0
88693,2025,1,0.0,0.0,0.0,0.0,-3000.0,0.0,0.0,17750.0,0.0,0.0,0.0,0.0,0.0,0.0,0.0,0.0,0.0,17750.0,0.0,0.0,0.0,-8217.35,3000.0,1314.78,0.0,0.0,0.0,0.0,0.0,0.0,0.0,0.0,0.0,0.0,0.0,0.0,0.0,-8217.354,3000.0,1314.7765,4500.0,0.0,1500.0,0.0,0.0,0.0,0.0,0.0,0.0,0.0,0.0,-3000.0,0.0,0.0,0.0,0.0,0.0,0.0,0.0,0.0,0.0,0.0,0.0,0.0,0.0,26893.967,0.0
88694,2025,1,3969.55,2033.04,7773.47,3886.74,50817.1,0.0,0.0,15750.0,0.0,2350.86,0.0,0.0,35067.1,3969.55,0.0,0.0,0.0,50817.1,0.0,3969.55,3886.74,50817.1,2500.0,3886.74,41460.81,0.0,0.0,0.0,0.0,0.0,0.0,0.0,736.7,0.0,0.0,12.0,4.0173,50817.098,2500.0,3886.7349,9356.287,3969.5518,1500.0,0.0,0.0,41460.812,2033.0406,0.0,2033.0406,0.0,2033.0406,50817.098,3969.5518,0.0,0.0,3969.5518,0.0,0.0,0.0,0.0,3969.5518,0.0,0.0,0.0,0.0,0.0,0.0
88695,2025,1,561.74,775.28,3269.22,1634.61,21367.43,0.0,0.0,15750.0,0.0,878.37,0.0,0.0,5617.43,561.74,0.0,0.0,0.0,21367.43,0.0,561.74,1634.61,21367.43,3000.0,1634.61,16305.69,0.0,0.0,0.0,0.0,0.0,0.0,0.0,309.83,0.0,0.0,10.0,4.5,21367.428,3000.0,1634.6082,5061.7427,561.7428,1500.0,0.0,0.0,16305.686,775.2843,0.0,775.2843,0.0,775.2843,21367.428,561.7428,0.0,0.0,561.7428,0.0,0.0,0.0,0.0,561.7428,0.0,0.0,0.0,0.0,0.0,0.0
88696,2025,1,193068.62,34783.32,1725.42,862.71,916122.3,0.0,16587.24,17750.0,0.0,10000.0,9426.9,27212.65,888945.44,25286.45,0.0,0.0,0.0,906695.44,9725.11,156130.88,862.71,893535.06,2500.0,862.71,696466.44,0.0,0.0,0.0,0.0,0.0,0.0,0.0,163.52,0.0,0.0,3576.3752,-173.8164,893535.06,2500.0,862.70984,197068.62,193068.62,1500.0,0.0,6000.0,696466.44,34783.32,0.0,34783.32,0.0,34783.32,916122.3,165855.98,0.0,27212.648,193068.62,0.0,0.0,0.0,0.0,193068.62,0.0,0.0,0.0,16587.236,19514.395,53528.58203125
88697,2025,1,0.0,0.0,0.0,0.0,26.74,0.0,0.0,34700.0,0.0,26.74,0.0,0.0,0.0,0.0,0.0,0.0,0.0,34700.0,0.0,0.0,0.0,26.74,8500.0,0.0,0.0,0.0,0.0,0.0,0.0,0.0,0.0,0.0,0.0,0.0,0.0,0.0,0.0,26.739574,8500.0,0.0,11500.0,0.0,3000.0,0.0,0.0,0.0,0.0,0.0,0.0,0.0,0.0,26.739574,0.0,0.0,0.0,0.0,0.0,0.0,0.0,0.0,0.0,0.0,0.0,0.0,0.0,63926.676,0.0
88698,2025,1,4.2642065e+06,552701.06,85767.47,53257.64,1.5405702e+07,0.0,21308.21,34700.0,0.0,10000.0,1.2764945e+06,281500.2,1.4094508e+07,2.6223258e+06,0.0,0.0,0.0,1.4129208e+07,0.0,3982706.62,53257.64,15376085.0,5000.0,53257.64,11055621.0,0.0,0.0,0.0,0.0,0.0,0.0,0.0,34832.66,0.0,0.0,472340.03,-23612.188,1.5376085e+07,5000.0,53257.64,4.320464e+06,4.2642065e+06,3000.0,0.0,12000.0,1.1055621e+07,552701.06,0.0,552701.06,0.0,552701.06,1.5405702e+07,3.9827065e+06,0.0,281500.2,4.2642065e+06,0.0,0.0,0.0,0.0,4.2642065e+06,0.0,0.0,0.0,21308.21,25068.482,113527.234375
88699,2025,1,0.0,0.0,0.0,0.0,1965.06,0.0,0.0,17750.0,0.0,639.54,0.0,0.0,0.0,0.0,0.0,0.0,0.0,17750.0,0.0,0.0,0.0,10.1,3000.0,0.0,0.0,0.0,0.0,0.0,0.0,0.0,0.0,0.0,0.0,0.0,0.0,0.0,0.0,10.104614,3000.0,0.0,4500.0,0.0,1500.0,0.0,1954.9569,0.0,0.0,0.0,0.0,0.0,0.0,1965.0615,0.0,0.0,0.0,0.0,0.0,0.0,0.0,0.0,0.0,0.0,0.0,0.0,0.0,18387.64,1954.9569091796875
88700,2025,1,0.0,0.0,12743.75,6371.88,-500055.03,0.0,0.0,33100.0,0.0,0.0,0.0,0.0,0.0,0.0,0.0,0.0,0.0,33100.0,0.0,0.0,6371.88,-1994824.38,8500.0,325543.78,0.0,0.0,0.0,0.0,0.0,0.0,0.0,0.0,1207.74,0.0,0.0,0.0,0.0,-1.9948244e+06,8500.0,325543.78,328543.78,0.0,3000.0,0.0,6000.0,0.0,0.0,0.0,0.0,0.0,0.0,-500055.03,0.0,0.0,0.0,0.0,0.0,0.0,0.0,0.0,0.0,0.0,0.0,0.0,0.0,52943.125,14217.2470703125
88701,2025,1,1.012404e+07,1.321277e+06,88277.13,67567.21,3.6604428e+07,0.0,0.0,31500.0,0.0,10000.0,4.5895165e+06,504310.7,3.1983412e+07,7.104204e+06,0.0,0.0,0.0,3.2014912e+07,0.0,9619728.75,67567.21,36622048.0,5000.0,67567.21,26427140.0,0.0,0.0,0.0,0.0,0.0,0.0,0.0,16375.17,0.0,0.0,1.698159e+06,-84903.12,3.662205e+07,5000.0,67567.21,1.0194907e+07,1.012404e+07,3000.0,300.0,0.0,2.642714e+07,1.321277e+06,0.0,1.321277e+06,0.0,1.321277e+06,3.6604428e+07,9.619729e+06,0.0,504310.7,1.012404e+07,0.0,0.0,0.0,0.0,1.012404e+07,0.0,0.0,0.0,0.0,0.0,58189.34375
88702,2025,1,733772.9,85628.9,92016.3,51343.66,2.5021252e+06,0.0,0.0,31500.0,0.0,10000.0,173672.6,12557.92,2.2969528e+06,659191.4,0.0,0.0,0.0,2.3284528e+06,0.0,721214.95,51343.66,2502594.5,5000.0,51343.66,1714178.0,0.0,0.0,0.0,0.0,0.0,0.0,0.0,28568.92,0.0,0.0,64295.87,-3209.914,2.5025945e+06,5000.0,51343.66,788416.56,733772.9,3000.0,300.0,0.0,1.714178e+06,85628.9,0.0,85628.9,0.0,85628.9,2.5021252e+06,721214.94,0.0,12557.919,733772.9,0.0,0.0,0.0,0.0,733772.9,0.0,0.0,0.0,0.0,0.0,4239.22216796875
88703,2025,1,0.0,117.24,1169.65,584.83,7644.79,0.0,0.0,15750.0,0.0,476.39,0.0,0.0,0.0,0.0,0.0,0.0,0.0,15750.0,0.0,0.0,584.83,7644.79,3000.0,584.83,3144.79,0.0,0.0,0.0,0.0,0.0,0.0,0.0,110.85,0.0,0.0,0.0,5.0,7644.7905,3000.0,584.8264,4500.0,0.0,1500.0,0.0,0.0,3144.7905,117.239525,0.0,117.239525,0.0,117.239525,7644.7905,0.0,0.0,0.0,0.0,0.0,0.0,0.0,0.0,0.0,0.0,0.0,0.0,0.0,0.0,0.0
88704,2025,1,4679.58,2010.09,7611.62,3805.81,95402.7,0.0,40921.38,34700.0,0.0,4390.13,0.0,0.0,48702.7,4679.58,0.0,0.0,0.0,83402.7,0.0,4679.58,3805.81,54481.33,5000.0,3805.81,41801.75,0.0,0.0,0.0,0.0,0.0,0.0,0.0,721.36,0.0,0.0,22.1997,3.8899,54481.33,5000.0,3805.8096,12679.582,4679.582,3000.0,0.0,0.0,41801.746,2010.0873,0.0,2010.0873,0.0,2010.0873,95402.7,4679.582,0.0,0.0,4679.582,0.0,0.0,0.0,0.0,4679.582,0.0,0.0,0.0,40921.38,61205.305,0.0
88705,2025,1,1.253902e+07,1.6279052e+06,66722.42,39915.23,4.513742e+07,0.0,0.0,15750.0,0.0,10000.0,4.7501255e+06,769576.4,4.037154e+07,8.0929205e+06,0.0,0.0,0.0,4.038729e+07,0.0,11769444.5,39915.23,45139340.0,2500.0,39915.23,32558904.0,0.0,0.0,0.0,0.0,0.0,0.0,0.0,25146.21,0.0,0.0,1.757584e+06,-87874.38,4.513934e+07,2500.0,39915.23,1.2580435e+07,1.253902e+07,1500.0,0.0,0.0,3.2558904e+07,1.6279052e+06,0.0,1.6279052e+06,0.0,1.6279052e+06,4.5137416e+07,1.1769444e+07,0.0,769576.4,1.253902e+07,0.0,0.0,0.0,0.0,1.253902e+07,0.0,0.0,0.0,0.0,0.0,38982.7734375
88706,2025,1,76888.61,15274.38,50360.22,25875.72,413151.9,0.0,0.0,31500.0,0.0,20277.6,0.0,325.74,381651.9,75350.24,0.0,0.0,0.0,413151.9,0.0,76562.87,25875.72,413151.94,5000.0,25875.72,307087.62,0.0,0.0,0.0,0.0,0.0,0.0,0.0,7257.63,0.0,0.0,24.0078,3.5859,413151.94,5000.0,25875.72,106064.33,76888.61,3000.0,300.0,0.0,307087.62,15274.381,0.0,15274.381,0.0,15274.381,413151.9,76562.87,0.0,325.7392,76888.61,0.0,0.0,0.0,0.0,76888.61,0.0,0.0,0.0,0.0,0.0,0.0
88707,2025,1,0.0,0.0,0.0,0.0,5571.81,0.0,0.0,17750.0,0.0,639.54,0.0,0.0,0.0,0.0,0.0,0.0,0.0,17750.0,0.0,0.0,0.0,800.78,3000.0,0.0,0.0,0.0,0.0,0.0,0.0,0.0,0.0,0.0,0.0,0.0,0.0,0.0,0.0,800.7808,3000.0,0.0,4500.0,0.0,1500.0,0.0,4771.026,0.0,0.0,0.0,0.0,0.0,0.0,5571.8066,0.0,0.0,0.0,0.0,0.0,0.0,0.0,0.0,0.0,0.0,0.0,0.0,0.0,20140.596,4771.02587890625
88708,2025,1,0.0,0.0,0.0,0.0,-3000.0,0.0,0.0,17750.0,0.0,0.0,0.0,0.0,0.0,0.0,0.0,0.0,0.0,17750.0,0.0,0.0,0.0,-9098.75,3000.0,1455.8,0.0,0.0,0.0,0.0,0.0,0.0,0.0,0.0,0.0,0.0,0.0,0.0,0.0,-9098.753,3000.0,1455.8004,4500.0,0.0,1500.0,0.0,0.0,0.0,0.0,0.0,0.0,0.0,0.0,-3000.0,0.0,0.0,0.0,0.0,0.0,0.0,0.0,0.0,0.0,0.0,0.0,0.0,0.0,0.0,0.0
88709,2025,1,0.0,0.0,0.0,0.0,-308000.0,0.0,0.0,15750.0,0.0,0.0,0.0,0.0,0.0,0.0,0.0,0.0,0.0,15750.0,0.0,0.0,0.0,-35553252.0,3000.0,5.6885195e+06,0.0,0.0,0.0,0.0,0.0,0.0,0.0,0.0,0.0,0.0,0.0,0.0,0.0,-3.5553252e+07,3000.0,5.68852e+06,5.69002e+06,0.0,1500.0,0.0,0.0,0.0,0.0,0.0,0.0,0.0,0.0,-308000.0,0.0,0.0,0.0,0.0,0.0,0.0,0.0,0.0,0.0,0.0,0.0,0.0,0.0,0.0,0.0
88710,2025,1,-649.0,253.75,1587.39,793.69,10375.07,0.0,0.0,15750.0,0.0,476.39,0.0,0.0,0.0,0.0,0.0,0.0,649.0,15750.0,0.0,0.0,793.69,10375.07,3000.0,793.69,5875.07,0.0,0.0,0.0,0.0,0.0,0.0,0.0,150.44,0.0,0.0,0.0,5.0,10375.073,3000.0,793.69305,4500.0,0.0,1500.0,0.0,0.0,5875.073,253.75366,0.0,253.75366,0.0,253.75366,10375.073,0.0,0.0,0.0,0.0,649.0,0.0,0.0,649.0,-649.0,0.0,0.0,0.0,0.0,0.0,0.0
88711,2025,1,3.2873816e+07,3.6518278e+06,1.5619728e+06,966012.94,1.0691421e+08,0.0,27193.58,34700.0,0.0,10000.0,7.387187e+06,1.1432302e+06,9.949232e+07,2.5841598e+07,0.0,0.0,0.0,9.952702e+07,0.0,31730583.5,966012.94,106880984.0,5000.0,966012.94,73038160.0,0.0,0.0,0.0,0.0,0.0,0.0,0.0,932781.1,0.0,0.0,2.733302e+06,-136660.0,1.06880984e+08,5000.0,966013.0,3.3842828e+07,3.2873814e+07,3000.0,0.0,12000.0,7.303816e+07,3.651828e+06,0.0,3.651828e+06,0.0,3.651828e+06,1.0691421e+08,3.1730584e+07,0.0,1.1432302e+06,3.2873814e+07,0.0,0.0,0.0,0.0,3.2873814e+07,0.0,0.0,0.0,27193.584,31992.451,234983.59375
88712,2025,1,3.8215456e+07,5.377641e+06,307361.7,191711.23,1.4600568e+08,0.0,34695.74,34700.0,0.0,10000.0,7.717698e+06,3.792353e+06,1.3825328e+08,1.4829376e+07,0.0,0.0,0.0,1.3828798e+08,0.0,34423106.0,191711.23,145964592.0,5000.0,191711.23,107554424.0,0.0,0.0,0.0,0.0,0.0,0.0,0.0,167337.4,0.0,0.0,2.855584e+06,-142774.0,1.4596459e+08,5000.0,191711.23,3.841017e+07,3.8215456e+07,3000.0,0.0,12000.0,1.07554424e+08,5.377641e+06,0.0,5.377641e+06,0.0,5.377641e+06,1.4600568e+08,3.4423104e+07,0.0,3.792353e+06,3.8215456e+07,0.0,0.0,0.0,0.0,3.8215456e+07,0.0,0.0,0.0,34695.742,40818.52,515355.84375
88713,2025,1,0.0,0.0,0.0,0.0,0.0,0.0,0.0,17750.0,0.0,0.0,0.0,0.0,0.0,0.0,0.0,0.0,0.0,17750.0,0.0,0.0,0.0,0.0,3000.0,0.0,0.0,0.0,0.0,0.0,0.0,0.0,0.0,0.0,0.0,0.0,0.0,0.0,0.0,0.0,3000.0,0.0,4500.0,0.0,1500.0,0.0,0.0,0.0,0.0,0.0,0.0,0.0,0.0,0.0,0.0,0.0,0.0,0.0,0.0,0.0,0.0,0.0,0.0,0.0,0.0,0.0,0.0,27262.742,0.0
88714,2025,1,93880.65,19018.46,46202.36,23706.92,502556.7,0.0,0.0,31500.0,0.0,24747.84,8199.3,2494.7,462857.38,81808.52,0.0,0.0,0.0,494357.38,0.0,91385.95,23706.92,502556.69,5000.0,23706.92,381969.12,0.0,0.0,0.0,0.0,0.0,0.0,0.0,6788.33,0.0,0.0,2040.6796,-97.2305,502556.7,5000.0,23706.922,120587.57,93880.65,3000.0,0.0,0.0,381969.12,19018.457,0.0,19018.457,0.0,19018.457,502556.7,91385.945,0.0,2494.704,93880.65,0.0,0.0,0.0,0.0,93880.65,0.0,0.0,0.0,0.0,0.0,11300.37109375
88715,2025,1,621837.5,87623.57,69423.78,58998.62,2.418069e+06,0.0,0.0,23625.0,0.0,10000.0,275950.38,34258.97,2.1184935e+06,409289.12,0.0,0.0,0.0,2.1421185e+06,0.0,587578.58,58998.62,2437407.5,2500.0,58998.62,1753271.38,0.0,0.0,0.0,0.0,0.0,0.0,0.0,11873.02,0.0,0.0,102141.0,-5101.8594,2.4374075e+06,2500.0,58998.613,684136.1,621837.5,3000.0,300.0,0.0,1.7532714e+06,87623.57,0.0,87623.57,0.0,87623.57,2.418069e+06,587578.56,0.0,34258.97,621837.5,0.0,0.0,0.0,0.0,621837.5,0.0,0.0,0.0,0.0,0.0,488.7392272949219
88716,2025,1,0.0,0.0,0.0,0.0,-613000.0,0.0,0.0,31500.0,0.0,0.0,0.0,0.0,0.0,0.0,0.0,0.0,0.0,31500.0,0.0,0.0,0.0,-35788084.0,8500.0,5.7260935e+06,0.0,0.0,0.0,0.0,0.0,0.0,0.0,0.0,0.0,0.0,0.0,0.0,0.0,-3.5788084e+07,8500.0,5.7260935e+06,5.7300935e+06,0.0,3000.0,1000.0,0.0,0.0,0.0,0.0,0.0,0.0,0.0,-613000.0,0.0,0.0,0.0,0.0,0.0,0.0,0.0,0.0,0.0,0.0,0.0,0.0,0.0,0.0,0.0
88717,2025,1,0.0,0.0,0.0,0.0,0.0,0.0,0.0,15750.0,0.0,0.0,0.0,0.0,0.0,0.0,0.0,0.0,0.0,15750.0,0.0,0.0,0.0,0.0,3000.0,0.0,0.0,0.0,0.0,0.0,0.0,0.0,0.0,0.0,0.0,0.0,0.0,-3.825,0.0,0.0,3000.0,0.0,4500.0,0.0,1500.0,0.0,0.0,0.0,0.0,0.0,0.0,0.0,0.0,0.0,0.0,0.0,0.0,0.0,0.0,0.0,0.0,0.0,0.0,0.0,0.0,0.0,0.0,0.0,0.0
88718,2025,1,1.150198e+06,136059.84,88344.84,50843.46,3.9264238e+06,0.0,0.0,31500.0,0.0,10000.0,321568.94,30182.34,3.573355e+06,971558.94,0.0,0.0,0.0,3.6048548e+06,0.0,1120015.59,50843.46,3927138.25,5000.0,50843.46,2722796.75,0.0,0.0,0.0,0.0,0.0,0.0,0.0,34014.76,0.0,0.0,119017.5,-5946.0156,3.9271382e+06,5000.0,50843.453,1.2043415e+06,1.150198e+06,3000.0,300.0,0.0,2.7227968e+06,136059.84,0.0,136059.84,0.0,136059.84,3.9264238e+06,1.1200156e+06,0.0,30182.344,1.150198e+06,0.0,0.0,0.0,0.0,1.150198e+06,0.0,0.0,0.0,0.0,0.0,5.9680962562561035
88719,2025,1,-8640.03,58.12,2507.82,1253.91,15453.01,0.0,0.0,31500.0,0.0,682.61,0.0,0.0,0.0,0.0,0.0,0.0,6556.39,31500.0,0.0,0.0,1253.91,15453.01,8500.0,1253.91,1953.01,0.0,0.0,0.0,0.0,0.0,0.0,0.0,237.67,2083.65,0.0,-55.0,4.0,15453.014,8500.0,1253.9092,13500.0,0.0,3000.0,2000.0,0.0,1953.0137,58.12055,0.0,58.12055,0.0,58.12055,15453.014,0.0,0.0,0.0,0.0,6556.388,0.0,2083.6458,8640.034,-8640.034,0.0,0.0,0.0,0.0,0.0,0.0
88720,2025,1,3844.85,3516.87,13132.9,6566.45,85848.75,0.0,0.0,31500.0,0.0,3912.44,0.0,0.0,54348.75,6044.85,2200.0,0.0,0.0,85848.75,0.0,6044.85,6566.45,85848.75,5000.0,6566.45,71937.45,0.0,0.0,0.0,0.0,0.0,0.0,0.0,1244.62,0.0,0.0,12.0,4.0176,85848.75,5000.0,6566.448,13911.299,3844.85,3000.0,500.0,0.0,71937.45,3516.8726,0.0,3516.8726,0.0,3516.8726,85848.75,6044.85,2200.0,0.0,3844.85,0.0,0.0,0.0,0.0,3844.85,0.0,0.0,0.0,0.0,0.0,0.0
88721,2025,1,2255.33,2113.21,8256.28,4128.14,54119.49,0.0,0.0,31500.0,0.0,2339.93,0.0,0.0,22619.49,2255.33,0.0,0.0,0.0,54119.49,0.0,2255.33,4128.14,54119.49,5000.0,4128.14,43864.16,0.0,0.0,0.0,0.0,0.0,0.0,0.0,782.46,0.0,0.0,10.0,4.5,54119.49,5000.0,4128.1387,10255.326,2255.3257,3000.0,0.0,0.0,43864.164,2113.2083,0.0,2113.2083,0.0,2113.2083,54119.49,2255.3257,0.0,0.0,2255.3257,0.0,0.0,0.0,0.0,2255.3257,0.0,0.0,0.0,0.0,0.0,0.0
88722,2025,1,874249.4,97926.63,111008.15,62884.02,2.9003015e+06,0.0,0.0,31500.0,0.0,10000.0,91288.22,23922.16,2.7775132e+06,731015.2,0.0,0.0,0.0,2.809013e+06,0.0,850327.2,62884.02,2900566.0,5000.0,62884.02,1960132.62,0.0,0.0,0.0,0.0,0.0,0.0,0.0,40518.46,0.0,0.0,33813.562,-1685.7968,2.900566e+06,5000.0,62884.027,940433.4,874249.4,3000.0,300.0,0.0,1.9601326e+06,97926.63,0.0,97926.63,0.0,97926.63,2.9003015e+06,850327.2,0.0,23922.158,874249.4,0.0,0.0,0.0,0.0,874249.4,0.0,0.0,0.0,0.0,0.0,1383.380615234375
88723,2025,1,1.1103045e+06,120804.02,126480.3,74454.8,3.6037725e+06,0.0,0.0,31500.0,0.0,10000.0,161090.6,22739.18,3.411182e+06,971524.75,0.0,0.0,0.0,3.442682e+06,0.0,1087565.35,74454.8,3606039.5,5000.0,74454.8,2417680.25,0.0,0.0,0.0,0.0,0.0,0.0,0.0,49794.04,0.0,0.0,59640.38,-2977.1172,3.6060395e+06,5000.0,74454.805,1.1883592e+06,1.1103045e+06,3000.0,600.0,0.0,2.4176802e+06,120804.016,0.0,120804.016,0.0,120804.016,3.6037725e+06,1.0875654e+06,0.0,22739.178,1.1103045e+06,0.0,0.0,0.0,0.0,1.1103045e+06,0.0,0.0,0.0,0.0,0.0,0.0
88724,2025,1,0.0,0.0,0.0,0.0,-613000.0,0.0,0.0,31500.0,0.0,0.0,0.0,0.0,0.0,0.0,0.0,0.0,0.0,31500.0,0.0,0.0,0.0,-1195695.38,8500.0,191311.23,0.0,0.0,0.0,0.0,0.0,0.0,0.0,0.0,0.0,0.0,0.0,0.0,0.0,-1.1956954e+06,8500.0,191311.25,196311.25,0.0,3000.0,2000.0,0.0,0.0,0.0,0.0,0.0,0.0,0.0,-613000.0,0.0,0.0,0.0,0.0,0.0,0.0,0.0,0.0,0.0,0.0,0.0,0.0,0.0,0.0,0.0
88725,2025,1,36224.47,9393.84,35395.46,17697.73,246399.02,0.0,0.0,31500.0,0.0,11939.95,2.78,0.0,214896.23,34337.26,0.0,0.0,0.0,246396.23,0.0,36224.47,17697.73,246399.02,5000.0,17697.73,189476.81,0.0,0.0,0.0,0.0,0.0,0.0,0.0,3378.98,0.0,0.0,22.0,3.7549,246399.02,5000.0,17697.732,56922.203,36224.473,3000.0,0.0,0.0,189476.81,9393.841,0.0,9393.841,0.0,9393.841,246399.02,36224.473,0.0,0.0,36224.473,0.0,0.0,0.0,0.0,36224.473,0.0,0.0,0.0,0.0,0.0,0.0
88726,2025,1,821870.0,97734.77,89117.2,49228.96,2.8311472e+06,0.0,0.0,31500.0,0.0,10000.0,239378.9,14793.29,2.5602682e+06,731447.2,0.0,0.0,0.0,2.5917682e+06,0.0,807076.7,49228.96,2831294.25,5000.0,49228.96,1956295.25,0.0,0.0,0.0,0.0,0.0,0.0,0.0,27097.9,0.0,0.0,88607.12,-4425.4766,2.8312942e+06,5000.0,49228.953,874998.94,821870.0,3000.0,900.0,0.0,1.9562952e+06,97734.766,0.0,97734.766,0.0,97734.766,2.8311472e+06,807076.7,0.0,14793.29,821870.0,0.0,0.0,0.0,0.0,821870.0,0.0,0.0,0.0,0.0,0.0,0.0
88727,2025,1,312907.7,53807.9,26244.76,13493.81,1.4067881e+06,0.0,0.0,31500.0,0.0,10000.0,130803.65,21385.71,1.2444845e+06,180665.81,0.0,0.0,0.0,1.2759845e+06,0.0,291521.96,13493.81,1407159.5,5000.0,13493.81,1077758.0,0.0,0.0,0.0,0.0,0.0,0.0,0.0,2416.85,0.0,0.0,47206.406,-2355.7031,1.4071595e+06,5000.0,13493.807,329401.5,312907.7,3000.0,0.0,0.0,1.077758e+06,53807.9,0.0,53807.9,0.0,53807.9,1.4067881e+06,291521.97,0.0,21385.71,312907.7,0.0,0.0,0.0,0.0,312907.7,0.0,0.0,0.0,0.0,0.0,23308.88671875
88728,2025,1,0.0,876.25,3348.25,1674.13,42421.71,0.0,13021.76,34700.0,0.0,1741.09,0.0,0.0,0.0,0.0,0.0,0.0,0.0,34700.0,0.0,0.0,1674.13,29399.95,7275.0,1674.13,19124.95,0.0,0.0,0.0,0.0,0.0,0.0,0.0,317.32,0.0,0.0,0.0,5.0001,29399.947,7275.0,1674.1265,10275.0,0.0,3000.0,0.0,0.0,19124.947,876.2474,0.0,876.2474,0.0,876.2474,42421.71,0.0,0.0,0.0,0.0,0.0,0.0,0.0,0.0,0.0,0.0,0.0,0.0,13021.761,45721.89,0.0
88729,2025,1,89.63,1074.08,4953.55,2476.78,32396.25,0.0,0.0,31500.0,0.0,1324.38,0.0,0.0,896.25,89.63,0.0,0.0,0.0,32396.25,0.0,89.63,2476.78,32396.25,6225.0,2476.78,23081.63,0.0,0.0,0.0,0.0,0.0,0.0,0.0,469.45,0.0,0.0,10.0,4.5,32396.252,6225.0,2476.776,9314.625,89.6252,3000.0,0.0,0.0,23081.627,1074.0813,0.0,1074.0813,0.0,1074.0813,32396.252,89.6252,0.0,0.0,89.6252,0.0,0.0,0.0,0.0,89.6252,0.0,0.0,0.0,0.0,0.0,0.0
88730,2025,1,-9841.92,266.64,3126.21,1563.11,20432.78,0.0,0.0,31500.0,0.0,908.4,0.0,0.0,0.0,0.0,0.0,0.0,7152.0,31500.0,0.0,0.0,1563.11,20432.78,8500.0,1563.11,6932.78,0.0,0.0,0.0,0.0,0.0,0.0,0.0,296.28,2689.92,0.0,-15.0,4.9999,20432.775,8500.0,1563.1073,13500.0,0.0,3000.0,2000.0,0.0,6932.7754,266.63876,0.0,266.63876,0.0,266.63876,20432.775,0.0,0.0,0.0,0.0,7152.0,0.0,2689.9165,9841.916,-9841.916,0.0,0.0,0.0,0.0,0.0,0.0
88731,2025,1,233.77,0.0,0.0,0.0,26087.66,19123.87,6963.8,17750.0,0.0,1114.38,0.0,0.0,2337.66,233.77,0.0,0.0,0.0,20087.66,0.0,233.77,0.0,0.0,3000.0,0.0,0.0,0.0,0.0,0.0,0.0,0.0,0.0,0.0,0.0,0.0,0.0,9.25,0.0,0.0,3000.0,0.0,4733.7666,233.7664,1500.0,0.0,0.0,0.0,0.0,0.0,0.0,0.0,0.0,26087.664,233.7664,0.0,0.0,233.7664,0.0,0.0,0.0,0.0,233.7664,0.0,0.0,0.0,6963.798,35549.438,0.0
88732,2025,1,1.2514456e+06,153472.28,75744.72,43468.24,4.3746245e+06,0.0,0.0,33100.0,0.0,10000.0,358146.1,44511.02,3.9833785e+06,982254.8,0.0,0.0,0.0,4.0164785e+06,0.0,1206934.66,43468.24,4368959.5,5000.0,43468.24,3071045.5,0.0,0.0,0.0,0.0,0.0,0.0,0.0,30759.7,0.0,0.0,132551.12,-6622.6875,4.3689595e+06,5000.0,43468.246,1.2979139e+06,1.2514456e+06,3000.0,0.0,6000.0,3.0710455e+06,153472.28,0.0,153472.28,0.0,153472.28,4.3746245e+06,1.2069346e+06,0.0,44511.023,1.2514456e+06,0.0,0.0,0.0,0.0,1.2514456e+06,0.0,0.0,0.0,0.0,0.0,16746.828125
88733,2025,1,4024.22,3576.03,13397.31,6698.65,87343.46,0.0,0.0,31500.0,0.0,4001.0,0.0,0.0,55843.46,6224.22,2200.0,0.0,0.0,87343.46,0.0,6224.22,6698.65,87343.46,5000.0,6698.65,73120.59,0.0,0.0,0.0,0.0,0.0,0.0,0.0,1269.68,0.0,0.0,12.0,4.0176,87343.46,5000.0,6698.653,14222.868,4024.2153,3000.0,500.0,0.0,73120.59,3576.0298,0.0,3576.0298,0.0,3576.0298,87343.46,6224.2153,2200.0,0.0,4024.2153,0.0,0.0,0.0,0.0,4024.2153,0.0,0.0,0.0,0.0,0.0,0.0
88734,2025,1,-3403.08,0.0,1531.39,765.69,10057.04,0.0,0.0,33100.0,0.0,946.26,0.0,0.0,0.0,0.0,0.0,0.0,3403.08,33100.0,0.0,0.0,765.69,10057.04,8500.0,765.69,0.0,0.0,0.0,0.0,0.0,0.0,0.0,0.0,145.13,0.0,0.0,-34.0,0.0,10057.041,8500.0,765.6926,12500.0,0.0,3000.0,1000.0,0.0,0.0,0.0,0.0,0.0,0.0,0.0,10057.04,0.0,0.0,0.0,0.0,3403.0784,0.0,0.0,3403.0784,-3403.0784,0.0,0.0,0.0,0.0,24516.854,0.0
88735,2025,1,0.0,0.0,5402.76,2701.38,-577687.9,0.0,0.0,31500.0,0.0,0.0,0.0,0.0,0.0,0.0,0.0,0.0,0.0,31500.0,0.0,0.0,2701.38,-4791134.0,8500.0,769282.8,0.0,0.0,0.0,0.0,0.0,0.0,0.0,0.0,512.03,0.0,0.0,0.0,0.0,-4.791134e+06,8500.0,769282.8,772282.8,0.0,3000.0,0.0,0.0,0.0,0.0,0.0,0.0,0.0,0.0,-577687.9,0.0,0.0,0.0,0.0,0.0,0.0,0.0,0.0,0.0,0.0,0.0,0.0,0.0,0.0,0.0
88736,2025,1,7564.73,4049.8,15069.48,7534.74,100695.48,0.0,0.0,31500.0,0.0,4654.77,0.0,0.0,69195.48,7564.73,0.0,0.0,0.0,100695.48,0.0,7564.73,7534.74,100695.49,5000.0,7534.74,82596.02,0.0,0.0,0.0,0.0,0.0,0.0,0.0,1428.15,0.0,0.0,12.0,4.0176,100695.49,5000.0,7534.7417,18099.469,7564.726,3000.0,0.0,0.0,82596.02,4049.8013,0.0,4049.8013,0.0,4049.8013,100695.484,7564.726,0.0,0.0,7564.726,0.0,0.0,0.0,0.0,7564.726,0.0,0.0,0.0,0.0,0.0,0.0
88737,2025,1,305157.22,36598.58,80389.62,43684.3,1.0857131e+06,0.0,0.0,31500.0,0.0,10000.0,0.0,2572.72,1.0542131e+06,290142.78,0.0,519.7,0.0,1.0857131e+06,0.0,303104.19,43684.3,1085713.12,5000.0,43684.3,733571.62,0.0,0.0,0.0,0.0,0.0,0.0,0.0,21847.9,0.0,0.0,37.0,3.0312,1.0857131e+06,5000.0,43684.3,352141.53,305157.22,3000.0,300.0,0.0,733571.6,36598.582,0.0,36598.582,0.0,36598.582,1.0857131e+06,303104.2,519.6962,2572.7163,305157.22,0.0,0.0,0.0,0.0,305157.22,0.0,0.0,0.0,0.0,0.0,0.0
88738,2025,1,28654.87,8857.32,28249.28,14124.64,224825.95,0.0,0.0,31500.0,0.0,10861.3,170.97,0.0,193155.0,27710.8,2200.0,0.0,0.0,224655.0,0.0,30854.87,14124.64,224825.95,5000.0,14124.64,178746.44,0.0,0.0,0.0,0.0,0.0,0.0,0.0,2936.97,0.0,0.0,22.0,3.8203,224825.95,5000.0,14124.643,46079.51,28654.87,3000.0,300.0,0.0,178746.44,8857.322,0.0,8857.322,0.0,8857.322,224825.97,30854.87,2200.0,0.0,28654.87,0.0,0.0,0.0,0.0,28654.87,0.0,0.0,0.0,0.0,0.0,0.0
88739,2025,1,0.0,0.0,0.0,0.0,0.0,0.0,0.0,23625.0,0.0,0.0,0.0,0.0,0.0,0.0,0.0,0.0,0.0,23625.0,0.0,0.0,0.0,0.0,5200.0,0.0,0.0,0.0,0.0,0.0,0.0,0.0,0.0,0.0,0.0,0.0,0.0,-20.0,0.0,0.0,5200.0,0.0,10200.0,0.0,3000.0,2000.0,0.0,0.0,0.0,0.0,0.0,0.0,0.0,0.0,0.0,0.0,0.0,0.0,0.0,0.0,0.0,0.0,0.0,0.0,0.0,0.0,0.0,0.0,0.0
88740,2025,1,-4225.21,2189.54,8321.5,4160.75,54390.76,0.0,0.0,31500.0,0.0,2365.52,0.0,0.0,22890.76,2289.08,2289.08,0.0,2114.29,54390.76,0.0,2289.08,4160.75,54390.76,5000.0,4160.75,45390.76,0.0,0.0,0.0,0.0,0.0,0.0,0.0,788.64,2110.92,0.0,31.0596,4.9998,54390.758,5000.0,4160.7485,9000.0,0.0,3000.0,1000.0,0.0,45390.758,2189.5378,0.0,2189.5378,0.0,2189.5378,54390.758,2289.0757,2289.0757,0.0,0.0,2114.288,0.0,2110.9243,4225.2124,-4225.2124,0.0,0.0,0.0,0.0,0.0,0.0
88741,2025,1,8598.35,4492.33,16362.17,8181.09,111225.95,0.0,0.0,31500.0,0.0,5181.3,0.0,0.0,79725.94,8598.35,0.0,0.0,0.0,111225.95,0.0,8598.35,8181.09,111225.95,5000.0,8181.09,91446.51,0.0,0.0,0.0,0.0,0.0,0.0,0.0,1550.66,0.0,0.0,12.0,4.0176,111225.945,5000.0,8181.0864,19779.438,8598.352,3000.0,0.0,0.0,91446.51,4492.325,0.0,4492.325,0.0,4492.325,111225.945,8598.352,0.0,0.0,8598.352,0.0,0.0,0.0,0.0,8598.352,0.0,0.0,0.0,0.0,0.0,0.0
88742,2025,1,1.9916868e+07,2.5382238e+06,528299.2,335951.25,7.10658e+07,0.0,44596.16,34700.0,0.0,10000.0,4.3190645e+06,1.3931348e+06,6.671204e+07,1.1366345e+07,0.0,0.0,0.0,6.6746736e+07,0.0,18523734.5,335951.25,71021896.0,5000.0,335951.25,50766076.0,0.0,0.0,0.0,0.0,0.0,0.0,0.0,299664.31,0.0,0.0,1.598092e+06,-79899.75,7.1021896e+07,5000.0,335951.25,2.025582e+07,1.9916868e+07,3000.0,0.0,12000.0,5.0766076e+07,2.5382238e+06,0.0,2.5382238e+06,0.0,2.5382238e+06,7.10658e+07,1.8523734e+07,0.0,1.3931348e+06,1.9916868e+07,0.0,0.0,0.0,0.0,1.9916868e+07,0.0,0.0,0.0,44596.156,52466.066,252049.8125
88743,2025,1,104345.55,21118.54,32726.95,16794.59,548711.06,0.0,0.0,31500.0,0.0,25386.68,32517.42,1532.16,484693.62,97153.49,0.0,0.0,0.0,516193.62,0.0,102813.4,16794.59,548711.06,5000.0,16794.59,423970.91,0.0,0.0,0.0,0.0,0.0,0.0,0.0,5876.39,0.0,0.0,10437.578,-516.9942,548711.06,5000.0,16794.594,124740.15,104345.555,3000.0,600.0,0.0,423970.9,21118.545,0.0,21118.545,0.0,21118.545,548711.06,102813.4,0.0,1532.1586,104345.555,0.0,0.0,0.0,0.0,104345.555,0.0,0.0,0.0,0.0,0.0,0.0
88744,2025,1,692.32,834.04,3469.0,1734.5,22673.22,0.0,0.0,15750.0,0.0,943.66,0.0,0.0,6923.22,692.32,0.0,0.0,0.0,22673.22,0.0,692.32,1734.5,22673.21,3000.0,1734.5,17480.89,0.0,0.0,0.0,0.0,0.0,0.0,0.0,328.76,0.0,0.0,10.0,4.5,22673.215,3000.0,1734.5009,5192.3213,692.3215,1500.0,0.0,0.0,17480.895,834.04474,0.0,834.04474,0.0,834.04474,22673.215,692.3215,0.0,0.0,692.3215,0.0,0.0,0.0,0.0,692.3215,0.0,0.0,0.0,0.0,0.0,0.0
88745,2025,1,8751.65,5655.55,21013.0,10506.5,137569.22,0.0,0.0,31500.0,0.0,6498.46,9.91,0.0,106059.3,13131.52,4400.0,0.0,0.0,137559.31,0.0,13151.65,10506.5,137569.22,5000.0,10506.5,114711.06,0.0,0.0,0.0,0.0,0.0,0.0,0.0,1991.43,0.0,0.0,22.0,3.5176,137569.22,5000.0,10506.503,22858.156,8751.652,3000.0,600.0,0.0,114711.06,5655.553,0.0,5655.553,0.0,5655.553,137569.22,13151.652,4400.0,0.0,8751.652,0.0,0.0,0.0,0.0,8751.652,0.0,0.0,0.0,0.0,0.0,0.0
88746,2025,1,31414.63,6035.34,13603.57,6801.79,184936.55,0.0,17713.43,17750.0,0.0,9056.83,3.35,0.0,167183.2,28820.72,0.0,0.0,0.0,184933.2,0.0,31414.63,6801.79,161223.11,2500.0,6801.79,121506.7,0.0,0.0,0.0,0.0,0.0,0.0,0.0,1289.23,0.0,0.0,24.0,3.4175,161223.11,2500.0,6801.7866,39716.414,31414.627,1500.0,0.0,6000.0,121506.695,6035.335,0.0,6035.335,0.0,6035.335,184936.55,31414.627,0.0,0.0,31414.627,0.0,0.0,0.0,0.0,31414.627,0.0,0.0,0.0,17713.428,20839.326,57485.04296875
88747,2025,1,0.0,0.0,6640.57,3320.28,-525050.7,0.0,0.0,34700.0,0.0,0.0,0.0,0.0,0.0,0.0,0.0,0.0,0.0,34700.0,0.0,0.0,3320.28,-4209649.0,8500.0,676864.2,0.0,0.0,0.0,0.0,0.0,0.0,0.0,0.0,629.33,0.0,0.0,0.0,0.0,-4.209649e+06,8500.0,676864.1,679864.1,0.0,3000.0,0.0,12000.0,0.0,0.0,0.0,0.0,0.0,0.0,-525050.7,0.0,0.0,0.0,0.0,0.0,0.0,0.0,0.0,0.0,0.0,0.0,0.0,0.0,39716.28,23855.12890625
88748,2025,1,520406.97,69134.64,51986.69,28716.88,1.9744645e+06,0.0,26059.58,34700.0,0.0,10000.0,50180.98,31005.42,1.8895835e+06,331981.7,0.0,0.0,0.0,1.9242835e+06,0.0,489401.53,28716.88,1936416.62,5000.0,28716.88,1384292.75,0.0,0.0,0.0,0.0,0.0,0.0,0.0,17775.36,0.0,0.0,18603.969,-925.3125,1.9364166e+06,5000.0,28716.877,552123.9,520406.97,3000.0,0.0,12000.0,1.3842928e+06,69134.64,0.0,69134.64,0.0,69134.64,1.9744645e+06,489401.53,0.0,31005.426,520406.97,0.0,0.0,0.0,0.0,520406.97,0.0,0.0,0.0,26059.578,30658.326,29732.48046875
88749,2025,1,0.0,0.0,10700.08,5350.04,-540893.94,0.0,0.0,34700.0,0.0,0.0,0.0,0.0,0.0,0.0,0.0,0.0,0.0,34700.0,0.0,0.0,5350.04,-15360328.0,8500.0,2.4630025e+06,0.0,0.0,0.0,0.0,0.0,0.0,0.0,0.0,1014.06,0.0,0.0,0.0,0.0,-1.5360328e+07,8500.0,2.4630025e+06,2.4660025e+06,0.0,3000.0,0.0,0.0,0.0,0.0,0.0,0.0,0.0,0.0,-540893.94,0.0,0.0,0.0,0.0,0.0,0.0,0.0,0.0,0.0,0.0,0.0,0.0,0.0,59011.047,0.0
88750,2025,1,385539.0,63433.44,2179.48,1089.74,1.6650079e+06,0.0,0.0,17750.0,0.0,10000.0,48255.74,52760.02,1.5990021e+06,75787.21,0.0,0.0,0.0,1.6167521e+06,9392.75,323386.23,1089.74,1659007.75,2500.0,1089.74,1269468.75,0.0,0.0,0.0,0.0,0.0,0.0,0.0,206.55,0.0,0.0,15957.406,-792.8672,1.6590078e+06,2500.0,1089.7388,389539.0,385539.0,1500.0,0.0,6000.0,1.2694688e+06,63433.438,0.0,63433.438,0.0,63433.438,1.6650079e+06,332778.97,0.0,52760.027,385539.0,0.0,0.0,0.0,0.0,385539.0,0.0,0.0,0.0,0.0,0.0,21062.333984375
88751,2025,1,2771.76,1631.99,6247.84,3123.92,40835.53,0.0,0.0,15750.0,0.0,1851.78,0.0,0.0,25085.53,2771.76,0.0,0.0,0.0,40835.53,0.0,2771.76,3123.92,40835.53,2500.0,3123.92,33439.85,0.0,0.0,0.0,0.0,0.0,0.0,0.0,592.12,0.0,0.0,12.0,4.0173,40835.527,2500.0,3123.918,7395.681,2771.7632,1500.0,0.0,0.0,33439.848,1631.9924,0.0,1631.9924,0.0,1631.9924,40835.527,2771.7632,0.0,0.0,2771.7632,0.0,0.0,0.0,0.0,2771.7632,0.0,0.0,0.0,0.0,0.0,0.0
88752,2025,1,2.7475518e+07,3.4269625e+06,781142.3,487657.1,9.6533e+07,0.0,22006.33,34700.0,0.0,10000.0,5.838804e+06,1.8015789e+06,9.065949e+07,1.6504365e+07,0.0,0.0,0.0,9.069419e+07,0.0,25673939.0,487657.1,96507024.0,5000.0,487657.1,68540848.0,0.0,0.0,0.0,0.0,0.0,0.0,0.0,460685.58,0.0,0.0,2.160394e+06,-108015.0,9.650702e+07,5000.0,487657.06,2.7966176e+07,2.7475518e+07,3000.0,0.0,12000.0,6.854085e+07,3.4269625e+06,0.0,3.4269625e+06,0.0,3.4269625e+06,9.6533e+07,2.567394e+07,0.0,1.8015789e+06,2.7475518e+07,0.0,0.0,0.0,0.0,2.7475518e+07,0.0,0.0,0.0,22006.328,25889.797,419617.5625
88753,2025,1,3398.54,1841.83,7046.98,3523.49,46058.68,0.0,0.0,15750.0,0.0,2112.93,0.0,0.0,30308.68,3398.54,0.0,0.0,0.0,46058.68,0.0,3398.54,3523.49,46058.68,2500.0,3523.49,37636.65,0.0,0.0,0.0,0.0,0.0,0.0,0.0,667.85,0.0,0.0,12.0,4.0175,46058.676,2500.0,3523.4888,8422.029,3398.541,1500.0,0.0,0.0,37636.65,1841.8324,0.0,1841.8324,0.0,1841.8324,46058.676,3398.541,0.0,0.0,3398.541,0.0,0.0,0.0,0.0,3398.541,0.0,0.0,0.0,0.0,0.0,0.0
88754,2025,1,34185.42,5896.8,13603.57,6801.79,196481.55,0.0,29258.42,17750.0,0.0,9634.08,3.35,0.0,178728.2,31591.52,0.0,0.0,0.0,196478.2,0.0,34185.43,6801.79,161223.11,2500.0,6801.79,118735.9,0.0,0.0,0.0,0.0,0.0,0.0,0.0,1289.23,0.0,0.0,24.0,3.4175,161223.11,2500.0,6801.7866,42487.21,34185.426,1500.0,0.0,6000.0,118735.9,5896.795,0.0,5896.795,0.0,5896.795,196481.55,34185.426,0.0,0.0,34185.426,0.0,0.0,0.0,0.0,34185.426,0.0,0.0,0.0,29258.416,34421.664,57485.04296875
88755,2025,1,0.0,0.0,0.0,0.0,10.1,0.0,0.0,17750.0,0.0,10.1,0.0,0.0,0.0,0.0,0.0,0.0,0.0,17750.0,0.0,0.0,0.0,10.1,3000.0,0.0,0.0,0.0,0.0,0.0,0.0,0.0,0.0,0.0,0.0,0.0,0.0,0.0,0.0,10.104614,3000.0,0.0,4500.0,0.0,1500.0,0.0,0.0,0.0,0.0,0.0,0.0,0.0,0.0,10.104614,0.0,0.0,0.0,0.0,0.0,0.0,0.0,0.0,0.0,0.0,0.0,0.0,0.0,32815.81,0.0
88756,2025,1,7653.23,3966.98,15359.99,7680.0,99272.74,0.0,0.0,31500.0,0.0,4725.86,0.0,0.0,67772.74,7653.23,0.0,0.0,0.0,99272.74,0.0,7653.23,7680.0,99272.74,5000.0,7680.0,80939.52,0.0,0.0,0.0,0.0,0.0,0.0,0.0,1455.69,0.0,0.0,12.0,4.0178,99272.74,5000.0,7679.9966,18333.225,7653.2275,3000.0,0.0,0.0,80939.516,3966.9758,0.0,3966.9758,0.0,3966.9758,99272.74,7653.2275,0.0,0.0,7653.2275,0.0,0.0,0.0,0.0,7653.2275,0.0,0.0,0.0,0.0,0.0,0.0
88757,2025,1,3.0744294e+07,4.0526528e+06,631750.25,458483.7,1.1222823e+08,0.0,35623.96,33100.0,0.0,10000.0,6.384979e+06,2.6313715e+06,1.0581015e+08,1.5217748e+07,0.0,0.0,0.0,1.0584325e+08,0.0,28112922.0,458483.7,112260432.0,5000.0,458483.7,81054656.0,0.0,0.0,0.0,0.0,0.0,0.0,0.0,288994.57,0.0,0.0,2.362478e+06,-118119.24,1.1226043e+08,5000.0,458483.7,3.1205778e+07,3.0744294e+07,3000.0,0.0,6000.0,8.105466e+07,4.0526528e+06,0.0,4.0526528e+06,0.0,4.0526528e+06,1.1222823e+08,2.8112922e+07,0.0,2.6313715e+06,3.0744294e+07,0.0,0.0,0.0,0.0,3.0744294e+07,0.0,0.0,0.0,35623.96,41910.54,577631.125
88758,2025,1,150225.34,18827.76,40987.14,22448.9,553255.06,0.0,0.0,23625.0,0.0,24023.48,5515.9,5.91,523715.7,151090.42,0.0,879.15,0.0,547739.2,0.0,151098.6,22448.9,553629.38,2500.0,22448.9,377355.12,0.0,0.0,0.0,0.0,0.0,0.0,0.0,10782.06,0.0,0.0,1976.0468,-93.918,553629.4,2500.0,22448.902,176274.25,150225.34,3000.0,600.0,0.0,377355.12,18827.756,0.0,18827.756,0.0,18827.756,553255.06,151098.6,879.1528,5.91116,150225.34,0.0,0.0,0.0,0.0,150225.34,0.0,0.0,0.0,0.0,0.0,0.0
88759,2025,1,0.0,0.0,5871.16,2935.58,-569152.9,0.0,0.0,34700.0,0.0,0.0,0.0,0.0,0.0,0.0,0.0,0.0,0.0,34700.0,0.0,0.0,2935.58,-1400250.62,8500.0,226975.69,0.0,0.0,0.0,0.0,0.0,0.0,0.0,0.0,556.42,0.0,0.0,0.0,0.0,-1.4002506e+06,8500.0,226975.69,229975.69,0.0,3000.0,0.0,0.0,0.0,0.0,0.0,0.0,0.0,0.0,-569152.9,0.0,0.0,0.0,0.0,0.0,0.0,0.0,0.0,0.0,0.0,0.0,0.0,0.0,0.0,0.0
88760,2025,1,0.0,12.11,0.0,0.0,11052.67,0.0,0.0,17750.0,0.0,639.54,0.0,0.0,0.0,0.0,0.0,0.0,0.0,17750.0,0.0,0.0,0.0,5052.67,3000.0,0.0,552.67,0.0,0.0,0.0,0.0,0.0,0.0,0.0,0.0,0.0,0.0,0.0,2.0,5052.67,3000.0,0.0,4500.0,0.0,1500.0,0.0,6000.0,552.6699,12.106797,0.0,12.106797,0.0,12.106797,11052.67,0.0,0.0,0.0,0.0,0.0,0.0,0.0,0.0,0.0,0.0,0.0,0.0,0.0,14710.112,10740.626953125
88761,2025,1,1.013123e+07,1.5003728e+06,174715.6,111206.76,4.024736e+07,0.0,0.0,31500.0,0.0,10000.0,525211.9,1.3011546e+06,3.969065e+07,2.0306324e+06,0.0,0.0,0.0,3.9722148e+07,0.0,8830075.38,111206.76,40255692.0,5000.0,111206.76,30009056.0,0.0,0.0,0.0,0.0,0.0,0.0,0.0,76327.36,0.0,0.0,194366.0,-9713.375,4.0255692e+07,5000.0,111206.76,1.0246637e+07,1.013123e+07,3000.0,1200.0,0.0,3.0009056e+07,1.5003728e+06,0.0,1.5003728e+06,0.0,1.5003728e+06,4.024736e+07,8.830075e+06,0.0,1.3011546e+06,1.013123e+07,0.0,0.0,0.0,0.0,1.013123e+07,0.0,0.0,0.0,0.0,0.0,256733.15625
88762,2025,1,345560.38,52927.34,33565.38,18437.14,1.4260899e+06,0.0,0.0,31500.0,0.0,10000.0,228430.78,3274.88,1.1661591e+06,326690.3,0.0,0.0,0.0,1.1976591e+06,0.0,342285.48,18437.14,1427744.38,5000.0,18437.14,1060146.88,0.0,0.0,0.0,0.0,0.0,0.0,0.0,2867.44,0.0,0.0,84556.38,-4223.199,1.4277444e+06,5000.0,18437.137,367597.5,345560.38,3000.0,600.0,0.0,1.0601469e+06,52927.344,0.0,52927.344,0.0,52927.344,1.4260899e+06,342285.5,0.0,3274.8835,345560.38,0.0,0.0,0.0,0.0,345560.38,0.0,0.0,0.0,0.0,0.0,0.0
88763,2025,1,397738.8,45518.08,47166.54,26351.06,1.3422964e+06,0.0,0.0,17750.0,0.0,10000.0,78091.89,7561.27,1.2464545e+06,357200.0,0.0,0.0,0.0,1.2642045e+06,0.0,390177.53,26351.06,1336751.38,2500.0,26351.06,911161.5,0.0,0.0,0.0,0.0,0.0,0.0,0.0,14522.83,0.0,0.0,28931.002,-1441.668,1.3367514e+06,2500.0,26351.06,425589.88,397738.8,1500.0,0.0,6000.0,911161.5,45518.074,0.0,45518.074,0.0,45518.074,1.3422964e+06,390177.53,0.0,7561.274,397738.8,0.0,0.0,0.0,0.0,397738.8,0.0,0.0,0.0,0.0,0.0,70285.359375
88764,2025,1,6.2166516e+07,8.371861e+06,967417.5,610336.2,2.3020344e+08,0.0,0.0,31500.0,0.0,10000.0,8.328667e+06,6.2595545e+06,2.2184326e+08,2.5202114e+07,0.0,0.0,0.0,2.2187478e+08,0.0,55906958.0,610336.2,230219568.0,5000.0,610336.2,167438816.0,0.0,0.0,0.0,0.0,0.0,0.0,0.0,564513.6,0.0,0.0,3.08164e+06,-154077.0,2.3021957e+08,5000.0,610336.2,6.278075e+07,6.2166516e+07,3000.0,900.0,0.0,1.6743882e+08,8.371861e+06,0.0,8.371861e+06,0.0,8.371861e+06,2.3020344e+08,5.590696e+07,0.0,6.2595545e+06,6.2166516e+07,0.0,0.0,0.0,0.0,6.2166516e+07,0.0,0.0,0.0,0.0,0.0,143516.09375
88765,2025,1,1.1602947e+07,1.278771e+06,36968.32,19154.62,3.7202268e+07,0.0,0.0,31500.0,0.0,10000.0,4.503703e+06,547076.06,3.2667064e+07,9.932334e+06,0.0,0.0,0.0,3.2698566e+07,0.0,11055870.38,19154.62,37202720.0,5000.0,19154.62,25577020.0,0.0,0.0,0.0,0.0,0.0,0.0,0.0,4344.39,0.0,0.0,1.666407e+06,-83315.625,3.720272e+07,5000.0,19154.62,1.1625701e+07,1.1602946e+07,3000.0,600.0,0.0,2.557702e+07,1.278771e+06,0.0,1.278771e+06,0.0,1.278771e+06,3.7202268e+07,1.105587e+07,0.0,547076.06,1.1602946e+07,0.0,0.0,0.0,0.0,1.1602946e+07,0.0,0.0,0.0,0.0,0.0,18216.701171875
88766,2025,1,0.0,0.0,15335.91,7667.95,-512344.47,0.0,0.0,31500.0,0.0,0.0,0.0,0.0,0.0,0.0,0.0,0.0,0.0,31500.0,0.0,0.0,7667.95,-16458359.0,8500.0,2.6410055e+06,0.0,0.0,0.0,0.0,0.0,0.0,0.0,0.0,1453.4,0.0,0.0,0.0,0.0,-1.6458359e+07,8500.0,2.6410055e+06,2.6450055e+06,0.0,3000.0,1000.0,0.0,0.0,0.0,0.0,0.0,0.0,0.0,-512344.5,0.0,0.0,0.0,0.0,0.0,0.0,0.0,0.0,0.0,0.0,0.0,0.0,0.0,0.0,0.0
88767,2025,1,-649.0,136.46,2354.62,1177.31,15411.56,0.0,0.0,33100.0,0.0,853.59,0.0,0.0,0.0,0.0,0.0,0.0,649.0,33100.0,0.0,0.0,1177.31,15411.56,8500.0,1177.31,3911.56,0.0,0.0,0.0,0.0,0.0,0.0,0.0,223.15,0.0,0.0,0.0,4.0,15411.559,8500.0,1177.3086,11500.0,0.0,3000.0,0.0,0.0,3911.5586,136.46234,0.0,136.46234,0.0,136.46234,15411.559,0.0,0.0,0.0,0.0,649.0,0.0,0.0,649.0,-649.0,0.0,0.0,0.0,0.0,24516.854,0.0
88768,2025,1,5053.91,2488.23,9627.06,4813.53,77651.5,0.0,13232.97,31500.0,0.0,3502.58,0.0,0.0,46151.5,5053.91,0.0,0.0,0.0,77651.5,0.0,5053.91,4813.53,64418.53,5000.0,4813.53,51364.62,0.0,0.0,0.0,0.0,0.0,0.0,0.0,912.37,0.0,0.0,11.999,4.3999,64418.527,5000.0,4813.5317,13053.907,5053.907,3000.0,0.0,0.0,51364.62,2488.231,0.0,2488.231,0.0,2488.231,77651.5,5053.907,0.0,0.0,5053.907,0.0,0.0,0.0,0.0,5053.907,0.0,0.0,0.0,13232.973,15568.202,1339.5518798828125
88769,2025,1,0.0,0.0,8786.75,4393.38,-555540.56,0.0,0.0,31500.0,0.0,0.0,0.0,0.0,0.0,0.0,0.0,0.0,0.0,31500.0,0.0,0.0,4393.38,-3874483.5,8500.0,624310.75,0.0,0.0,0.0,0.0,0.0,0.0,0.0,0.0,832.73,0.0,0.0,0.0,0.0,-3.8744835e+06,8500.0,624310.75,629310.75,0.0,3000.0,2000.0,0.0,0.0,0.0,0.0,0.0,0.0,0.0,-555540.56,0.0,0.0,0.0,0.0,0.0,0.0,0.0,0.0,0.0,0.0,0.0,0.0,0.0,0.0,0.0
88770,2025,1,0.0,1574.58,760.27,380.14,75883.26,0.0,25822.05,34700.0,0.0,3414.16,0.0,0.0,29183.26,0.0,0.0,0.0,0.0,63883.26,0.0,0.0,380.14,41091.7,5000.0,380.14,33091.7,0.0,0.0,0.0,0.0,0.0,0.0,0.0,72.05,0.0,0.0,0.0,5.0,41091.7,5000.0,380.13654,8000.0,0.0,3000.0,0.0,8969.512,33091.7,1574.585,0.0,1574.585,0.0,1574.585,75883.26,0.0,0.0,0.0,0.0,0.0,0.0,0.0,0.0,0.0,0.0,0.0,0.0,25822.047,34517.688,8969.51171875
88771,2025,1,0.0,0.0,0.0,0.0,-612979.06,0.0,0.0,34700.0,0.0,0.0,0.0,0.0,0.0,0.0,0.0,0.0,0.0,34700.0,0.0,0.0,0.0,-1696985.75,8500.0,271517.72,0.0,0.0,0.0,0.0,0.0,0.0,0.0,0.0,0.0,0.0,0.0,0.0,0.0,-1.6969858e+06,8500.0,271517.72,274517.72,0.0,3000.0,0.0,0.0,0.0,0.0,0.0,0.0,0.0,0.0,-612979.06,0.0,0.0,0.0,0.0,0.0,0.0,0.0,0.0,0.0,0.0,0.0,0.0,0.0,57614.605,0.0
88772,2025,1,0.0,0.0,710.58,355.29,-608354.7,0.0,0.0,31500.0,0.0,0.0,0.0,0.0,0.0,0.0,0.0,0.0,0.0,31500.0,0.0,0.0,355.29,-2014909.88,8500.0,322740.88,0.0,0.0,0.0,0.0,0.0,0.0,0.0,0.0,67.34,0.0,0.0,0.0,0.0,-2.0149099e+06,8500.0,322740.88,325740.88,0.0,3000.0,0.0,0.0,0.0,0.0,0.0,0.0,0.0,0.0,-608354.7,0.0,0.0,0.0,0.0,0.0,0.0,0.0,0.0,0.0,0.0,0.0,0.0,0.0,0.0,0.0
88773,2025,1,30946.54,7821.4,20874.42,10437.21,242466.34,0.0,33342.92,34700.0,0.0,11743.32,424.9,0.0,206437.4,21737.2,0.0,0.0,0.0,241137.4,0.0,30946.54,10437.21,202411.77,5000.0,10437.21,158028.02,0.0,0.0,0.0,0.0,0.0,0.0,0.0,1978.29,0.0,0.0,24.6406,3.3853,202411.77,5000.0,10437.21,44383.75,30946.541,3000.0,0.0,6711.6646,158028.02,7821.401,0.0,7821.401,0.0,7821.401,242466.34,30946.541,0.0,0.0,30946.541,0.0,0.0,0.0,0.0,30946.541,0.0,0.0,0.0,33342.92,39226.965,6711.66455078125
88774,2025,1,0.0,77.55,0.0,0.0,12688.78,0.0,0.0,17750.0,0.0,639.54,0.0,0.0,0.0,0.0,0.0,0.0,0.0,17750.0,0.0,0.0,0.0,6688.77,3000.0,0.0,2188.77,0.0,0.0,0.0,0.0,0.0,0.0,0.0,0.0,0.0,0.0,0.0,2.0,6688.775,3000.0,0.0,4500.0,0.0,1500.0,0.0,6000.0,2188.775,77.550995,0.0,77.550995,0.0,77.550995,12688.775,0.0,0.0,0.0,0.0,0.0,0.0,0.0,0.0,0.0,0.0,0.0,0.0,0.0,17149.54,9123.1328125
88775,2025,1,-7125.5,0.0,11176.33,5588.16,-539690.8,0.0,0.0,31500.0,0.0,0.0,0.0,0.0,0.0,0.0,0.0,0.0,3725.5,31500.0,0.0,0.0,5588.16,-23961270.0,8500.0,3.8393912e+06,0.0,0.0,0.0,0.0,0.0,0.0,0.0,0.0,1059.19,3400.0,0.0,21.0601,0.0,-2.396127e+07,8500.0,3.8393912e+06,3.8443912e+06,0.0,3000.0,2000.0,0.0,0.0,0.0,0.0,0.0,0.0,0.0,-539690.8,0.0,0.0,0.0,0.0,3725.4985,0.0,3400.0,7125.4985,-7125.4985,0.0,0.0,0.0,0.0,0.0,0.0
88776,2025,1,16692.82,7895.77,29769.06,15441.31,195292.72,0.0,0.0,31500.0,0.0,9384.64,1464.87,0.0,162327.84,25391.45,8800.0,0.0,0.0,193827.84,0.0,25492.82,15441.31,195849.5,5000.0,15441.31,159515.38,0.0,0.0,0.0,0.0,0.0,0.0,0.0,2715.72,0.0,0.0,22.0,3.5176,195849.5,5000.0,15441.312,36334.13,16692.818,3000.0,1200.0,0.0,159515.38,7895.7686,0.0,7895.7686,0.0,7895.7686,195292.72,25492.818,8800.0,0.0,16692.818,0.0,0.0,0.0,0.0,16692.818,0.0,0.0,0.0,0.0,0.0,0.0
88777,2025,1,0.0,0.0,43.69,21.84,238.44,0.0,0.0,34700.0,0.0,238.44,0.0,0.0,0.0,0.0,0.0,0.0,0.0,34700.0,0.0,0.0,21.84,238.44,8500.0,21.84,0.0,0.0,0.0,0.0,0.0,0.0,0.0,0.0,4.14,0.0,0.0,0.0,0.0,238.43878,8500.0,21.843319,11500.0,0.0,3000.0,0.0,0.0,0.0,0.0,0.0,0.0,0.0,0.0,238.4388,0.0,0.0,0.0,0.0,0.0,0.0,0.0,0.0,0.0,0.0,0.0,0.0,0.0,46336.855,0.0
88778,2025,1,1.4439311e+07,2.0368114e+06,120736.91,78801.52,5.527353e+07,0.0,18296.93,17750.0,0.0,10000.0,1.2669675e+06,1.7556408e+06,5.3988812e+07,4.155187e+06,0.0,0.0,0.0,5.400656e+07,0.0,12683669.75,78801.52,55256640.0,2500.0,78801.52,40737028.0,0.0,0.0,0.0,0.0,0.0,0.0,0.0,53067.32,0.0,0.0,468815.0,-23435.75,5.525664e+07,2500.0,78801.52,1.4519613e+07,1.4439311e+07,1500.0,0.0,6000.0,4.0737028e+07,2.0368114e+06,0.0,2.0368114e+06,0.0,2.0368114e+06,5.527353e+07,1.268367e+07,0.0,1.7556409e+06,1.4439311e+07,0.0,0.0,0.0,0.0,1.4439311e+07,0.0,0.0,0.0,18296.928,21525.797,580203.3125
88779,2025,1,1.6,595.55,2633.54,1316.77,17212.65,0.0,0.0,15750.0,0.0,670.63,0.0,0.0,1462.65,146.27,0.0,0.0,144.66,17212.65,0.0,146.27,1316.77,17212.65,3000.0,1316.77,12711.05,0.0,0.0,0.0,0.0,0.0,0.0,0.0,249.58,0.0,0.0,17.65,4.1175,17212.65,3000.0,1316.7677,4501.6025,1.6027832,1500.0,0.0,0.0,12711.048,595.55237,0.0,595.55237,0.0,595.55237,17212.65,146.26505,0.0,0.0,146.26505,144.66226,0.0,0.0,144.66226,1.6027832,0.0,0.0,0.0,0.0,0.0,0.0
88780,2025,1,4637.85,2256.74,8627.1,4313.55,56386.26,0.0,0.0,15750.0,0.0,2629.31,0.0,0.0,40636.26,4637.85,0.0,0.0,0.0,56386.26,0.0,4637.85,4313.55,56386.27,2500.0,4313.55,45934.86,0.0,0.0,0.0,0.0,0.0,0.0,0.0,817.6,0.0,0.0,12.0,4.0176,56386.266,2500.0,4313.5493,10451.401,4637.852,1500.0,0.0,0.0,45934.863,2256.7432,0.0,2256.7432,0.0,2256.7432,56386.266,4637.852,0.0,0.0,4637.852,0.0,0.0,0.0,0.0,4637.852,0.0,0.0,0.0,0.0,0.0,0.0
88781,2025,1,-649.0,168.88,1327.66,663.83,8677.55,0.0,0.0,15750.0,0.0,476.39,0.0,0.0,0.0,0.0,0.0,0.0,649.0,15750.0,0.0,0.0,663.83,8677.55,3000.0,663.83,4177.55,0.0,0.0,0.0,0.0,0.0,0.0,0.0,125.82,0.0,0.0,0.0,5.0,8677.55,3000.0,663.8325,4500.0,0.0,1500.0,0.0,0.0,4177.55,168.87749,0.0,168.87749,0.0,168.87749,8677.55,0.0,0.0,0.0,0.0,649.0,0.0,0.0,649.0,-649.0,0.0,0.0,0.0,0.0,0.0,0.0
88782,2025,1,0.0,0.0,0.0,0.0,-308000.0,0.0,0.0,17750.0,0.0,0.0,0.0,0.0,0.0,0.0,0.0,0.0,0.0,17750.0,0.0,0.0,0.0,-30862180.0,3000.0,4.9379485e+06,0.0,0.0,0.0,0.0,0.0,0.0,0.0,0.0,0.0,0.0,0.0,0.0,0.0,-3.086218e+07,3000.0,4.9379485e+06,4.9394485e+06,0.0,1500.0,0.0,0.0,0.0,0.0,0.0,0.0,0.0,0.0,-308000.0,0.0,0.0,0.0,0.0,0.0,0.0,0.0,0.0,0.0,0.0,0.0,0.0,0.0,817.22845,0.0
88783,2025,1,0.0,172.63,0.0,0.0,14752.56,0.0,0.0,17750.0,0.0,547.63,0.0,0.0,0.0,0.0,0.0,0.0,0.0,17750.0,0.0,0.0,0.0,8752.56,3000.0,0.0,4252.56,0.0,0.0,0.0,0.0,0.0,0.0,0.0,0.0,0.0,0.0,0.0,2.5,8752.559,3000.0,0.0,4500.0,0.0,1500.0,0.0,6000.0,4252.5586,172.62793,0.0,172.62793,0.0,172.62793,14752.559,0.0,0.0,0.0,0.0,0.0,0.0,0.0,0.0,0.0,0.0,0.0,0.0,0.0,3759.251,7191.44873046875
88784,2025,1,0.0,0.0,710.58,355.29,-608354.7,0.0,0.0,31500.0,0.0,0.0,0.0,0.0,0.0,0.0,0.0,0.0,0.0,31500.0,0.0,0.0,355.29,-2142310.0,8500.0,343124.88,0.0,0.0,0.0,0.0,0.0,0.0,0.0,0.0,67.34,0.0,0.0,0.0,0.0,-2.14231e+06,8500.0,343124.88,346124.88,0.0,3000.0,0.0,0.0,0.0,0.0,0.0,0.0,0.0,0.0,-608354.7,0.0,0.0,0.0,0.0,0.0,0.0,0.0,0.0,0.0,0.0,0.0,0.0,0.0,0.0,0.0
88785,2025,1,0.0,17.5,793.69,396.85,5187.54,0.0,0.0,15750.0,0.0,476.39,0.0,0.0,0.0,0.0,0.0,0.0,0.0,15750.0,0.0,0.0,396.85,5187.54,3000.0,396.85,687.54,0.0,0.0,0.0,0.0,0.0,0.0,0.0,75.22,0.0,0.0,0.0,4.0,5187.5366,3000.0,396.84653,4500.0,0.0,1500.0,0.0,0.0,687.5366,17.501465,0.0,17.501465,0.0,17.501465,5187.5366,0.0,0.0,0.0,0.0,0.0,0.0,0.0,0.0,0.0,0.0,0.0,0.0,0.0,0.0,0.0
88786,2025,1,2558.09,1560.46,5975.4,2987.7,39054.91,0.0,0.0,15750.0,0.0,1762.75,0.0,0.0,23304.91,2558.09,0.0,0.0,0.0,39054.91,0.0,2558.09,2987.7,39054.91,2500.0,2987.7,32009.12,0.0,0.0,0.0,0.0,0.0,0.0,0.0,566.3,0.0,0.0,12.0,4.0175,39054.91,2500.0,2987.7004,7045.7896,2558.089,1500.0,0.0,0.0,32009.121,1560.456,0.0,1560.456,0.0,1560.456,39054.91,2558.089,0.0,0.0,2558.089,0.0,0.0,0.0,0.0,2558.089,0.0,0.0,0.0,0.0,0.0,0.0
88787,2025,1,0.0,0.0,0.0,0.0,-33583.74,0.0,0.0,17750.0,0.0,0.0,0.0,0.0,0.0,0.0,0.0,0.0,0.0,17750.0,0.0,0.0,0.0,-85027.09,3000.0,13604.34,0.0,0.0,0.0,0.0,0.0,0.0,0.0,0.0,0.0,0.0,0.0,0.0,0.0,-85027.09,3000.0,13604.336,15104.336,0.0,1500.0,0.0,0.0,0.0,0.0,0.0,0.0,0.0,0.0,-33583.734,0.0,0.0,0.0,0.0,0.0,0.0,0.0,0.0,0.0,0.0,0.0,0.0,0.0,0.0,0.0
88788,2025,1,187939.4,35039.78,1725.42,862.71,903702.94,0.0,4167.87,17750.0,0.0,10000.0,9426.9,26740.71,876526.06,22305.8,0.0,0.0,0.0,894276.06,8669.44,152529.26,862.71,893535.06,2500.0,862.71,701595.62,0.0,0.0,0.0,0.0,0.0,0.0,0.0,163.52,0.0,0.0,3576.4065,-173.8203,893535.06,2500.0,862.70984,191939.4,187939.4,1500.0,0.0,6000.0,701595.6,35039.78,0.0,35039.78,0.0,35039.78,903702.94,161198.7,0.0,26740.71,187939.4,0.0,0.0,0.0,0.0,187939.4,0.0,0.0,0.0,4167.865,4903.3706,53528.58203125
88789,2025,1,0.0,0.0,0.0,0.0,-1722.12,0.0,0.0,17750.0,0.0,0.0,0.0,0.0,0.0,0.0,0.0,0.0,0.0,17750.0,0.0,0.0,0.0,-1722.12,3000.0,275.54,0.0,0.0,0.0,0.0,0.0,0.0,0.0,0.0,0.0,0.0,0.0,0.0,0.0,-1722.1187,3000.0,275.53897,4500.0,0.0,1500.0,0.0,0.0,0.0,0.0,0.0,0.0,0.0,0.0,-1722.1187,0.0,0.0,0.0,0.0,0.0,0.0,0.0,0.0,0.0,0.0,0.0,0.0,0.0,19417.348,0.0
88790,2025,1,0.0,0.0,0.0,0.0,0.0,0.0,0.0,17750.0,0.0,0.0,0.0,0.0,0.0,0.0,0.0,0.0,0.0,17750.0,0.0,0.0,0.0,0.0,3000.0,0.0,0.0,0.0,0.0,0.0,0.0,0.0,0.0,0.0,0.0,0.0,0.0,0.0,0.0,0.0,3000.0,0.0,4500.0,0.0,1500.0,0.0,0.0,0.0,0.0,0.0,0.0,0.0,0.0,0.0,0.0,0.0,0.0,0.0,0.0,0.0,0.0,0.0,0.0,0.0,0.0,0.0,0.0,0.0,0.0
88791,2025,1,-649.0,0.0,1639.91,819.96,1248.89,0.0,0.0,31500.0,0.0,569.06,0.0,0.0,0.0,0.0,0.0,0.0,649.0,31500.0,0.0,0.0,819.96,-8927.4,8500.0,2248.34,0.0,0.0,0.0,0.0,0.0,0.0,0.0,0.0,155.42,0.0,0.0,0.0,0.0,-8927.402,8500.0,2248.34,11500.0,0.0,3000.0,0.0,0.0,0.0,0.0,0.0,0.0,0.0,0.0,1248.8877,0.0,0.0,0.0,0.0,649.0,0.0,0.0,649.0,-649.0,0.0,0.0,0.0,0.0,0.0,0.0
88792,2025,1,0.0,0.0,5579.92,2789.96,-576529.94,0.0,0.0,31500.0,0.0,0.0,0.0,0.0,0.0,0.0,0.0,0.0,0.0,31500.0,0.0,0.0,2789.96,-1070311.38,8500.0,174039.78,0.0,0.0,0.0,0.0,0.0,0.0,0.0,0.0,528.82,0.0,0.0,0.0,0.0,-1.0703114e+06,8500.0,174039.78,178039.78,0.0,3000.0,1000.0,0.0,0.0,0.0,0.0,0.0,0.0,0.0,-576529.94,0.0,0.0,0.0,0.0,0.0,0.0,0.0,0.0,0.0,0.0,0.0,0.0,0.0,0.0,0.0
88793,2025,1,21421.74,6070.42,24337.5,12168.75,159098.94,0.0,0.0,23625.0,0.0,7764.95,0.0,0.0,135473.94,23621.74,2200.0,0.0,0.0,159098.94,0.0,23621.74,12168.75,159098.94,2500.0,12168.75,122208.45,0.0,0.0,0.0,0.0,0.0,0.0,0.0,2306.5,0.0,0.0,24.0,3.4175,159098.94,2500.0,12168.75,36890.492,21421.744,3000.0,300.0,0.0,122208.445,6070.4224,0.0,6070.4224,0.0,6070.4224,159098.94,23621.744,2200.0,0.0,21421.744,0.0,0.0,0.0,0.0,21421.744,0.0,0.0,0.0,0.0,0.0,0.0
88794,2025,1,42927.46,11239.99,37863.69,19348.51,292037.1,0.0,0.0,31500.0,0.0,14221.85,3517.67,51.98,257019.42,47103.5,4400.0,0.0,0.0,288519.44,0.0,47275.48,19348.51,292275.78,5000.0,19348.51,226399.81,0.0,0.0,0.0,0.0,0.0,0.0,0.0,4315.57,0.0,0.0,24.0,3.6162,292275.78,5000.0,19348.51,65875.97,42927.457,3000.0,600.0,0.0,226399.81,11239.99,0.0,11239.99,0.0,11239.99,292037.1,47275.477,4400.0,51.980675,42927.457,0.0,0.0,0.0,0.0,42927.457,0.0,0.0,0.0,0.0,0.0,0.0
88795,2025,1,1.4825705e+07,1.6959864e+06,527558.6,342623.1,4.908484e+07,0.0,0.0,34700.0,0.0,10000.0,5.424714e+06,374471.0,4.3625424e+07,1.2552133e+07,0.0,0.0,0.0,4.3660124e+07,0.0,14451234.25,342623.1,49092656.0,5000.0,342623.1,33921328.0,0.0,0.0,0.0,0.0,0.0,0.0,0.0,292076.57,0.0,0.0,2.007183e+06,-100354.25,4.9092656e+07,5000.0,342623.06,1.5171328e+07,1.4825705e+07,3000.0,0.0,12000.0,3.392133e+07,1.6959864e+06,0.0,1.6959864e+06,0.0,1.6959864e+06,4.908484e+07,1.4451234e+07,0.0,374471.0,1.4825705e+07,0.0,0.0,0.0,0.0,1.4825705e+07,0.0,0.0,0.0,0.0,0.0,105577.1328125
88796,2025,1,1719.41,2064.89,7504.36,3752.18,59545.5,0.0,6928.21,33100.0,0.0,2597.27,0.0,0.0,20445.5,1719.41,0.0,0.0,0.0,53545.5,0.0,1719.41,3752.18,52617.29,5000.0,3752.18,42897.88,0.0,0.0,0.0,0.0,0.0,0.0,0.0,711.2,0.0,0.0,10.0,4.5,52617.293,5000.0,3752.179,9719.414,1719.414,3000.0,0.0,0.0,42897.88,2064.894,0.0,2064.894,0.0,2064.894,59545.496,1719.414,0.0,0.0,1719.414,0.0,0.0,0.0,0.0,1719.414,0.0,0.0,0.0,6928.208,8150.8325,0.0
88797,2025,1,5466.48,2551.27,9680.51,4840.26,63632.23,0.0,0.0,15750.0,0.0,2991.61,0.0,0.0,47882.23,5466.48,0.0,0.0,0.0,63632.23,0.0,5466.48,4840.26,63632.23,2500.0,4840.26,51825.49,0.0,0.0,0.0,0.0,0.0,0.0,0.0,917.43,0.0,0.0,12.0,4.0176,63632.23,2500.0,4840.2563,11806.741,5466.485,1500.0,0.0,0.0,51825.49,2551.2744,0.0,2551.2744,0.0,2551.2744,63632.23,5466.485,0.0,0.0,5466.485,0.0,0.0,0.0,0.0,5466.485,0.0,0.0,0.0,0.0,0.0,0.0
88798,2025,1,4.548402e+07,6.790652e+06,398713.25,249328.31,1.8154477e+08,0.0,0.0,31500.0,0.0,10000.0,3.4568298e+06,5.871655e+06,1.7805643e+08,8.797562e+06,0.0,0.0,0.0,1.7808795e+08,0.0,39612366.0,249328.31,181550992.0,5000.0,249328.31,135814640.0,0.0,0.0,0.0,0.0,0.0,0.0,0.0,226009.94,0.0,0.0,1.279064e+06,-63949.0,1.8155099e+08,5000.0,249328.33,4.573635e+07,4.5484024e+07,3000.0,0.0,0.0,1.3581464e+08,6.790652e+06,0.0,6.790652e+06,0.0,6.790652e+06,1.8154478e+08,3.961237e+07,0.0,5.871655e+06,4.5484024e+07,0.0,0.0,0.0,0.0,4.5484024e+07,0.0,0.0,0.0,0.0,0.0,193982.9375
88799,2025,1,11711.99,5290.53,19672.96,9836.48,131959.1,0.0,0.0,31500.0,0.0,6217.95,7.61,0.0,100451.48,11250.55,0.0,0.0,0.0,131951.48,0.0,11711.99,9836.48,131959.09,5000.0,9836.48,107410.62,0.0,0.0,0.0,0.0,0.0,0.0,0.0,1864.43,0.0,0.0,22.0,3.5186,131959.1,5000.0,9836.479,24548.469,11711.99,3000.0,0.0,0.0,107410.625,5290.5312,0.0,5290.5312,0.0,5290.5312,131959.1,11711.99,0.0,0.0,11711.99,0.0,0.0,0.0,0.0,11711.99,0.0,0.0,0.0,0.0,0.0,0.0
88800,2025,1,78274.21,18950.75,4377.12,2188.56,468089.28,0.0,0.0,17750.0,0.0,23214.46,13662.77,10187.39,431212.1,21001.68,0.0,0.0,0.0,454426.53,0.0,68086.82,2188.56,462089.25,2500.0,2188.56,379815.03,0.0,0.0,0.0,0.0,0.0,0.0,0.0,414.82,0.0,0.0,3305.664,-160.2832,462089.25,2500.0,2188.5588,82274.21,78274.21,1500.0,0.0,6000.0,379815.03,18950.752,0.0,18950.752,0.0,18950.752,468089.28,68086.82,0.0,10187.393,78274.21,0.0,0.0,0.0,0.0,78274.21,0.0,0.0,0.0,0.0,0.0,38168.20703125
88801,2025,1,0.0,0.0,0.0,0.0,-54.24,0.0,0.0,17750.0,0.0,0.0,0.0,0.0,0.0,0.0,0.0,0.0,0.0,17750.0,0.0,0.0,0.0,-54.24,3000.0,8.68,0.0,0.0,0.0,0.0,0.0,0.0,0.0,0.0,0.0,0.0,0.0,0.0,0.0,-54.239956,3000.0,8.678392,4500.0,0.0,1500.0,0.0,0.0,0.0,0.0,0.0,0.0,0.0,0.0,-54.239956,0.0,0.0,0.0,0.0,0.0,0.0,0.0,0.0,0.0,0.0,0.0,0.0,0.0,27091.123,0.0
88802,2025,1,16264.38,5606.45,19566.84,11557.26,142276.78,0.0,0.0,23625.0,0.0,6923.84,4666.88,0.0,113984.91,18464.38,2200.0,0.0,0.0,137609.9,0.0,18464.38,11557.26,144050.62,2500.0,11557.26,112928.98,0.0,0.0,0.0,0.0,0.0,0.0,0.0,1518.16,0.0,0.0,24.0,3.418,144050.62,2500.0,11557.259,31121.637,16264.377,3000.0,300.0,0.0,112928.984,5606.449,0.0,5606.449,0.0,5606.449,142276.78,18464.377,2200.0,0.0,16264.377,0.0,0.0,0.0,0.0,16264.377,0.0,0.0,0.0,0.0,0.0,14080.3447265625
88803,2025,1,0.0,0.0,0.0,0.0,9078.61,0.0,0.0,17750.0,0.0,476.39,0.0,0.0,0.0,0.0,0.0,0.0,0.0,17750.0,0.0,0.0,0.0,3078.61,3000.0,0.0,0.0,0.0,0.0,0.0,0.0,0.0,0.0,0.0,0.0,0.0,0.0,0.0,0.0,3078.607,3000.0,0.0,4500.0,0.0,1500.0,0.0,6000.0,0.0,0.0,0.0,0.0,0.0,0.0,9078.606,0.0,0.0,0.0,0.0,0.0,0.0,0.0,0.0,0.0,0.0,0.0,0.0,0.0,0.0,9076.5859375
88804,2025,1,4068.05,2065.98,7900.61,3950.3,51637.95,0.0,0.0,15750.0,0.0,2391.9,0.0,0.0,35887.95,4068.05,0.0,0.0,0.0,51637.95,0.0,4068.05,3950.3,51637.95,2500.0,3950.3,42119.59,0.0,0.0,0.0,0.0,0.0,0.0,0.0,748.75,0.0,0.0,12.0,4.0173,51637.95,2500.0,3950.303,9518.357,4068.054,1500.0,0.0,0.0,42119.594,2065.9797,0.0,2065.9797,0.0,2065.9797,51637.95,4068.054,0.0,0.0,4068.054,0.0,0.0,0.0,0.0,4068.054,0.0,0.0,0.0,0.0,0.0,0.0
88805,2025,1,0.0,0.0,0.0,0.0,0.0,0.0,0.0,17750.0,0.0,0.0,0.0,0.0,0.0,0.0,0.0,0.0,0.0,17750.0,0.0,0.0,0.0,0.0,3000.0,0.0,0.0,0.0,0.0,0.0,0.0,0.0,0.0,0.0,0.0,0.0,0.0,0.0,0.0,0.0,3000.0,0.0,4500.0,0.0,1500.0,0.0,0.0,0.0,0.0,0.0,0.0,0.0,0.0,0.0,0.0,0.0,0.0,0.0,0.0,0.0,0.0,0.0,0.0,0.0,0.0,0.0,0.0,21305.146,0.0
88806,2025,1,-647.49,158.19,1294.97,647.49,8463.88,0.0,0.0,15750.0,0.0,476.39,0.0,0.0,0.0,0.0,0.0,0.0,647.49,15750.0,0.0,0.0,647.49,8463.88,3000.0,647.49,3963.88,0.0,0.0,0.0,0.0,0.0,0.0,0.0,122.73,0.0,0.0,-1.5135,5.0,8463.875,3000.0,647.48645,4500.0,0.0,1500.0,0.0,0.0,3963.875,158.19376,0.0,158.19376,0.0,158.19376,8463.875,0.0,0.0,0.0,0.0,647.48645,0.0,0.0,647.48645,-647.48645,0.0,0.0,0.0,0.0,0.0,0.0
88807,2025,1,192461.4,37560.57,25743.36,13505.02,961144.4,0.0,0.0,31500.0,0.0,10000.0,95321.33,12029.54,834323.06,121926.19,0.0,0.0,0.0,865823.06,0.0,180431.86,13505.02,961777.75,5000.0,13505.02,752811.31,0.0,0.0,0.0,0.0,0.0,0.0,0.0,2319.69,0.0,0.0,37281.17,-1859.4414,961777.75,5000.0,13505.015,208966.42,192461.4,3000.0,0.0,0.0,752811.3,37560.566,0.0,37560.566,0.0,37560.566,961144.4,180431.86,0.0,12029.542,192461.4,0.0,0.0,0.0,0.0,192461.4,0.0,0.0,0.0,0.0,0.0,7992.41845703125
88808,2025,1,11594.82,3534.43,14003.14,7001.57,91584.91,0.0,0.0,15750.0,0.0,4389.24,0.0,0.0,75834.9,11588.68,0.0,0.0,0.0,91584.91,0.0,11594.82,7001.57,91584.91,2500.0,7001.57,71488.52,0.0,0.0,0.0,0.0,0.0,0.0,0.0,1327.1,0.0,0.0,22.0,3.5176,91584.91,2500.0,7001.5713,20096.39,11594.818,1500.0,0.0,0.0,71488.516,3534.4258,0.0,3534.4258,0.0,3534.4258,91584.91,11594.818,0.0,0.0,11594.818,0.0,0.0,0.0,0.0,11594.818,0.0,0.0,0.0,0.0,0.0,0.0
88809,2025,1,861908.9,105259.95,57317.5,32012.7,3.0040095e+06,0.0,0.0,31500.0,0.0,10000.0,337106.97,12089.96,2.6354028e+06,791768.75,0.0,0.0,0.0,2.6669028e+06,0.0,849818.91,32012.7,3004020.5,5000.0,32012.7,2106799.0,0.0,0.0,0.0,0.0,0.0,0.0,0.0,21072.91,0.0,0.0,124766.56,-6233.453,3.0040205e+06,5000.0,32012.705,897221.56,861908.9,3000.0,300.0,0.0,2.106799e+06,105259.95,0.0,105259.95,0.0,105259.95,3.0040098e+06,849818.94,0.0,12089.958,861908.9,0.0,0.0,0.0,0.0,861908.9,0.0,0.0,0.0,0.0,0.0,8139.1572265625
88810,2025,1,-293.32,0.0,586.64,293.32,3834.27,0.0,0.0,15750.0,0.0,476.39,0.0,0.0,0.0,0.0,0.0,0.0,293.32,15750.0,0.0,0.0,293.32,3834.27,3000.0,293.32,0.0,0.0,0.0,0.0,0.0,0.0,0.0,0.0,55.6,0.0,0.0,-7.65,0.0,3834.266,3000.0,293.32135,4500.0,0.0,1500.0,0.0,0.0,0.0,0.0,0.0,0.0,0.0,0.0,3834.266,0.0,0.0,0.0,0.0,293.32135,0.0,0.0,293.32135,-293.32135,0.0,0.0,0.0,0.0,0.0,0.0
88811,2025,1,198227.34,34882.26,30883.72,15832.69,917114.4,0.0,0.0,31500.0,0.0,10000.0,136357.92,1466.01,749256.5,190664.06,0.0,0.0,0.0,780756.5,0.0,196761.33,15832.69,917505.25,5000.0,15832.69,699245.25,0.0,0.0,0.0,0.0,0.0,0.0,0.0,2852.81,0.0,0.0,49832.83,-2487.0234,917505.25,5000.0,15832.688,218260.03,198227.34,3000.0,1200.0,0.0,699245.25,34882.26,0.0,34882.26,0.0,34882.26,917114.44,196761.33,0.0,1466.0127,198227.34,0.0,0.0,0.0,0.0,198227.34,0.0,0.0,0.0,0.0,0.0,0.0
88812,2025,1,-2219.24,0.0,810.04,405.02,5294.37,0.0,0.0,23625.0,0.0,569.06,0.0,0.0,0.0,0.0,0.0,0.0,1800.09,23625.0,0.0,0.0,405.02,5294.37,5200.0,405.02,0.0,0.0,0.0,0.0,0.0,0.0,0.0,0.0,76.77,419.16,0.0,-49.0,0.0,5294.3735,5200.0,405.0196,9200.0,0.0,3000.0,1000.0,0.0,0.0,0.0,0.0,0.0,0.0,0.0,5294.3735,0.0,0.0,0.0,0.0,1800.087,0.0,419.15604,2219.2432,-2219.2432,0.0,0.0,0.0,0.0,0.0,0.0
88813,2025,1,6452.16,3569.74,13650.46,6825.23,89272.09,0.0,0.0,31500.0,0.0,4083.6,0.0,0.0,57772.1,6452.16,0.0,0.0,0.0,89272.09,0.0,6452.16,6825.23,89272.09,5000.0,6825.23,72994.7,0.0,0.0,0.0,0.0,0.0,0.0,0.0,1293.67,0.0,0.0,12.0,4.0176,89272.09,5000.0,6825.2305,16277.393,6452.1616,3000.0,0.0,0.0,72994.7,3569.735,0.0,3569.735,0.0,3569.735,89272.09,6452.1616,0.0,0.0,6452.1616,0.0,0.0,0.0,0.0,6452.1616,0.0,0.0,0.0,0.0,0.0,0.0
88814,2025,1,1.2310013e+07,1.1959064e+06,797911.25,492140.4,3.6720612e+07,0.0,0.0,15750.0,0.0,10000.0,2.2212722e+06,122798.2,3.4483588e+07,1.1565176e+07,0.0,0.0,0.0,3.4499336e+07,0.0,12187214.88,492140.4,36722580.0,2500.0,492140.4,23918928.0,0.0,0.0,0.0,0.0,0.0,0.0,0.0,477286.22,0.0,0.0,821907.06,-41090.625,3.672258e+07,2500.0,492140.4,1.2803653e+07,1.2310013e+07,1500.0,0.0,0.0,2.3918928e+07,1.1959064e+06,0.0,1.1959064e+06,0.0,1.1959064e+06,3.6720612e+07,1.2187215e+07,0.0,122798.2,1.2310013e+07,0.0,0.0,0.0,0.0,1.2310013e+07,0.0,0.0,0.0,0.0,0.0,2048050.125
88815,2025,1,0.0,0.0,0.0,0.0,-308000.0,0.0,0.0,15750.0,0.0,0.0,0.0,0.0,0.0,0.0,0.0,0.0,0.0,15750.0,0.0,0.0,0.0,-16539313.0,3000.0,2.64629e+06,0.0,0.0,0.0,0.0,0.0,0.0,0.0,0.0,0.0,0.0,0.0,0.0,0.0,-1.6539313e+07,3000.0,2.64629e+06,2.64779e+06,0.0,1500.0,0.0,0.0,0.0,0.0,0.0,0.0,0.0,0.0,-308000.0,0.0,0.0,0.0,0.0,0.0,0.0,0.0,0.0,0.0,0.0,0.0,0.0,0.0,0.0,0.0
88816,2025,1,5814.88,2609.5,9989.27,4994.64,65299.46,0.0,0.0,15750.0,0.0,3074.97,0.0,0.0,49549.46,5814.88,0.0,0.0,0.0,65299.46,0.0,5814.88,4994.64,65299.46,2500.0,4994.64,52989.95,0.0,0.0,0.0,0.0,0.0,0.0,0.0,946.7,0.0,0.0,22.0,3.5176,65299.465,2500.0,4994.6357,12309.518,5814.8823,1500.0,0.0,0.0,52989.945,2609.4973,0.0,2609.4973,0.0,2609.4973,65299.465,5814.8823,0.0,0.0,5814.8823,0.0,0.0,0.0,0.0,5814.8823,0.0,0.0,0.0,0.0,0.0,0.0
88817,2025,1,-649.0,217.55,1476.6,738.3,9650.96,0.0,0.0,15750.0,0.0,476.39,0.0,0.0,0.0,0.0,0.0,0.0,649.0,15750.0,0.0,0.0,738.3,9650.96,3000.0,738.3,5150.96,0.0,0.0,0.0,0.0,0.0,0.0,0.0,139.94,0.0,0.0,0.0,5.0,9650.955,3000.0,738.29803,4500.0,0.0,1500.0,0.0,0.0,5150.955,217.54776,0.0,217.54776,0.0,217.54776,9650.955,0.0,0.0,0.0,0.0,649.0,0.0,0.0,649.0,-649.0,0.0,0.0,0.0,0.0,0.0,0.0
88818,2025,1,-10200.0,0.0,13834.98,6917.49,13579.88,0.0,0.0,31500.0,0.0,2378.46,0.0,0.0,0.0,0.0,0.0,0.0,0.0,31500.0,0.0,0.0,6917.49,5415.38,8500.0,6917.49,0.0,0.0,0.0,0.0,0.0,0.0,0.0,0.0,1311.16,10200.0,0.0,0.0,0.0,5415.384,8500.0,6917.489,17500.0,0.0,3000.0,6000.0,0.0,0.0,0.0,0.0,0.0,0.0,0.0,13579.875,0.0,0.0,0.0,0.0,0.0,0.0,10200.0,10200.0,-10200.0,0.0,0.0,0.0,0.0,0.0,0.0
88819,2025,1,-8644.54,1158.11,4958.31,2479.16,32407.26,0.0,0.0,23625.0,0.0,1430.36,0.0,0.0,8782.27,878.23,878.23,0.0,5244.54,32407.26,0.0,878.23,2479.16,32407.27,3445.0,2479.16,23962.27,0.0,0.0,0.0,0.0,0.0,0.0,0.0,469.91,3400.0,0.0,21.0596,11.75,32407.266,3445.0,2479.1558,8445.0,0.0,3000.0,2000.0,0.0,23962.266,1158.1133,0.0,1158.1133,0.0,1158.1133,32407.266,878.22656,878.22656,0.0,0.0,5244.54,0.0,3400.0,8644.54,-8644.54,0.0,0.0,0.0,0.0,0.0,0.0
88820,2025,1,3932.44,3546.14,13246.79,6623.39,86578.66,0.0,0.0,31500.0,0.0,3948.93,0.0,0.0,55078.66,6132.44,2200.0,0.0,0.0,86578.66,0.0,6132.44,6623.39,86578.65,5000.0,6623.39,72522.81,0.0,0.0,0.0,0.0,0.0,0.0,0.0,1255.41,0.0,0.0,12.0,4.0181,86578.65,5000.0,6623.3936,14055.832,3932.439,3000.0,500.0,0.0,72522.81,3546.1406,0.0,3546.1406,0.0,3546.1406,86578.66,6132.439,2200.0,0.0,3932.439,0.0,0.0,0.0,0.0,3932.439,0.0,0.0,0.0,0.0,0.0,0.0
88821,2025,1,1219.06,1073.86,4268.14,2134.07,27896.36,0.0,0.0,15750.0,0.0,1204.82,0.0,0.0,12146.36,1219.06,0.0,0.0,0.0,27896.36,0.0,1219.06,2134.07,27896.36,2900.0,2134.07,22277.3,0.0,0.0,0.0,0.0,0.0,0.0,0.0,404.5,0.0,0.0,12.0,4.4,27896.363,2900.0,2134.0718,5619.0635,1219.0636,1500.0,0.0,0.0,22277.3,1073.865,0.0,1073.865,0.0,1073.865,27896.363,1219.0636,0.0,0.0,1219.0636,0.0,0.0,0.0,0.0,1219.0636,0.0,0.0,0.0,0.0,0.0,0.0
88822,2025,1,2585.76,3268.14,12082.76,7460.45,79089.84,0.0,0.0,31500.0,0.0,3764.49,3733.5,0.0,43856.34,4785.76,2200.0,0.0,0.0,75356.34,0.0,4785.76,7460.45,80508.91,5000.0,7460.45,66962.7,0.0,0.0,0.0,0.0,0.0,0.0,0.0,876.12,0.0,0.0,12.0,4.0176,80508.914,5000.0,7460.451,13546.213,2585.7612,3000.0,500.0,0.0,66962.7,3268.1353,0.0,3268.1353,0.0,3268.1353,79089.84,4785.761,2200.0,0.0,2585.7612,0.0,0.0,0.0,0.0,2585.7612,0.0,0.0,0.0,0.0,0.0,0.0
88823,2025,1,844002.2,104267.21,59966.9,33812.06,2.9672585e+06,0.0,0.0,23625.0,0.0,10000.0,164377.2,41593.66,2.7792562e+06,589233.9,0.0,0.0,0.0,2.8028812e+06,0.0,802408.45,33812.06,2967258.5,2500.0,33812.06,2086144.25,0.0,0.0,0.0,0.0,0.0,0.0,0.0,22893.86,0.0,0.0,60856.56,-3037.9453,2.9672585e+06,2500.0,33812.062,881114.2,844002.1,3000.0,300.0,0.0,2.0861442e+06,104267.21,0.0,104267.21,0.0,104267.21,2.9672585e+06,802408.44,0.0,41593.66,844002.1,0.0,0.0,0.0,0.0,844002.1,0.0,0.0,0.0,0.0,0.0,0.0
88824,2025,1,17057.21,6914.86,22280.26,11310.94,171560.27,0.0,0.0,31500.0,0.0,8198.01,6022.56,0.0,134037.7,19130.61,2200.0,0.0,0.0,165537.7,0.0,19257.21,11310.94,171565.27,5000.0,11310.94,139897.11,0.0,0.0,0.0,0.0,0.0,0.0,0.0,2079.15,0.0,0.0,21.9961,3.5181,171565.27,5000.0,11310.941,31668.154,17057.213,3000.0,300.0,0.0,139897.11,6914.8555,0.0,6914.8555,0.0,6914.8555,171560.27,19257.213,2200.0,0.0,17057.213,0.0,0.0,0.0,0.0,17057.213,0.0,0.0,0.0,0.0,0.0,5.782033443450928
88825,2025,1,784721.44,96352.73,90726.59,50088.56,2.8068465e+06,0.0,28393.58,34700.0,0.0,10000.0,69032.76,41925.32,2.7031135e+06,529362.7,0.0,0.0,0.0,2.7378135e+06,0.0,742796.11,50088.56,2766464.75,5000.0,50088.56,1928654.75,0.0,0.0,0.0,0.0,0.0,0.0,0.0,28228.85,0.0,0.0,25579.062,-1274.0703,2.7664648e+06,5000.0,50088.562,837810.0,784721.44,3000.0,0.0,12000.0,1.9286548e+06,96352.734,0.0,96352.734,0.0,96352.734,2.8068462e+06,742796.1,0.0,41925.316,784721.44,0.0,0.0,0.0,0.0,784721.44,0.0,0.0,0.0,28393.584,33404.215,33327.09375
88826,2025,1,2187.72,1436.46,5503.18,2751.59,35968.5,0.0,0.0,15750.0,0.0,1608.43,0.0,0.0,20218.5,2187.72,0.0,0.0,0.0,35968.5,0.0,2187.72,2751.59,35968.5,2500.0,2751.59,29529.19,0.0,0.0,0.0,0.0,0.0,0.0,0.0,521.54,0.0,0.0,12.0,4.0175,35968.504,2500.0,2751.5903,6439.3105,2187.7205,1500.0,0.0,0.0,29529.193,1436.4597,0.0,1436.4597,0.0,1436.4597,35968.504,2187.7205,0.0,0.0,2187.7205,0.0,0.0,0.0,0.0,2187.7205,0.0,0.0,0.0,0.0,0.0,0.0
88827,2025,1,10895.65,3423.61,13512.76,6756.38,88424.2,0.0,0.0,15750.0,0.0,4231.21,0.0,0.0,72674.2,10881.34,0.0,0.0,0.0,88424.2,0.0,10895.65,6756.38,88424.2,2500.0,6756.38,69272.17,0.0,0.0,0.0,0.0,0.0,0.0,0.0,1280.62,0.0,0.0,22.0,3.5176,88424.2,2500.0,6756.3804,19152.027,10895.646,1500.0,0.0,0.0,69272.17,3423.6086,0.0,3423.6086,0.0,3423.6086,88424.195,10895.646,0.0,0.0,10895.646,0.0,0.0,0.0,0.0,10895.646,0.0,0.0,0.0,0.0,0.0,0.0
88828,2025,1,2.2577628e+07,2.8448342e+06,379531.8,243712.66,7.975437e+07,0.0,33030.33,34700.0,0.0,10000.0,7.705644e+06,1.237829e+06,7.2014024e+07,1.5187505e+07,0.0,0.0,0.0,7.204872e+07,0.0,21339800.0,243712.66,79722624.0,5000.0,243712.66,56898284.0,0.0,0.0,0.0,0.0,0.0,0.0,0.0,202647.3,0.0,0.0,2.851128e+06,-142551.5,7.972262e+07,5000.0,243712.66,2.282434e+07,2.2577628e+07,3000.0,0.0,12000.0,5.6898284e+07,2.8448342e+06,0.0,2.8448342e+06,0.0,2.8448342e+06,7.975437e+07,2.13398e+07,0.0,1.237829e+06,2.2577628e+07,0.0,0.0,0.0,0.0,2.2577628e+07,0.0,0.0,0.0,33030.332,38859.215,250680.5
88829,2025,1,-335.37,470.99,2252.13,1126.06,14719.78,0.0,0.0,15750.0,0.0,545.99,0.0,0.0,0.0,0.0,0.0,0.0,335.37,15750.0,0.0,0.0,1126.06,14719.78,3000.0,1126.06,10219.78,0.0,0.0,0.0,0.0,0.0,0.0,0.0,213.44,0.0,0.0,7.65,5.0,14719.783,3000.0,1126.0634,4500.0,0.0,1500.0,0.0,0.0,10219.783,470.98917,0.0,470.98917,0.0,470.98917,14719.783,0.0,0.0,0.0,0.0,335.36658,0.0,0.0,335.36658,-335.36658,0.0,0.0,0.0,0.0,0.0,0.0
88830,2025,1,24727.06,7379.33,28597.81,14298.91,191212.52,0.0,0.0,31500.0,0.0,9180.63,0.0,0.0,159712.52,24217.7,0.0,0.0,0.0,191212.52,0.0,24727.06,14298.91,191212.52,5000.0,14298.91,149186.56,0.0,0.0,0.0,0.0,0.0,0.0,0.0,2710.25,0.0,0.0,21.9961,3.5171,191212.52,5000.0,14298.906,42025.96,24727.057,3000.0,0.0,0.0,149186.56,7379.328,0.0,7379.328,0.0,7379.328,191212.52,24727.057,0.0,0.0,24727.057,0.0,0.0,0.0,0.0,24727.057,0.0,0.0,0.0,0.0,0.0,0.0
88831,2025,1,0.0,0.0,0.0,0.0,-308000.0,0.0,0.0,15750.0,0.0,0.0,0.0,0.0,0.0,0.0,0.0,0.0,0.0,15750.0,0.0,0.0,0.0,-2845188.25,3000.0,455230.12,0.0,0.0,0.0,0.0,0.0,0.0,0.0,0.0,0.0,0.0,0.0,0.0,0.0,-2.8451882e+06,3000.0,455230.12,456730.12,0.0,1500.0,0.0,0.0,0.0,0.0,0.0,0.0,0.0,0.0,-308000.0,0.0,0.0,0.0,0.0,0.0,0.0,0.0,0.0,0.0,0.0,0.0,0.0,0.0,0.0,0.0
88832,2025,1,1.1905689e+06,155498.72,46907.4,26279.1,4.358337e+06,0.0,15629.5,34700.0,0.0,10000.0,451150.38,51632.94,3.8724868e+06,882528.06,0.0,0.0,0.0,3.907187e+06,0.0,1138935.91,26279.1,4331422.5,5000.0,26279.1,3111574.5,0.0,0.0,0.0,0.0,0.0,0.0,0.0,13930.86,0.0,0.0,166962.62,-8343.25,4.3314225e+06,5000.0,26279.105,1.219848e+06,1.1905689e+06,3000.0,0.0,12000.0,3.1115745e+06,155498.72,0.0,155498.72,0.0,155498.72,4.358337e+06,1.1389359e+06,0.0,51632.945,1.1905689e+06,0.0,0.0,0.0,0.0,1.1905689e+06,0.0,0.0,0.0,15629.495,18387.64,58532.34375
88833,2025,1,25875.9,7514.77,29757.76,14878.88,195650.23,0.0,0.0,31500.0,0.0,9402.51,0.0,0.0,164150.25,25736.3,0.0,0.0,0.0,195650.23,0.0,25875.91,14878.88,195650.27,5000.0,14878.88,151895.48,0.0,0.0,0.0,0.0,0.0,0.0,0.0,2820.18,0.0,0.0,22.0,3.5171,195650.27,5000.0,14878.882,43754.785,25875.904,3000.0,0.0,0.0,151895.48,7514.7744,0.0,7514.7744,0.0,7514.7744,195650.25,25875.904,0.0,0.0,25875.904,0.0,0.0,0.0,0.0,25875.904,0.0,0.0,0.0,0.0,0.0,0.0
88834,2025,1,0.0,0.0,0.0,0.0,584.87,0.0,0.0,17750.0,0.0,476.39,0.0,0.0,0.0,0.0,0.0,0.0,0.0,17750.0,0.0,0.0,0.0,584.87,3000.0,0.0,0.0,0.0,0.0,0.0,0.0,0.0,0.0,0.0,0.0,0.0,0.0,0.0,0.0,584.8674,3000.0,0.0,4500.0,0.0,1500.0,0.0,0.0,0.0,0.0,0.0,0.0,0.0,0.0,584.8674,0.0,0.0,0.0,0.0,0.0,0.0,0.0,0.0,0.0,0.0,0.0,0.0,0.0,16083.057,0.0
88835,2025,1,27111.07,6911.87,8417.5,4312.81,189318.77,0.0,11461.63,17750.0,0.0,9275.94,273.79,0.0,171294.95,15351.44,0.0,0.0,0.0,189044.95,0.0,27111.07,4312.81,171961.2,2500.0,4312.81,139037.31,0.0,0.0,0.0,0.0,0.0,0.0,0.0,778.01,0.0,0.0,22.0,3.5181,171961.2,2500.0,4312.813,32923.883,27111.07,1500.0,0.0,6000.0,139037.31,6911.8657,0.0,6911.8657,0.0,6911.8657,189318.77,27111.07,0.0,0.0,27111.07,0.0,0.0,0.0,0.0,27111.07,0.0,0.0,0.0,11461.63,13484.27,42939.234375
88836,2025,1,902650.3,102557.96,97517.17,55966.36,3.014211e+06,0.0,0.0,31500.0,0.0,10000.0,128921.69,24827.14,2.853789e+06,757656.94,0.0,0.0,0.0,2.8852892e+06,0.0,877823.21,55966.36,3014676.0,5000.0,55966.36,2052759.25,0.0,0.0,0.0,0.0,0.0,0.0,0.0,38370.8,0.0,0.0,47738.0,-2382.0312,3.014676e+06,5000.0,55966.363,961916.7,902650.3,3000.0,300.0,0.0,2.0527592e+06,102557.96,0.0,102557.96,0.0,102557.96,3.014211e+06,877823.2,0.0,24827.139,902650.3,0.0,0.0,0.0,0.0,902650.3,0.0,0.0,0.0,0.0,0.0,0.0
88837,2025,1,0.0,0.0,0.0,0.0,215.48,0.0,0.0,34700.0,0.0,215.48,0.0,0.0,0.0,0.0,0.0,0.0,0.0,34700.0,0.0,0.0,0.0,215.48,8500.0,0.0,0.0,0.0,0.0,0.0,0.0,0.0,0.0,0.0,0.0,0.0,0.0,0.0,0.0,215.48224,8500.0,0.0,11500.0,0.0,3000.0,0.0,0.0,0.0,0.0,0.0,0.0,0.0,0.0,215.48224,0.0,0.0,0.0,0.0,0.0,0.0,0.0,0.0,0.0,0.0,0.0,0.0,0.0,37633.37,0.0
88838,2025,1,406803.6,42243.42,60846.17,34529.54,1.2883276e+06,0.0,0.0,15750.0,0.0,10000.0,15641.15,4953.56,1.2569365e+06,378042.12,0.0,0.0,0.0,1.2726865e+06,0.0,401850.04,34529.54,1288501.38,2500.0,34529.54,845668.25,0.0,0.0,0.0,0.0,0.0,0.0,0.0,23263.91,0.0,0.0,5824.2188,-286.3281,1.2885014e+06,2500.0,34529.535,442833.12,406803.6,1500.0,0.0,0.0,845668.25,42243.414,0.0,42243.414,0.0,42243.414,1.2883276e+06,401850.03,0.0,4953.555,406803.6,0.0,0.0,0.0,0.0,406803.6,0.0,0.0,0.0,0.0,0.0,17804.072265625
88839,2025,1,3.8175124e+07,4.617295e+06,467290.0,321203.44,1.3082762e+08,0.0,7033.27,34700.0,0.0,10000.0,1.6045553e+07,1.5934055e+06,1.1474736e+08,2.9759524e+07,0.0,0.0,0.0,1.1478206e+08,0.0,36581720.0,321203.44,130846832.0,5000.0,321203.44,92347504.0,0.0,0.0,0.0,0.0,0.0,0.0,0.0,222863.42,0.0,0.0,5.936896e+06,-296840.0,1.3084683e+08,5000.0,321203.44,3.849933e+07,3.8175124e+07,3000.0,0.0,12000.0,9.23475e+07,4.617295e+06,0.0,4.617295e+06,0.0,4.617295e+06,1.3082762e+08,3.658172e+07,0.0,1.5934054e+06,3.8175124e+07,0.0,0.0,0.0,0.0,3.8175124e+07,0.0,0.0,0.0,7033.273,8274.438,92124.28125
88840,2025,1,1.4437804e+07,2.0368868e+06,120736.91,78801.52,5.5269452e+07,0.0,14221.97,17750.0,0.0,10000.0,1.2669675e+06,1.7556408e+06,5.3984736e+07,4.1536788e+06,0.0,0.0,0.0,5.400249e+07,0.0,12682161.75,78801.52,55256640.0,2500.0,78801.52,40738536.0,0.0,0.0,0.0,0.0,0.0,0.0,0.0,53067.32,0.0,0.0,468813.97,-23435.75,5.525664e+07,2500.0,78801.52,1.4518105e+07,1.4437803e+07,1500.0,0.0,6000.0,4.0738536e+07,2.0368868e+06,0.0,2.0368868e+06,0.0,2.0368868e+06,5.5269452e+07,1.2682162e+07,0.0,1.7556409e+06,1.4437803e+07,0.0,0.0,0.0,0.0,1.4437803e+07,0.0,0.0,0.0,14221.972,16731.73,580203.3125
88841,2025,1,1.0922319e+07,1.3530455e+06,297197.3,181233.48,3.8214784e+07,0.0,34610.65,34700.0,0.0,10000.0,851177.44,1.01150925e+06,3.7328908e+07,5.410873e+06,0.0,0.0,0.0,3.736361e+07,0.0,9910811.0,181233.48,38169060.0,5000.0,181233.48,27062508.0,0.0,0.0,0.0,0.0,0.0,0.0,0.0,168545.61,0.0,0.0,314973.0,-15743.75,3.816906e+07,5000.0,181233.48,1.1106553e+07,1.092232e+07,3000.0,0.0,12000.0,2.7062508e+07,1.3530454e+06,0.0,1.3530454e+06,0.0,1.3530454e+06,3.8214784e+07,9.910811e+06,0.0,1.01150925e+06,1.092232e+07,0.0,0.0,0.0,0.0,1.092232e+07,0.0,0.0,0.0,34610.65,40718.41,61096.66015625
88842,2025,1,1862.51,1323.55,5085.45,2542.72,33258.43,0.0,0.0,15750.0,0.0,1472.92,0.0,0.0,17508.43,1862.51,0.0,0.0,0.0,33258.43,0.0,1862.51,2542.72,33258.43,2625.0,2542.72,27270.92,0.0,0.0,0.0,0.0,0.0,0.0,0.0,481.95,0.0,0.0,12.0,4.4,33258.43,2625.0,2542.7236,5987.5117,1862.5116,1500.0,0.0,0.0,27270.918,1323.5459,0.0,1323.5459,0.0,1323.5459,33258.43,1862.5116,0.0,0.0,1862.5116,0.0,0.0,0.0,0.0,1862.5116,0.0,0.0,0.0,0.0,0.0,0.0
88843,2025,1,9873.95,3290.96,11514.91,5757.45,83750.65,0.0,0.0,15750.0,0.0,3997.53,0.0,0.0,68000.65,9873.54,0.0,0.0,0.0,83750.65,0.0,9873.95,5757.45,83750.65,2500.0,5757.45,66619.24,0.0,0.0,0.0,0.0,0.0,0.0,0.0,1091.28,0.0,0.0,22.0,3.5176,83750.65,2500.0,5757.453,17131.406,9873.952,1500.0,0.0,0.0,66619.24,3290.9622,0.0,3290.9622,0.0,3290.9622,83750.65,9873.952,0.0,0.0,9873.952,0.0,0.0,0.0,0.0,9873.952,0.0,0.0,0.0,0.0,0.0,8436.5703125
88844,2025,1,-251.55,0.0,503.1,251.55,3288.21,0.0,0.0,15750.0,0.0,476.39,0.0,0.0,0.0,0.0,0.0,0.0,251.55,15750.0,0.0,0.0,251.55,3288.21,3000.0,251.55,0.0,0.0,0.0,0.0,0.0,0.0,0.0,0.0,47.68,0.0,0.0,-7.65,0.0,3288.2097,3000.0,251.54803,4500.0,0.0,1500.0,0.0,0.0,0.0,0.0,0.0,0.0,0.0,0.0,3288.2097,0.0,0.0,0.0,0.0,251.54803,0.0,0.0,251.54803,-251.54803,0.0,0.0,0.0,0.0,0.0,0.0
88845,2025,1,1981.21,1986.55,7846.12,3923.06,51312.14,0.0,0.0,31500.0,0.0,2374.85,0.0,0.0,19812.14,1981.21,0.0,0.0,0.0,51312.14,0.0,1981.21,3923.06,51312.14,5000.0,3923.06,41330.92,0.0,0.0,0.0,0.0,0.0,0.0,0.0,743.59,0.0,0.0,10.0,4.5,51312.137,5000.0,3923.0596,9981.214,1981.2136,3000.0,0.0,0.0,41330.92,1986.5461,0.0,1986.5461,0.0,1986.5461,51312.137,1981.2136,0.0,0.0,1981.2136,0.0,0.0,0.0,0.0,1981.2136,0.0,0.0,0.0,0.0,0.0,0.0
88846,2025,1,0.0,0.0,0.0,0.0,8594.22,0.0,0.0,17750.0,0.0,476.39,0.0,0.0,0.0,0.0,0.0,0.0,0.0,17750.0,0.0,0.0,0.0,3613.73,3000.0,0.0,0.0,0.0,0.0,0.0,0.0,0.0,0.0,0.0,0.0,0.0,0.0,0.0,0.0,3613.7341,3000.0,0.0,4500.0,0.0,1500.0,0.0,4980.486,0.0,0.0,0.0,0.0,0.0,0.0,8594.22,0.0,0.0,0.0,0.0,0.0,0.0,0.0,0.0,0.0,0.0,0.0,0.0,0.0,0.0,4980.48583984375
88847,2025,1,5068.84,2401.15,9171.97,4585.98,59977.82,0.0,0.0,15750.0,0.0,2808.89,0.0,0.0,44227.82,5068.84,0.0,0.0,0.0,59977.82,0.0,5068.84,4585.98,59977.82,2500.0,4585.98,48822.99,0.0,0.0,0.0,0.0,0.0,0.0,0.0,869.24,0.0,0.0,12.0,4.0176,59977.816,2500.0,4585.984,11154.822,5068.838,1500.0,0.0,0.0,48822.992,2401.1497,0.0,2401.1497,0.0,2401.1497,59977.816,5068.838,0.0,0.0,5068.838,0.0,0.0,0.0,0.0,5068.838,0.0,0.0,0.0,0.0,0.0,0.0
88848,2025,1,1.3472718e+07,1.6841572e+06,62235.16,36978.83,4.7212556e+07,0.0,13180.01,17750.0,0.0,10000.0,7.1563825e+06,389999.88,4.003842e+07,1.1096227e+07,0.0,0.0,0.0,4.005617e+07,0.0,13082718.0,36978.83,47195140.0,2500.0,36978.83,33683944.0,0.0,0.0,0.0,0.0,0.0,0.0,0.0,22532.58,0.0,0.0,2.647899e+06,-132390.12,4.719514e+07,2500.0,36978.83,1.3511197e+07,1.3472718e+07,1500.0,0.0,6000.0,3.3683944e+07,1.6841572e+06,0.0,1.6841572e+06,0.0,1.6841572e+06,4.721255e+07,1.3082718e+07,0.0,389999.88,1.3472718e+07,0.0,0.0,0.0,0.0,1.3472718e+07,0.0,0.0,0.0,13180.006,15505.889,165473.140625
88849,2025,1,0.0,0.0,0.0,0.0,20.21,0.0,0.0,17750.0,0.0,20.21,0.0,0.0,0.0,0.0,0.0,0.0,0.0,17750.0,0.0,0.0,0.0,20.21,3000.0,0.0,0.0,0.0,0.0,0.0,0.0,0.0,0.0,0.0,0.0,0.0,0.0,0.0,0.0,20.209229,3000.0,0.0,4500.0,0.0,1500.0,0.0,0.0,0.0,0.0,0.0,0.0,0.0,0.0,20.209229,0.0,0.0,0.0,0.0,0.0,0.0,0.0,0.0,0.0,0.0,0.0,0.0,0.0,0.0,0.0
88850,2025,1,0.0,0.0,0.0,0.0,-308000.0,0.0,0.0,17750.0,0.0,0.0,0.0,0.0,0.0,0.0,0.0,0.0,0.0,17750.0,0.0,0.0,0.0,-30862180.0,3000.0,4.9379485e+06,0.0,0.0,0.0,0.0,0.0,0.0,0.0,0.0,0.0,0.0,0.0,0.0,0.0,-3.086218e+07,3000.0,4.9379485e+06,4.9394485e+06,0.0,1500.0,0.0,0.0,0.0,0.0,0.0,0.0,0.0,0.0,-308000.0,0.0,0.0,0.0,0.0,0.0,0.0,0.0,0.0,0.0,0.0,0.0,0.0,0.0,39496.652,0.0
88851,2025,1,4778.47,2870.8,0.0,0.0,83205.64,0.0,10211.27,17750.0,0.0,3970.28,0.0,0.0,59947.97,3038.77,0.0,0.0,0.0,77697.97,0.0,4778.47,0.0,66994.37,2500.0,0.0,58215.9,0.0,0.0,0.0,0.0,0.0,0.0,0.0,0.0,0.0,0.0,14.3105,1.7844,66994.37,2500.0,0.0,8778.466,4778.466,1500.0,0.0,6000.0,58215.902,2870.7952,0.0,2870.7952,0.0,2870.7952,83205.63,4778.466,0.0,0.0,4778.466,0.0,0.0,0.0,0.0,4778.466,0.0,0.0,0.0,10211.2705,12013.259,35375.41015625
88852,2025,1,-188.89,0.0,377.78,188.89,2469.12,0.0,0.0,15750.0,0.0,476.39,0.0,0.0,0.0,0.0,0.0,0.0,188.89,15750.0,0.0,0.0,188.89,2469.12,3000.0,188.89,0.0,0.0,0.0,0.0,0.0,0.0,0.0,0.0,35.8,0.0,0.0,-7.65,0.0,2469.125,3000.0,188.88806,4500.0,0.0,1500.0,0.0,0.0,0.0,0.0,0.0,0.0,0.0,0.0,2469.125,0.0,0.0,0.0,0.0,188.88806,0.0,0.0,188.88806,-188.88806,0.0,0.0,0.0,0.0,0.0,0.0
88853,2025,1,29244.3,5994.22,15383.48,7691.74,177071.77,0.0,11951.35,17750.0,0.0,8663.59,1025.75,0.0,158296.02,26588.05,0.0,0.0,0.0,176046.02,0.0,29244.29,7691.74,159120.41,2500.0,7691.74,120684.38,0.0,0.0,0.0,0.0,0.0,0.0,0.0,1457.91,0.0,0.0,24.0,3.417,159120.4,2500.0,7691.7393,38436.035,29244.295,1500.0,0.0,6000.0,120684.375,5994.2188,0.0,5994.2188,0.0,5994.2188,177071.77,29244.295,0.0,0.0,29244.295,0.0,0.0,0.0,0.0,29244.295,0.0,0.0,0.0,11951.354,14060.416,40030.0703125
88854,2025,1,2.0260232e+07,2.1348755e+06,1.1216218e+06,702751.8,6.3652736e+07,0.0,0.0,31500.0,0.0,10000.0,4.6014725e+06,465472.9,5.9019764e+07,1.7481098e+07,0.0,0.0,0.0,5.9051264e+07,0.0,19794760.75,702751.8,63665396.0,5000.0,702751.8,42699112.0,0.0,0.0,0.0,0.0,0.0,0.0,0.0,666098.77,0.0,0.0,1.702584e+06,-85124.25,6.3665396e+07,5000.0,702751.8,2.0966284e+07,2.0260232e+07,3000.0,300.0,0.0,4.269911e+07,2.1348755e+06,0.0,2.1348755e+06,0.0,2.1348755e+06,6.3652736e+07,1.979476e+07,0.0,465472.9,2.0260232e+07,0.0,0.0,0.0,0.0,2.0260232e+07,0.0,0.0,0.0,0.0,0.0,290094.4375
88855,2025,1,7.9932335e+06,694179.5,780381.44,482700.47,2.2364456e+07,0.0,0.0,17750.0,0.0,10000.0,285024.8,38323.77,2.2061684e+07,7.76087e+06,0.0,0.0,0.0,2.2079432e+07,0.0,7954909.34,482700.47,22361824.0,2500.0,482700.47,13884390.0,0.0,0.0,0.0,0.0,0.0,0.0,0.0,465044.47,0.0,0.0,105496.0,-5269.875,2.2361824e+07,2500.0,482700.47,8.477434e+06,7.9932335e+06,1500.0,0.0,6000.0,1.388439e+07,694179.5,0.0,694179.5,0.0,694179.5,2.2364456e+07,7.9549095e+06,0.0,38323.773,7.9932335e+06,0.0,0.0,0.0,0.0,7.9932335e+06,0.0,0.0,0.0,0.0,0.0,154069.234375
88856,2025,1,0.0,0.0,0.0,0.0,2.02,0.0,0.0,17750.0,0.0,2.02,0.0,0.0,0.0,0.0,0.0,0.0,0.0,17750.0,0.0,0.0,0.0,2.02,3000.0,0.0,0.0,0.0,0.0,0.0,0.0,0.0,0.0,0.0,0.0,0.0,0.0,0.0,0.0,2.020923,3000.0,0.0,4500.0,0.0,1500.0,0.0,0.0,0.0,0.0,0.0,0.0,0.0,0.0,2.020923,0.0,0.0,0.0,0.0,0.0,0.0,0.0,0.0,0.0,0.0,0.0,0.0,0.0,22678.09,0.0
88857,2025,1,0.0,0.0,90.47,45.24,5588.5,0.0,0.0,34700.0,0.0,569.06,0.0,0.0,0.0,0.0,0.0,0.0,0.0,34700.0,0.0,0.0,45.24,5588.5,8500.0,45.24,0.0,0.0,0.0,0.0,0.0,0.0,0.0,0.0,8.57,0.0,0.0,0.0,0.0,5588.5,8500.0,45.237144,11500.0,0.0,3000.0,0.0,0.0,0.0,0.0,0.0,0.0,0.0,0.0,5588.5,0.0,0.0,0.0,0.0,0.0,0.0,0.0,0.0,0.0,0.0,0.0,0.0,0.0,0.0,0.0
88858,2025,1,2602.88,3644.09,14814.09,7407.05,93832.3,0.0,0.0,31500.0,0.0,4311.61,0.0,0.0,62332.3,7002.88,4400.0,0.0,0.0,93832.3,0.0,7002.88,7407.05,88491.66,5000.0,7407.05,74481.73,0.0,0.0,0.0,0.0,0.0,0.0,0.0,1403.95,0.0,0.0,12.0,4.0176,88491.66,5000.0,7407.046,14009.922,2602.8755,3000.0,1000.0,0.0,74481.734,3644.0867,0.0,3644.0867,0.0,3644.0867,93832.3,7002.8755,4400.0,0.0,2602.8755,0.0,0.0,0.0,0.0,2602.8755,0.0,0.0,0.0,0.0,0.0,0.0
88859,2025,1,3427.03,1851.37,7083.3,3541.65,46296.1,0.0,0.0,15750.0,0.0,2124.8,0.0,0.0,30546.1,3427.03,0.0,0.0,0.0,46296.1,0.0,3427.03,3541.65,46296.09,2500.0,3541.65,37827.41,0.0,0.0,0.0,0.0,0.0,0.0,0.0,671.29,0.0,0.0,12.0,4.0173,46296.094,2500.0,3541.651,8468.682,3427.0312,1500.0,0.0,0.0,37827.414,1851.3707,0.0,1851.3707,0.0,1851.3707,46296.094,3427.0312,0.0,0.0,3427.0312,0.0,0.0,0.0,0.0,3427.0312,0.0,0.0,0.0,0.0,0.0,0.0
88860,2025,1,392958.47,43517.4,89471.4,49300.66,1.3175074e+06,0.0,0.0,31500.0,0.0,10000.0,0.0,2016.68,1.2860074e+06,381013.9,0.0,272.84,0.0,1.3175074e+06,0.0,391214.65,49300.66,1317507.25,5000.0,49300.66,871948.12,0.0,0.0,0.0,0.0,0.0,0.0,0.0,27464.26,0.0,0.0,37.0,3.0312,1.3175072e+06,5000.0,49300.664,445559.16,392958.5,3000.0,300.0,0.0,871948.1,43517.406,0.0,43517.406,0.0,43517.406,1.3175074e+06,391214.66,272.8405,2016.6793,392958.5,0.0,0.0,0.0,0.0,392958.5,0.0,0.0,0.0,0.0,0.0,0.0
88861,2025,1,3156.38,1760.76,6738.22,3369.11,44040.64,0.0,0.0,15750.0,0.0,2012.03,0.0,0.0,28290.64,3156.38,0.0,0.0,0.0,44040.64,0.0,3156.38,3369.11,44040.64,2500.0,3369.11,36015.16,0.0,0.0,0.0,0.0,0.0,0.0,0.0,638.59,0.0,0.0,12.0,4.0173,44040.64,2500.0,3369.1091,8025.4863,3156.377,1500.0,0.0,0.0,36015.156,1760.7578,0.0,1760.7578,0.0,1760.7578,44040.64,3156.377,0.0,0.0,3156.377,0.0,0.0,0.0,0.0,3156.377,0.0,0.0,0.0,0.0,0.0,0.0
88862,2025,1,2.0006452e+07,2.2927135e+06,789940.25,505833.8,6.639602e+07,0.0,33620.78,34700.0,0.0,10000.0,4.8913775e+06,864291.44,6.1469948e+07,1.4994182e+07,0.0,0.0,0.0,6.1504652e+07,0.0,19142161.0,505833.8,66371160.0,5000.0,505833.8,45855872.0,0.0,0.0,0.0,0.0,0.0,0.0,0.0,453390.45,0.0,0.0,1.8098461e+06,-90487.0,6.637116e+07,5000.0,505833.8,2.0515286e+07,2.0006452e+07,3000.0,0.0,12000.0,4.585587e+07,2.2927135e+06,0.0,2.2927135e+06,0.0,2.2927135e+06,6.6396024e+07,1.914216e+07,0.0,864291.44,2.0006452e+07,0.0,0.0,0.0,0.0,2.0006452e+07,0.0,0.0,0.0,33620.78,39553.86,320429.3125
88863,2025,1,94008.55,20156.38,41063.26,21659.97,522646.1,0.0,0.0,31500.0,0.0,25752.3,53105.85,132.06,438040.2,93503.82,0.0,0.0,0.0,469540.2,0.0,93876.5,21659.97,523696.22,5000.0,21659.97,404727.69,0.0,0.0,0.0,0.0,0.0,0.0,0.0,3834.04,0.0,0.0,16455.906,-818.2226,523696.22,5000.0,21659.969,118968.52,94008.555,3000.0,300.0,0.0,404727.7,20156.385,0.0,20156.385,0.0,20156.385,522646.06,93876.5,0.0,132.05858,94008.555,0.0,0.0,0.0,0.0,94008.555,0.0,0.0,0.0,0.0,0.0,3.803929090499878
88864,2025,1,3785.23,2685.63,10242.46,5121.23,67219.07,0.0,0.0,31500.0,0.0,2980.95,0.0,0.0,35719.07,3785.23,0.0,0.0,0.0,67219.07,0.0,3785.23,5121.23,67219.07,5000.0,5121.23,55312.61,0.0,0.0,0.0,0.0,0.0,0.0,0.0,970.69,0.0,0.0,12.0,4.0176,67219.07,5000.0,5121.228,11906.459,3785.2312,3000.0,0.0,0.0,55312.61,2685.6304,0.0,2685.6304,0.0,2685.6304,67219.07,3785.2312,0.0,0.0,3785.2312,0.0,0.0,0.0,0.0,3785.2312,0.0,0.0,0.0,0.0,0.0,0.0
88865,2025,1,10206.77,3311.78,13040.54,6520.27,85262.61,0.0,0.0,15750.0,0.0,4073.13,0.0,0.0,69512.61,10206.77,0.0,0.0,0.0,85262.61,0.0,10206.77,6520.27,85262.61,2500.0,6520.27,67035.56,0.0,0.0,0.0,0.0,0.0,0.0,0.0,1235.87,0.0,0.0,22.0,3.5176,85262.61,2500.0,6520.2705,18227.045,10206.774,1500.0,0.0,0.0,67035.56,3311.778,0.0,3311.778,0.0,3311.778,85262.61,10206.774,0.0,0.0,10206.774,0.0,0.0,0.0,0.0,10206.774,0.0,0.0,0.0,0.0,0.0,0.0
88866,2025,1,0.0,0.0,0.0,0.0,-308000.0,0.0,0.0,23625.0,0.0,0.0,0.0,0.0,0.0,0.0,0.0,0.0,0.0,23625.0,0.0,0.0,0.0,-6413190.0,5200.0,1.0261104e+06,0.0,0.0,0.0,0.0,0.0,0.0,0.0,0.0,0.0,0.0,0.0,0.0,0.0,-6.41319e+06,5200.0,1.0261104e+06,1.0301104e+06,0.0,3000.0,1000.0,0.0,0.0,0.0,0.0,0.0,0.0,0.0,-308000.0,0.0,0.0,0.0,0.0,0.0,0.0,0.0,0.0,0.0,0.0,0.0,0.0,0.0,0.0,0.0
88867,2025,1,680.45,828.7,3450.84,1725.42,22554.5,0.0,0.0,15750.0,0.0,937.73,0.0,0.0,6804.51,680.45,0.0,0.0,0.0,22554.5,0.0,680.45,1725.42,22554.51,3000.0,1725.42,17374.05,0.0,0.0,0.0,0.0,0.0,0.0,0.0,327.04,0.0,0.0,10.0,4.5,22554.506,3000.0,1725.4197,5180.4507,680.45056,1500.0,0.0,0.0,17374.055,828.70276,0.0,828.70276,0.0,828.70276,22554.506,680.45056,0.0,0.0,680.45056,0.0,0.0,0.0,0.0,680.45056,0.0,0.0,0.0,0.0,0.0,0.0
88868,2025,1,373344.25,51651.38,15105.92,10320.15,1.4162248e+06,0.0,0.0,15750.0,0.0,10000.0,10399.09,46216.54,1.3900756e+06,155459.06,0.0,0.0,0.0,1.4058258e+06,0.0,327127.72,10320.15,1418992.12,2500.0,10320.15,1033827.75,0.0,0.0,0.0,0.0,0.0,0.0,0.0,907.11,0.0,0.0,3789.6875,-184.8672,1.4189921e+06,2500.0,10320.148,385164.4,373344.25,1500.0,0.0,0.0,1.03382775e+06,51651.387,0.0,51651.387,0.0,51651.387,1.4162249e+06,327127.72,0.0,46216.547,373344.25,0.0,0.0,0.0,0.0,373344.25,0.0,0.0,0.0,0.0,0.0,2501.87939453125
88869,2025,1,3932.62,2723.75,10478.46,5239.23,68246.81,0.0,0.0,31500.0,0.0,3032.34,0.0,0.0,36746.81,3932.62,0.0,0.0,0.0,68246.81,0.0,3932.62,5239.23,68246.81,5000.0,5239.23,56074.97,0.0,0.0,0.0,0.0,0.0,0.0,0.0,993.06,0.0,0.0,12.0,4.0173,68246.81,5000.0,5239.228,12171.846,3932.6174,3000.0,0.0,0.0,56074.97,2723.7485,0.0,2723.7485,0.0,2723.7485,68246.81,3932.6174,0.0,0.0,3932.6174,0.0,0.0,0.0,0.0,3932.6174,0.0,0.0,0.0,0.0,0.0,0.0
88870,2025,1,0.0,0.0,0.0,0.0,-962.76,0.0,0.0,15750.0,0.0,0.0,0.0,0.0,0.0,0.0,0.0,0.0,0.0,15750.0,0.0,0.0,0.0,-962.76,3000.0,154.04,0.0,0.0,0.0,0.0,0.0,0.0,0.0,0.0,0.0,0.0,0.0,0.0,0.0,-962.7592,3000.0,154.04147,4500.0,0.0,1500.0,0.0,0.0,0.0,0.0,0.0,0.0,0.0,0.0,-962.7592,0.0,0.0,0.0,0.0,0.0,0.0,0.0,0.0,0.0,0.0,0.0,0.0,0.0,0.0,0.0
88871,2025,1,429571.9,59459.18,42205.96,22504.86,1.6458112e+06,0.0,0.0,31500.0,0.0,10000.0,175312.81,8235.55,1.4389985e+06,379976.8,0.0,0.0,0.0,1.4704985e+06,0.0,421336.34,22504.86,1645860.25,5000.0,22504.86,1190783.5,0.0,0.0,0.0,0.0,0.0,0.0,0.0,10639.71,0.0,0.0,64902.72,-3240.262,1.6458602e+06,5000.0,22504.865,455076.78,429571.9,3000.0,0.0,0.0,1.1907835e+06,59459.176,0.0,59459.176,0.0,59459.176,1.6458112e+06,421336.34,0.0,8235.553,429571.9,0.0,0.0,0.0,0.0,429571.9,0.0,0.0,0.0,0.0,0.0,5323.423828125
88872,2025,1,0.0,471.16,3395.52,1697.76,23500.06,0.0,976.84,34700.0,0.0,952.33,0.0,0.0,0.0,0.0,0.0,0.0,0.0,34700.0,0.0,0.0,1697.76,22523.22,8500.0,1697.76,11023.22,0.0,0.0,0.0,0.0,0.0,0.0,0.0,321.8,0.0,0.0,0.0,5.0,22523.219,8500.0,1697.7605,11500.0,0.0,3000.0,0.0,0.0,11023.219,471.16095,0.0,471.16095,0.0,471.16095,23500.06,0.0,0.0,0.0,0.0,0.0,0.0,0.0,0.0,0.0,0.0,0.0,0.0,976.84375,22860.945,0.0
88873,2025,1,0.0,0.0,17417.67,8708.84,-434190.47,0.0,0.0,34700.0,0.0,0.0,0.0,0.0,0.0,0.0,0.0,0.0,0.0,34700.0,0.0,0.0,8708.84,-13567934.0,8500.0,2.1795782e+06,0.0,0.0,0.0,0.0,0.0,0.0,0.0,0.0,1650.69,0.0,0.0,0.0,0.0,-1.3567934e+07,8500.0,2.1795782e+06,2.1825782e+06,0.0,3000.0,0.0,12000.0,0.0,0.0,0.0,0.0,0.0,0.0,-434190.5,0.0,0.0,0.0,0.0,0.0,0.0,0.0,0.0,0.0,0.0,0.0,0.0,0.0,35119.37,32503.583984375
88874,2025,1,0.0,527.19,0.0,0.0,25515.19,0.0,3671.34,17750.0,0.0,1085.76,0.0,0.0,1765.19,0.0,0.0,0.0,0.0,19515.19,0.0,0.0,0.0,15843.85,3000.0,0.0,11343.85,0.0,0.0,0.0,0.0,0.0,0.0,0.0,0.0,0.0,0.0,0.0,2.5,15843.851,3000.0,0.0,4500.0,0.0,1500.0,0.0,6000.0,11343.851,527.1925,0.0,527.1925,0.0,527.1925,25515.193,0.0,0.0,0.0,0.0,0.0,0.0,0.0,0.0,0.0,0.0,0.0,0.0,3671.3418,20997.664,15825.841796875
88875,2025,1,3798.61,1975.81,7555.52,3777.76,49392.6,0.0,0.0,15750.0,0.0,2279.63,0.0,0.0,33642.6,3798.61,0.0,0.0,0.0,49392.6,0.0,3798.61,3777.76,49392.61,2500.0,3777.76,40316.23,0.0,0.0,0.0,0.0,0.0,0.0,0.0,716.05,0.0,0.0,12.0,4.0173,49392.605,2500.0,3777.761,9076.373,3798.6125,1500.0,0.0,0.0,40316.234,1975.8118,0.0,1975.8118,0.0,1975.8118,49392.605,3798.6125,0.0,0.0,3798.6125,0.0,0.0,0.0,0.0,3798.6125,0.0,0.0,0.0,0.0,0.0,0.0
88876,2025,1,681389.5,94203.48,43673.9,23777.35,2.6432898e+06,0.0,37666.22,34700.0,0.0,10000.0,134532.94,47034.34,2.4740568e+06,393051.1,0.0,0.0,0.0,2.5087568e+06,0.0,634355.09,23777.35,2593836.5,5000.0,23777.35,1885669.62,0.0,0.0,0.0,0.0,0.0,0.0,0.0,12433.28,0.0,0.0,49814.125,-2485.8203,2.5938365e+06,5000.0,23777.354,708166.9,681389.5,3000.0,0.0,12000.0,1.8856696e+06,94203.484,0.0,94203.484,0.0,94203.484,2.6432898e+06,634355.1,0.0,47034.344,681389.5,0.0,0.0,0.0,0.0,681389.5,0.0,0.0,0.0,37666.215,44313.19,76016.8203125
88877,2025,1,4.0936436e+07,4.7563415e+06,1.2625129e+06,869301.7,1.3685642e+08,0.0,13378.85,15750.0,0.0,10000.0,1.381964e+07,1.5668352e+06,1.2302102e+08,3.2187016e+07,0.0,0.0,0.0,1.23036776e+08,0.0,39369601.5,869301.7,136934864.0,2500.0,869301.7,95127632.0,0.0,0.0,0.0,0.0,0.0,0.0,0.0,674763.69,0.0,0.0,5.113312e+06,-255661.0,1.3693486e+08,2500.0,869301.7,4.1807236e+07,4.0936436e+07,1500.0,0.0,0.0,9.512763e+07,4.7563415e+06,0.0,4.7563415e+06,0.0,4.7563415e+06,1.3685642e+08,3.93696e+07,0.0,1.5668351e+06,4.0936436e+07,0.0,0.0,0.0,0.0,4.0936436e+07,0.0,0.0,0.0,13378.848,15739.82,147319.96875
88878,2025,1,0.0,0.0,0.0,0.0,121.72,0.0,0.0,17750.0,0.0,121.72,0.0,0.0,0.0,0.0,0.0,0.0,0.0,17750.0,0.0,0.0,0.0,121.72,3000.0,0.0,0.0,0.0,0.0,0.0,0.0,0.0,0.0,0.0,0.0,0.0,0.0,0.0,0.0,121.71994,3000.0,0.0,4500.0,0.0,1500.0,0.0,0.0,0.0,0.0,0.0,0.0,0.0,0.0,121.71994,0.0,0.0,0.0,0.0,0.0,0.0,0.0,0.0,0.0,0.0,0.0,0.0,0.0,33330.664,0.0
88879,2025,1,22588.42,7653.7,21714.52,11024.9,191119.78,0.0,0.0,31500.0,0.0,9175.99,3911.31,0.0,155708.47,19383.89,0.0,0.0,0.0,187208.45,0.0,22588.42,11024.9,191287.41,5000.0,11024.9,154674.09,0.0,0.0,0.0,0.0,0.0,0.0,0.0,2026.14,0.0,0.0,22.0,3.5171,191287.4,5000.0,11024.898,36613.32,22588.42,3000.0,0.0,0.0,154674.1,7653.7046,0.0,7653.7046,0.0,7653.7046,191119.78,22588.42,0.0,0.0,22588.42,0.0,0.0,0.0,0.0,22588.42,0.0,0.0,0.0,0.0,0.0,9036.8466796875
88880,2025,1,0.0,0.0,0.0,0.0,-258455.64,0.0,0.0,15750.0,0.0,0.0,0.0,0.0,0.0,0.0,0.0,0.0,0.0,15750.0,0.0,0.0,0.0,-497637.06,3000.0,79621.93,0.0,0.0,0.0,0.0,0.0,0.0,0.0,0.0,0.0,0.0,0.0,0.0,0.0,-497637.06,3000.0,79621.93,81121.93,0.0,1500.0,0.0,0.0,0.0,0.0,0.0,0.0,0.0,0.0,-258455.64,0.0,0.0,0.0,0.0,0.0,0.0,0.0,0.0,0.0,0.0,0.0,0.0,0.0,0.0,0.0
88881,2025,1,-3701.35,4149.86,14926.07,7463.04,97560.23,0.0,0.0,31500.0,0.0,4498.01,0.0,0.0,66060.22,7450.23,7298.65,151.58,0.0,97560.23,0.0,7450.23,7463.04,97560.23,5000.0,7463.04,84597.19,0.0,0.0,0.0,0.0,0.0,0.0,0.0,1414.56,3701.35,0.0,12.0,4.6177,97560.23,5000.0,7463.0366,12963.037,0.0,3000.0,2500.0,0.0,84597.19,4149.8594,0.0,4149.8594,0.0,4149.8594,97560.23,7450.227,7450.227,0.0,0.0,0.0,0.0,3701.351,3701.351,-3701.351,0.0,0.0,0.0,0.0,0.0,0.0
88882,2025,1,4855.06,1458.98,2070.5,1035.25,67736.29,0.0,22901.55,17750.0,0.0,3196.81,0.0,0.0,43986.29,4855.06,0.0,0.0,0.0,61736.29,0.0,4855.06,1035.25,38834.74,2500.0,1035.25,29979.67,0.0,0.0,0.0,0.0,0.0,0.0,0.0,196.22,0.0,0.0,12.0,4.4,38834.74,2500.0,1035.2518,8855.064,4855.064,1500.0,0.0,6000.0,29979.674,1458.9836,0.0,1458.9836,0.0,1458.9836,67736.29,4855.064,0.0,0.0,4855.064,0.0,0.0,0.0,0.0,4855.064,0.0,0.0,0.0,22901.55,26943.0,28044.322265625
88883,2025,1,0.0,0.0,520.14,260.07,-22081.65,0.0,0.0,34700.0,0.0,0.0,0.0,0.0,0.0,0.0,0.0,0.0,0.0,34700.0,0.0,0.0,260.07,-70923.82,8500.0,11607.88,0.0,0.0,0.0,0.0,0.0,0.0,0.0,0.0,49.29,0.0,0.0,0.0,0.0,-70923.82,8500.0,11607.879,14607.879,0.0,3000.0,0.0,0.0,0.0,0.0,0.0,0.0,0.0,0.0,-22081.648,0.0,0.0,0.0,0.0,0.0,0.0,0.0,0.0,0.0,0.0,0.0,0.0,0.0,47415.594,0.0
88884,2025,1,59887.24,17971.22,248.82,124.41,431911.72,0.0,0.0,25625.0,0.0,21405.58,0.0,8812.65,406286.72,0.0,0.0,155.91,0.0,431911.72,0.0,51230.51,124.41,425911.69,2500.0,124.41,360224.44,0.0,0.0,0.0,0.0,0.0,0.0,0.0,23.58,0.0,0.0,18.8008,4.0586,425911.7,2500.0,124.41184,65687.24,59887.242,3000.0,300.0,6000.0,360224.44,17971.223,0.0,17971.223,0.0,17971.223,431911.72,51230.508,155.90886,8812.6455,59887.242,0.0,0.0,0.0,0.0,59887.242,0.0,0.0,0.0,0.0,0.0,8680.939453125
88885,2025,1,1.1258394e+07,1.4052948e+06,188421.94,124123.51,3.9482348e+07,0.0,0.0,31500.0,0.0,10000.0,4.454236e+06,519725.16,3.4996612e+07,8.2305285e+06,0.0,1200.0,0.0,3.502811e+07,0.0,10739869.25,124123.51,39493912.0,5000.0,124123.51,28107494.0,0.0,0.0,0.0,0.0,0.0,0.0,0.0,87891.27,0.0,0.0,1.648105e+06,-82400.375,3.949391e+07,5000.0,124123.51,1.1386418e+07,1.1258394e+07,3000.0,900.0,0.0,2.8107494e+07,1.4052948e+06,0.0,1.4052948e+06,0.0,1.4052948e+06,3.9482348e+07,1.0739869e+07,1200.0,519725.16,1.1258394e+07,0.0,0.0,0.0,0.0,1.1258394e+07,0.0,0.0,0.0,0.0,0.0,3784.080322265625
88886,2025,1,8.903834e+06,1.0818126e+06,129126.52,80495.4,3.0618968e+07,0.0,0.0,15750.0,0.0,10000.0,1.6128994e+06,755649.25,2.8990318e+07,5.165535e+06,0.0,0.0,0.0,2.9006068e+07,0.0,8148185.25,80495.4,30622882.0,2500.0,80495.4,21637052.0,0.0,0.0,0.0,0.0,0.0,0.0,0.0,61750.05,0.0,0.0,596810.0,-29835.625,3.0622882e+07,2500.0,80495.41,8.985829e+06,8.903834e+06,1500.0,0.0,0.0,2.1637052e+07,1.0818126e+06,0.0,1.0818126e+06,0.0,1.0818126e+06,3.0618968e+07,8.148185e+06,0.0,755649.3,8.903834e+06,0.0,0.0,0.0,0.0,8.903834e+06,0.0,0.0,0.0,0.0,0.0,68074.390625
88887,2025,1,346092.62,51866.99,37114.93,19121.59,1.4074899e+06,0.0,0.0,31500.0,0.0,10000.0,228023.78,1222.23,1.1479661e+06,340235.72,0.0,0.0,0.0,1.1794661e+06,0.0,344870.43,19121.59,1408054.12,5000.0,19121.59,1038939.88,0.0,0.0,0.0,0.0,0.0,0.0,0.0,3410.5,0.0,0.0,84405.78,-4215.672,1.4080541e+06,5000.0,19121.586,369114.25,346092.66,3000.0,900.0,0.0,1.0389399e+06,51866.992,0.0,51866.992,0.0,51866.992,1.4074899e+06,344870.44,0.0,1222.2252,346092.66,0.0,0.0,0.0,0.0,346092.66,0.0,0.0,0.0,0.0,0.0,0.0
88888,2025,1,24845.32,8179.41,17634.58,12258.54,201350.77,0.0,0.0,23625.0,0.0,9877.54,25914.18,2.79,151811.56,27542.12,2100.0,600.0,0.0,175436.56,0.0,27542.53,12258.54,204792.0,2500.0,12258.54,164388.14,0.0,0.0,0.0,0.0,0.0,0.0,0.0,1018.99,0.0,0.0,24.0,3.417,204792.0,2500.0,12258.54,40403.863,24845.322,3000.0,300.0,0.0,164388.14,8179.407,0.0,8179.407,0.0,8179.407,201350.75,27542.531,2700.0,2.7913976,24845.322,0.0,0.0,0.0,0.0,24845.322,0.0,0.0,0.0,0.0,0.0,1431.3077392578125
88889,2025,1,0.0,0.0,0.0,0.0,0.0,0.0,0.0,15750.0,0.0,0.0,0.0,0.0,0.0,0.0,0.0,0.0,0.0,15750.0,0.0,0.0,0.0,0.0,3000.0,0.0,0.0,0.0,0.0,0.0,0.0,0.0,0.0,0.0,0.0,0.0,0.0,-3.825,0.0,0.0,3000.0,0.0,4500.0,0.0,1500.0,0.0,0.0,0.0,0.0,0.0,0.0,0.0,0.0,0.0,0.0,0.0,0.0,0.0,0.0,0.0,0.0,0.0,0.0,0.0,0.0,0.0,0.0,0.0,0.0
88890,2025,1,2.0994588e+07,2.7487775e+06,399751.75,247400.12,7.621918e+07,0.0,0.0,31500.0,0.0,10000.0,4.874104e+06,1.6048949e+06,7.131358e+07,1.1250036e+07,0.0,909.47,0.0,7.134509e+07,0.0,19390605.0,247400.12,76223344.0,5000.0,247400.12,54977156.0,0.0,0.0,0.0,0.0,0.0,0.0,0.0,225911.73,0.0,0.0,1.803452e+06,-90167.25,7.622334e+07,5000.0,247400.12,2.1246188e+07,2.0994588e+07,3000.0,1200.0,0.0,5.4977156e+07,2.7487778e+06,0.0,2.7487778e+06,0.0,2.7487778e+06,7.621918e+07,1.9390604e+07,909.4684,1.6048949e+06,2.0994588e+07,0.0,0.0,0.0,0.0,2.0994588e+07,0.0,0.0,0.0,0.0,0.0,15501.6376953125
88891,2025,1,162152.53,13651.57,52114.42,28784.21,689580.8,0.0,0.0,31500.0,0.0,10000.0,0.0,2616.55,658080.8,147043.19,0.0,0.0,0.0,689580.8,0.0,159535.98,28784.21,469468.22,5000.0,28784.21,274631.47,0.0,0.0,0.0,0.0,0.0,0.0,0.0,17866.01,0.0,0.0,40.0,2.8828,469468.22,5000.0,28784.213,194836.75,162152.53,3000.0,900.0,0.0,274631.47,13651.573,0.0,13651.573,0.0,13651.573,689580.8,159535.98,0.0,2616.5466,162152.53,0.0,0.0,0.0,0.0,162152.53,0.0,0.0,0.0,0.0,0.0,0.0
88892,2025,1,5.030052e+07,5.034473e+06,3.0895832e+06,1.9416836e+06,1.5290165e+08,0.0,0.0,31500.0,0.0,10000.0,8.834374e+06,1.1028995e+06,1.4403578e+08,4.4468584e+07,0.0,0.0,0.0,1.4406728e+08,0.0,49197617.0,1.9416836e+06,152936256.0,5000.0,1.9416836e+06,100691056.0,0.0,0.0,0.0,0.0,0.0,0.0,0.0,1860928.34,0.0,0.0,3.268752e+06,-163433.0,1.5293626e+08,5000.0,1.9416838e+06,5.22452e+07,5.0300516e+07,3000.0,0.0,0.0,1.0069106e+08,5.034473e+06,0.0,5.034473e+06,0.0,5.034473e+06,1.5290165e+08,4.9197616e+07,0.0,1.1028995e+06,5.0300516e+07,0.0,0.0,0.0,0.0,5.0300516e+07,0.0,0.0,0.0,0.0,0.0,1336067.75
88893,2025,1,6.6937348e+07,7.896213e+06,770445.06,516310.62,2.2533883e+08,0.0,0.0,31500.0,0.0,10000.0,2.682441e+07,2.8261695e+06,1.9848294e+08,5.3226984e+07,0.0,0.0,0.0,1.9851445e+08,0.0,64111181.0,516310.62,225382512.0,5000.0,516310.62,157925856.0,0.0,0.0,0.0,0.0,0.0,0.0,0.0,416543.23,0.0,0.0,9.925076e+06,-496250.0,2.2538251e+08,5000.0,516310.62,6.745666e+07,6.6937348e+07,3000.0,0.0,0.0,1.5792586e+08,7.896213e+06,0.0,7.896213e+06,0.0,7.896213e+06,2.2533885e+08,6.411118e+07,0.0,2.8261695e+06,6.6937348e+07,0.0,0.0,0.0,0.0,6.6937348e+07,0.0,0.0,0.0,0.0,0.0,176062.5
88894,2025,1,-308.12,488.8,2306.61,1153.31,15075.91,0.0,0.0,15750.0,0.0,563.8,0.0,0.0,0.0,0.0,0.0,0.0,308.12,15750.0,0.0,0.0,1153.31,15075.91,3000.0,1153.31,10575.91,0.0,0.0,0.0,0.0,0.0,0.0,0.0,218.6,0.0,0.0,7.65,5.0,15075.907,3000.0,1153.3069,4500.0,0.0,1500.0,0.0,0.0,10575.907,488.79535,0.0,488.79535,0.0,488.79535,15075.907,0.0,0.0,0.0,0.0,308.1231,0.0,0.0,308.1231,-308.1231,0.0,0.0,0.0,0.0,0.0,0.0
88895,2025,1,406803.6,42243.42,60846.17,34529.54,1.2883276e+06,0.0,0.0,15750.0,0.0,10000.0,15641.15,4953.56,1.2569365e+06,378042.12,0.0,0.0,0.0,1.2726865e+06,0.0,401850.04,34529.54,1288501.38,2500.0,34529.54,845668.25,0.0,0.0,0.0,0.0,0.0,0.0,0.0,23263.91,0.0,0.0,5824.2188,-286.3281,1.2885014e+06,2500.0,34529.535,442833.12,406803.6,1500.0,0.0,0.0,845668.25,42243.414,0.0,42243.414,0.0,42243.414,1.2883276e+06,401850.03,0.0,4953.555,406803.6,0.0,0.0,0.0,0.0,406803.6,0.0,0.0,0.0,0.0,0.0,17804.072265625
88896,2025,1,0.0,0.0,0.0,0.0,6335.84,0.0,0.0,17750.0,0.0,639.54,0.0,0.0,0.0,0.0,0.0,0.0,0.0,17750.0,0.0,0.0,0.0,335.85,3000.0,0.0,0.0,0.0,0.0,0.0,0.0,0.0,0.0,0.0,0.0,0.0,0.0,0.0,0.0,335.8452,3000.0,0.0,4500.0,0.0,1500.0,0.0,6000.0,0.0,0.0,0.0,0.0,0.0,0.0,6335.845,0.0,0.0,0.0,0.0,0.0,0.0,0.0,0.0,0.0,0.0,0.0,0.0,0.0,23443.22,6295.4267578125
88897,2025,1,16965.58,6278.45,22475.65,11237.83,158372.36,0.0,0.0,31500.0,0.0,7538.62,0.0,0.0,126872.36,15306.28,0.0,0.0,0.0,158372.36,0.0,16965.58,11237.83,158372.34,5000.0,11237.83,127168.94,0.0,0.0,0.0,0.0,0.0,0.0,0.0,2130.05,0.0,0.0,21.9961,3.5181,158372.34,5000.0,11237.826,31203.406,16965.58,3000.0,0.0,0.0,127168.94,6278.447,0.0,6278.447,0.0,6278.447,158372.36,16965.58,0.0,0.0,16965.58,0.0,0.0,0.0,0.0,16965.58,0.0,0.0,0.0,0.0,0.0,0.0
88898,2025,1,31692.75,9374.7,27641.82,13820.91,237607.69,0.0,0.0,31500.0,0.0,11500.38,430.12,0.0,205677.58,24440.64,0.0,0.0,0.0,237177.58,0.0,31692.75,13820.91,237607.67,5000.0,13820.91,189094.02,0.0,0.0,0.0,0.0,0.0,0.0,0.0,2619.65,0.0,0.0,22.0,3.5176,237607.67,5000.0,13820.907,48513.656,31692.748,3000.0,0.0,0.0,189094.02,9374.701,0.0,9374.701,0.0,9374.701,237607.69,31692.748,0.0,0.0,31692.748,0.0,0.0,0.0,0.0,31692.748,0.0,0.0,0.0,0.0,0.0,5529.55712890625
88899,2025,1,-649.0,0.0,1671.49,835.74,9684.28,0.0,0.0,31500.0,0.0,569.06,0.0,0.0,0.0,0.0,0.0,0.0,649.0,31500.0,0.0,0.0,835.74,9684.28,8500.0,835.74,0.0,0.0,0.0,0.0,0.0,0.0,0.0,0.0,158.41,0.0,0.0,0.0,0.0,9684.28,8500.0,835.7445,11500.0,0.0,3000.0,0.0,0.0,0.0,0.0,0.0,0.0,0.0,0.0,9684.281,0.0,0.0,0.0,0.0,649.0,0.0,0.0,649.0,-649.0,0.0,0.0,0.0,0.0,0.0,0.0
88900,2025,1,-7175.82,1469.51,5830.1,2915.05,38105.24,0.0,0.0,23625.0,0.0,1715.26,0.0,0.0,14480.25,1448.02,1268.73,179.3,4044.55,38105.24,0.0,1448.02,2915.05,38105.25,2500.0,2915.05,30190.2,0.0,0.0,0.0,0.0,0.0,0.0,0.0,552.53,3131.27,0.0,31.0596,4.6174,38105.246,2500.0,2915.0513,7915.0513,0.0,3000.0,2000.0,0.0,30190.195,1469.5098,0.0,1469.5098,0.0,1469.5098,38105.246,1448.0247,1448.0247,0.0,0.0,4044.5452,0.0,3131.2705,7175.8154,-7175.8154,0.0,0.0,0.0,0.0,0.0,0.0
88901,2025,1,5.1127136e+07,7.6543505e+06,339166.84,210617.38,2.0446798e+08,0.0,39073.74,17750.0,0.0,10000.0,4.400733e+06,6.6125295e+06,2.000495e+08,9.854929e+06,0.0,0.0,0.0,2.0006726e+08,0.0,44514609.0,210617.38,204427056.0,2500.0,210617.38,153087808.0,0.0,0.0,0.0,0.0,0.0,0.0,0.0,191414.77,0.0,0.0,1.628308e+06,-81410.5,2.0442706e+08,2500.0,210617.38,5.1339252e+07,5.1127136e+07,1500.0,0.0,6000.0,1.530878e+08,7.6543505e+06,0.0,7.6543505e+06,0.0,7.6543505e+06,2.0446798e+08,4.451461e+07,0.0,6.612529e+06,5.1127136e+07,0.0,0.0,0.0,0.0,5.1127136e+07,0.0,0.0,0.0,39073.74,45969.1,298829.125
88902,2025,1,1107.8,1023.51,4104.68,2052.34,26827.99,0.0,0.0,15750.0,0.0,1151.4,0.0,0.0,11077.99,1107.8,0.0,0.0,0.0,26827.99,0.0,1107.8,2052.34,26827.99,2950.0,2052.34,21270.19,0.0,0.0,0.0,0.0,0.0,0.0,0.0,389.01,0.0,0.0,10.0,4.5,26827.992,2950.0,2052.3413,5557.7993,1107.7992,1500.0,0.0,0.0,21270.193,1023.50964,0.0,1023.50964,0.0,1023.50964,26827.992,1107.7992,0.0,0.0,1107.7992,0.0,0.0,0.0,0.0,1107.7992,0.0,0.0,0.0,0.0,0.0,0.0
88903,2025,1,3199.11,1775.06,6792.7,3396.35,44396.76,0.0,0.0,15750.0,0.0,2029.84,0.0,0.0,28646.76,3199.11,0.0,0.0,0.0,44396.76,0.0,3199.11,3396.35,44396.77,2500.0,3396.35,36301.3,0.0,0.0,0.0,0.0,0.0,0.0,0.0,643.75,0.0,0.0,12.0,4.0176,44396.766,2500.0,3396.3525,8095.4644,3199.1118,1500.0,0.0,0.0,36301.3,1775.0651,0.0,1775.0651,0.0,1775.0651,44396.766,3199.1118,0.0,0.0,3199.1118,0.0,0.0,0.0,0.0,3199.1118,0.0,0.0,0.0,0.0,0.0,0.0
88904,2025,1,1361.51,1129.85,4449.77,2224.88,29083.44,0.0,0.0,15750.0,0.0,1264.17,0.0,0.0,13333.44,1361.51,0.0,0.0,0.0,29083.44,0.0,1361.51,2224.88,29083.44,2825.0,2224.88,23396.93,0.0,0.0,0.0,0.0,0.0,0.0,0.0,421.71,0.0,0.0,12.0,4.4,29083.443,2825.0,2224.8833,5686.513,1361.5132,1500.0,0.0,0.0,23396.93,1129.8464,0.0,1129.8464,0.0,1129.8464,29083.443,1361.5132,0.0,0.0,1361.5132,0.0,0.0,0.0,0.0,1361.5132,0.0,0.0,0.0,0.0,0.0,0.0
88905,2025,1,4224.75,2118.44,8100.39,4050.2,52943.74,0.0,0.0,15750.0,0.0,2457.19,0.0,0.0,37193.74,4224.75,0.0,0.0,0.0,52943.74,0.0,4224.75,4050.2,52943.74,2500.0,4050.2,43168.79,0.0,0.0,0.0,0.0,0.0,0.0,0.0,767.68,0.0,0.0,12.0,4.0176,52943.74,2500.0,4050.1958,9774.944,4224.7485,1500.0,0.0,0.0,43168.793,2118.4397,0.0,2118.4397,0.0,2118.4397,52943.74,4224.7485,0.0,0.0,4224.7485,0.0,0.0,0.0,0.0,4224.7485,0.0,0.0,0.0,0.0,0.0,0.0
88906,2025,1,2.417436e+07,3.0834528e+06,81085.78,60287.51,8.591537e+07,0.0,16786.08,17750.0,0.0,10000.0,1.0255805e+07,1.2856091e+06,7.5641816e+07,1.6940816e+07,0.0,0.0,0.0,7.565957e+07,0.0,22888749.0,60287.51,85906000.0,2500.0,60287.51,61669856.0,0.0,0.0,0.0,0.0,0.0,0.0,0.0,22539.12,0.0,0.0,3.7946842e+06,-189729.23,8.5906e+07,2500.0,60287.508,2.4236146e+07,2.4174358e+07,1500.0,0.0,6000.0,6.1669856e+07,3.0834528e+06,0.0,3.0834528e+06,0.0,3.0834528e+06,8.591537e+07,2.2888748e+07,0.0,1.2856091e+06,2.4174358e+07,0.0,0.0,0.0,0.0,2.4174358e+07,0.0,0.0,0.0,16786.078,19748.326,106358.96875
88907,2025,1,0.0,0.0,0.0,0.0,5571.81,0.0,0.0,17750.0,0.0,719.15,0.0,0.0,0.0,0.0,0.0,0.0,0.0,17750.0,0.0,0.0,0.0,800.78,3000.0,0.0,0.0,0.0,0.0,0.0,0.0,0.0,0.0,0.0,0.0,0.0,0.0,0.0,0.0,800.7808,3000.0,0.0,4500.0,0.0,1500.0,0.0,4771.026,0.0,0.0,0.0,0.0,0.0,0.0,5571.8066,0.0,0.0,0.0,0.0,0.0,0.0,0.0,0.0,0.0,0.0,0.0,0.0,0.0,29224.09,4771.02587890625
88908,2025,1,57514.47,15717.0,28293.07,14550.91,391201.1,0.0,0.0,31500.0,0.0,19180.06,41318.76,188.91,318382.3,61091.92,4400.0,0.0,0.0,349882.3,0.0,61725.56,14550.91,391605.44,5000.0,14550.91,315940.06,0.0,0.0,0.0,0.0,0.0,0.0,0.0,2604.72,0.0,0.0,24.0,3.417,391605.44,5000.0,14550.913,75665.38,57514.47,3000.0,600.0,0.0,315940.06,15717.003,0.0,15717.003,0.0,15717.003,391201.06,61725.562,4400.0,188.90701,57514.47,0.0,0.0,0.0,0.0,57514.47,0.0,0.0,0.0,0.0,0.0,0.0
88909,2025,1,0.0,0.0,0.0,0.0,-542.4,0.0,0.0,17750.0,0.0,0.0,0.0,0.0,0.0,0.0,0.0,0.0,0.0,17750.0,0.0,0.0,0.0,-542.4,3000.0,86.78,0.0,0.0,0.0,0.0,0.0,0.0,0.0,0.0,0.0,0.0,0.0,0.0,0.0,-542.39954,3000.0,86.78393,4500.0,0.0,1500.0,0.0,0.0,0.0,0.0,0.0,0.0,0.0,0.0,-542.39954,0.0,0.0,0.0,0.0,0.0,0.0,0.0,0.0,0.0,0.0,0.0,0.0,0.0,0.0,0.0
88910,2025,1,0.0,137.37,0.0,0.0,14047.43,0.0,0.0,17750.0,0.0,639.54,0.0,0.0,0.0,0.0,0.0,0.0,0.0,17750.0,0.0,0.0,0.0,8047.43,3000.0,0.0,3547.43,0.0,0.0,0.0,0.0,0.0,0.0,0.0,0.0,0.0,0.0,0.0,2.5,8047.4307,3000.0,0.0,4500.0,0.0,1500.0,0.0,6000.0,3547.4307,137.37154,0.0,137.37154,0.0,137.37154,14047.431,0.0,0.0,0.0,0.0,0.0,0.0,0.0,0.0,0.0,0.0,0.0,0.0,0.0,14886.838,11636.6484375
88911,2025,1,0.0,0.0,0.0,0.0,10.1,0.0,0.0,17750.0,0.0,10.1,0.0,0.0,0.0,0.0,0.0,0.0,0.0,17750.0,0.0,0.0,0.0,10.1,3000.0,0.0,0.0,0.0,0.0,0.0,0.0,0.0,0.0,0.0,0.0,0.0,0.0,0.0,0.0,10.104614,3000.0,0.0,4500.0,0.0,1500.0,0.0,0.0,0.0,0.0,0.0,0.0,0.0,0.0,10.104614,0.0,0.0,0.0,0.0,0.0,0.0,0.0,0.0,0.0,0.0,0.0,0.0,0.0,12258.427,0.0
88912,2025,1,17048.09,4549.68,9075.02,4537.51,182472.05,0.0,53848.82,34700.0,0.0,8743.6,1344.92,0.0,138323.75,10804.53,0.0,0.0,0.0,173023.77,0.0,17048.09,4537.51,117641.65,5000.0,4537.51,92593.55,0.0,0.0,0.0,0.0,0.0,0.0,0.0,860.05,0.0,0.0,30.2383,3.4878,117641.65,5000.0,4537.511,25048.094,17048.094,3000.0,0.0,10981.564,92593.555,4549.6777,0.0,4549.6777,0.0,4549.6777,182472.03,17048.094,0.0,0.0,17048.094,0.0,0.0,0.0,0.0,17048.094,0.0,0.0,0.0,53848.82,63351.55,10981.564453125
88913,2025,1,-9463.72,1512.69,6138.86,3069.43,40123.28,0.0,0.0,23625.0,0.0,1816.16,0.0,0.0,16498.28,1649.83,1649.83,0.0,4513.55,40123.28,0.0,1649.83,3069.43,40123.28,2500.0,3069.43,31053.85,0.0,0.0,0.0,0.0,0.0,0.0,0.0,581.79,4950.17,0.0,31.0605,4.6173,40123.28,2500.0,3069.431,9069.431,0.0,3000.0,3000.0,0.0,31053.852,1512.6926,0.0,1512.6926,0.0,1512.6926,40123.28,1649.8281,1649.8281,0.0,0.0,4513.547,0.0,4950.172,9463.719,-9463.719,0.0,0.0,0.0,0.0,0.0,0.0
88914,2025,1,0.0,0.0,0.0,0.0,-1784.23,0.0,0.0,34700.0,0.0,0.0,0.0,0.0,0.0,0.0,0.0,0.0,0.0,34700.0,0.0,0.0,0.0,-1784.23,8500.0,285.48,0.0,0.0,0.0,0.0,0.0,0.0,0.0,0.0,0.0,0.0,0.0,0.0,0.0,-1784.234,8500.0,285.47745,11500.0,0.0,3000.0,0.0,0.0,0.0,0.0,0.0,0.0,0.0,0.0,-1784.234,0.0,0.0,0.0,0.0,0.0,0.0,0.0,0.0,0.0,0.0,0.0,0.0,0.0,44473.574,0.0
88915,2025,1,0.0,0.0,0.0,0.0,-176.28,0.0,0.0,17750.0,0.0,0.0,0.0,0.0,0.0,0.0,0.0,0.0,0.0,17750.0,0.0,0.0,0.0,-176.28,3000.0,28.2,0.0,0.0,0.0,0.0,0.0,0.0,0.0,0.0,0.0,0.0,0.0,0.0,0.0,-176.27986,3000.0,28.204779,4500.0,0.0,1500.0,0.0,0.0,0.0,0.0,0.0,0.0,0.0,0.0,-176.27986,0.0,0.0,0.0,0.0,0.0,0.0,0.0,0.0,0.0,0.0,0.0,0.0,0.0,25043.967,0.0
88916,2025,1,0.0,0.0,0.0,0.0,-308000.0,0.0,0.0,15750.0,0.0,0.0,0.0,0.0,0.0,0.0,0.0,0.0,0.0,15750.0,0.0,0.0,0.0,-35285652.0,3000.0,5.6457035e+06,0.0,0.0,0.0,0.0,0.0,0.0,0.0,0.0,0.0,0.0,0.0,0.0,0.0,-3.5285652e+07,3000.0,5.645704e+06,5.647204e+06,0.0,1500.0,0.0,0.0,0.0,0.0,0.0,0.0,0.0,0.0,-308000.0,0.0,0.0,0.0,0.0,0.0,0.0,0.0,0.0,0.0,0.0,0.0,0.0,0.0,0.0,0.0
88917,2025,1,2.48011e+07,3.5507642e+06,131725.12,108312.38,9.589808e+07,0.0,0.0,31500.0,0.0,10000.0,5.410398e+06,2.5929465e+06,9.0456184e+07,9.050636e+06,0.0,433.08,0.0,9.048769e+07,0.0,22208590.0,108312.38,95929592.0,5000.0,108312.38,71016880.0,0.0,0.0,0.0,0.0,0.0,0.0,0.0,29215.11,0.0,0.0,2.0018819e+06,-100089.25,9.592959e+07,5000.0,108312.375,2.4912714e+07,2.4801102e+07,3000.0,300.0,0.0,7.101688e+07,3.550764e+06,0.0,3.550764e+06,0.0,3.550764e+06,9.589808e+07,2.220859e+07,433.08017,2.5929465e+06,2.4801102e+07,0.0,0.0,0.0,0.0,2.4801102e+07,0.0,0.0,0.0,0.0,0.0,104094.34375
88918,2025,1,0.0,0.0,0.0,0.0,742.28,0.0,0.0,17750.0,0.0,476.39,0.0,0.0,0.0,0.0,0.0,0.0,0.0,17750.0,0.0,0.0,0.0,742.28,3000.0,0.0,0.0,0.0,0.0,0.0,0.0,0.0,0.0,0.0,0.0,0.0,0.0,0.0,0.0,742.2825,3000.0,0.0,4500.0,0.0,1500.0,0.0,0.0,0.0,0.0,0.0,0.0,0.0,0.0,742.2825,0.0,0.0,0.0,0.0,0.0,0.0,0.0,0.0,0.0,0.0,0.0,0.0,0.0,9242.854,0.0
88919,2025,1,0.0,0.0,0.0,0.0,-201170.3,0.0,0.0,17750.0,0.0,0.0,0.0,0.0,0.0,0.0,0.0,0.0,0.0,17750.0,0.0,0.0,0.0,-379413.12,3000.0,60706.1,0.0,0.0,0.0,0.0,0.0,0.0,0.0,0.0,0.0,0.0,0.0,0.0,0.0,-379413.12,3000.0,60706.098,62206.098,0.0,1500.0,0.0,0.0,0.0,0.0,0.0,0.0,0.0,0.0,-201170.3,0.0,0.0,0.0,0.0,0.0,0.0,0.0,0.0,0.0,0.0,0.0,0.0,0.0,13054.203,0.0
88920,2025,1,602477.75,74630.89,53673.78,30778.15,2.1786215e+06,0.0,37177.36,34700.0,0.0,10000.0,167509.83,17383.02,1.9764116e+06,502459.4,0.0,0.0,0.0,2.0111116e+06,0.0,585094.75,30778.15,2130473.75,5000.0,30778.15,1494217.88,0.0,0.0,0.0,0.0,0.0,0.0,0.0,17800.76,0.0,0.0,62015.62,-3095.8984,2.1304738e+06,5000.0,30778.15,636255.9,602477.75,3000.0,0.0,12000.0,1.4942179e+06,74630.89,0.0,74630.89,0.0,74630.89,2.1786215e+06,585094.75,0.0,17383.023,602477.75,0.0,0.0,0.0,0.0,602477.75,0.0,0.0,0.0,37177.36,43738.066,20417.4921875
88921,2025,1,21030.4,8136.59,30670.7,15335.35,204597.55,0.0,0.0,31500.0,0.0,9849.88,0.0,0.0,173097.55,27032.4,6600.0,0.0,0.0,204597.55,0.0,27630.39,15335.35,204597.53,5000.0,15335.35,164331.78,0.0,0.0,0.0,0.0,0.0,0.0,0.0,2906.7,0.0,0.0,22.0,3.5181,204597.53,5000.0,15335.35,40265.742,21030.395,3000.0,900.0,0.0,164331.78,8136.589,0.0,8136.589,0.0,8136.589,204597.53,27630.395,6600.0,0.0,21030.395,0.0,0.0,0.0,0.0,21030.395,0.0,0.0,0.0,0.0,0.0,0.0
88922,2025,1,0.0,0.0,2349.1,1174.55,-99727.84,0.0,0.0,31500.0,0.0,0.0,0.0,0.0,0.0,0.0,0.0,0.0,0.0,31500.0,0.0,0.0,1174.55,-336931.25,8500.0,55083.54,0.0,0.0,0.0,0.0,0.0,0.0,0.0,0.0,222.63,0.0,0.0,0.0,0.0,-336931.25,8500.0,55083.547,59083.547,0.0,3000.0,1000.0,0.0,0.0,0.0,0.0,0.0,0.0,0.0,-99727.836,0.0,0.0,0.0,0.0,0.0,0.0,0.0,0.0,0.0,0.0,0.0,0.0,0.0,0.0,0.0
88923,2025,1,55.48,3458.21,12266.3,6133.15,80952.8,0.0,0.0,31500.0,0.0,3667.64,0.0,0.0,49452.8,5364.95,4400.0,909.47,0.0,80952.8,0.0,5364.95,6133.15,80952.8,5000.0,6133.15,70764.17,0.0,0.0,0.0,0.0,0.0,0.0,0.0,1162.49,0.0,0.0,12.001,4.0176,80952.805,5000.0,6133.149,10188.629,55.48047,3000.0,1000.0,0.0,70764.17,3458.2085,0.0,3458.2085,0.0,3458.2085,80952.8,5364.9487,5309.4683,0.0,55.48047,0.0,0.0,0.0,0.0,55.48047,0.0,0.0,0.0,0.0,0.0,0.0
88924,2025,1,26646.1,7355.39,28080.64,14040.32,205583.95,0.0,13180.01,33100.0,0.0,9899.2,0.0,0.0,169819.0,25484.49,0.0,0.0,0.0,202919.0,0.0,26646.1,14040.32,192394.19,5000.0,14040.32,148707.78,0.0,0.0,0.0,0.0,0.0,0.0,0.0,2661.24,0.0,0.0,23.3203,3.4507,192394.19,5000.0,14040.317,43686.414,26646.098,3000.0,0.0,9.771106,148707.78,7355.389,0.0,7355.389,0.0,7355.389,205583.97,26646.098,0.0,0.0,26646.098,0.0,0.0,0.0,0.0,26646.098,0.0,0.0,0.0,13180.006,15505.889,9.771105766296387
88925,2025,1,2.1445864e+07,3.116806e+06,70084.1,48915.76,8.384059e+07,0.0,10242.53,17750.0,0.0,10000.0,1.7051152e+06,2.830253e+06,8.211773e+07,4.8215285e+06,0.0,0.0,0.0,8.213548e+07,0.0,18615610.5,48915.76,83833200.0,2500.0,48915.76,62336920.0,0.0,0.0,0.0,0.0,0.0,0.0,0.0,20303.53,0.0,0.0,630928.0,-31541.252,8.38332e+07,2500.0,48915.76,2.149628e+07,2.1445864e+07,1500.0,0.0,6000.0,6.233692e+07,3.116806e+06,0.0,3.116806e+06,0.0,3.116806e+06,8.384059e+07,1.861561e+07,0.0,2.830253e+06,2.1445864e+07,0.0,0.0,0.0,0.0,2.1445864e+07,0.0,0.0,0.0,10242.529,12050.034,117530.1484375
88926,2025,1,72143.3,14823.2,54448.64,27879.42,401386.62,0.0,0.0,31500.0,0.0,19689.33,36.0,213.93,369850.62,73314.72,2100.0,0.0,0.0,401350.62,0.0,74029.37,27879.42,401386.62,5000.0,27879.42,298063.91,0.0,0.0,0.0,0.0,0.0,0.0,0.0,7046.06,0.0,0.0,24.0,3.5576,401386.62,5000.0,27879.414,103322.71,72143.3,3000.0,300.0,0.0,298063.9,14823.195,0.0,14823.195,0.0,14823.195,401386.62,74029.37,2100.0,213.93036,72143.3,0.0,0.0,0.0,0.0,72143.3,0.0,0.0,0.0,0.0,0.0,0.0
88927,2025,1,-1700.0,0.0,18797.54,9398.77,-490046.03,0.0,0.0,31500.0,0.0,0.0,0.0,0.0,0.0,0.0,0.0,0.0,0.0,31500.0,0.0,0.0,9398.77,-5317636.5,8500.0,860220.6,0.0,0.0,0.0,0.0,0.0,0.0,0.0,0.0,1781.47,1700.0,0.0,0.0,0.0,-5.3176365e+06,8500.0,860220.6,865220.6,0.0,3000.0,2000.0,0.0,0.0,0.0,0.0,0.0,0.0,0.0,-490046.03,0.0,0.0,0.0,0.0,0.0,0.0,1700.0,1700.0,-1700.0,0.0,0.0,0.0,0.0,0.0,0.0
88928,2025,1,-90.81,0.0,181.62,90.81,1187.08,0.0,0.0,15750.0,0.0,476.39,0.0,0.0,0.0,0.0,0.0,0.0,90.81,15750.0,0.0,0.0,90.81,1187.08,3000.0,90.81,0.0,0.0,0.0,0.0,0.0,0.0,0.0,0.0,17.21,0.0,0.0,-7.65,0.0,1187.0793,3000.0,90.81157,4500.0,0.0,1500.0,0.0,0.0,0.0,0.0,0.0,0.0,0.0,0.0,1187.0793,0.0,0.0,0.0,0.0,90.81157,0.0,0.0,90.81157,-90.81157,0.0,0.0,0.0,0.0,0.0,0.0
88929,2025,1,0.0,0.0,0.0,0.0,159.54,0.0,0.0,17750.0,0.0,159.54,0.0,0.0,0.0,0.0,0.0,0.0,0.0,17750.0,0.0,0.0,0.0,159.54,3000.0,0.0,0.0,0.0,0.0,0.0,0.0,0.0,0.0,0.0,0.0,0.0,0.0,0.0,0.0,159.54446,3000.0,0.0,4500.0,0.0,1500.0,0.0,0.0,0.0,0.0,0.0,0.0,0.0,0.0,159.54446,0.0,0.0,0.0,0.0,0.0,0.0,0.0,0.0,0.0,0.0,0.0,0.0,0.0,15935.955,0.0
88930,2025,1,2.055634e+07,3.043373e+06,118059.47,101409.45,8.151387e+07,0.0,12033.84,17750.0,0.0,10000.0,2.0966855e+06,2.6600608e+06,7.939944e+07,4.4391825e+06,0.0,0.0,0.0,7.941719e+07,0.0,17896280.5,101409.45,81527512.0,2500.0,101409.45,60868264.0,0.0,0.0,0.0,0.0,0.0,0.0,0.0,27147.8,0.0,0.0,775808.0,-38785.75,8.152751e+07,2500.0,101409.45,2.065925e+07,2.055634e+07,1500.0,0.0,6000.0,6.0868264e+07,3.0433732e+06,0.0,3.0433732e+06,0.0,3.0433732e+06,8.151387e+07,1.789628e+07,0.0,2.6600608e+06,2.055634e+07,0.0,0.0,0.0,0.0,2.055634e+07,0.0,0.0,0.0,12033.843,14157.462,621513.375
88931,2025,1,153156.38,30330.24,20768.83,10711.04,775345.7,0.0,0.0,31500.0,0.0,10000.0,126388.44,436.5,617457.25,151340.58,0.0,828.67,0.0,648957.25,0.0,153548.55,10711.04,775672.38,5000.0,10711.04,608204.94,0.0,0.0,0.0,0.0,0.0,0.0,0.0,1906.38,0.0,0.0,44270.33,-2208.8965,775672.4,5000.0,10711.042,167467.42,153156.38,3000.0,600.0,0.0,608204.94,30330.246,0.0,30330.246,0.0,30330.246,775345.7,153548.55,828.66595,436.5045,153156.38,0.0,0.0,0.0,0.0,153156.38,0.0,0.0,0.0,0.0,0.0,442.23095703125
88932,2025,1,0.0,0.0,4867.48,2433.74,-581172.7,0.0,0.0,31500.0,0.0,0.0,0.0,0.0,0.0,0.0,0.0,0.0,0.0,31500.0,0.0,0.0,2433.74,-861984.06,8500.0,140351.19,0.0,0.0,0.0,0.0,0.0,0.0,0.0,0.0,461.3,0.0,0.0,0.0,0.0,-861984.06,8500.0,140351.19,145351.19,0.0,3000.0,2000.0,0.0,0.0,0.0,0.0,0.0,0.0,0.0,-581172.7,0.0,0.0,0.0,0.0,0.0,0.0,0.0,0.0,0.0,0.0,0.0,0.0,0.0,0.0,0.0
88933,2025,1,145784.98,22121.17,53448.96,28398.17,622106.56,0.0,0.0,31500.0,0.0,10000.0,0.0,6.68,590606.56,145756.92,0.0,0.0,0.0,622106.56,0.0,145778.3,28398.17,622106.56,5000.0,28398.17,444023.41,0.0,0.0,0.0,0.0,0.0,0.0,0.0,12365.37,0.0,0.0,35.0,3.0918,622106.56,5000.0,28398.17,178083.16,145784.98,3000.0,900.0,0.0,444023.4,22121.17,0.0,22121.17,0.0,22121.17,622106.56,145778.3,0.0,6.684692,145784.98,0.0,0.0,0.0,0.0,145784.98,0.0,0.0,0.0,0.0,0.0,0.0
88934,2025,1,1120.88,3696.67,13199.05,8349.71,86453.71,0.0,0.0,23625.0,0.0,4132.69,4604.65,0.0,58224.06,6646.89,4400.0,1126.01,0.0,81849.06,0.0,6646.89,8349.71,88203.9,2500.0,8349.71,74733.3,0.0,0.0,0.0,0.0,0.0,0.0,0.0,919.16,0.0,0.0,12.0,4.0176,88203.9,2500.0,8349.713,13470.592,1120.8789,3000.0,1000.0,0.0,74733.305,3696.6653,0.0,3696.6653,0.0,3696.6653,86453.71,6646.887,5526.0083,0.0,1120.8789,0.0,0.0,0.0,0.0,1120.8789,0.0,0.0,0.0,0.0,0.0,0.0
88935,2025,1,18884.33,7335.34,27909.61,13954.81,184745.94,0.0,0.0,31500.0,0.0,8857.3,759.02,0.0,152486.92,23089.77,4400.0,0.0,0.0,183986.92,0.0,23284.33,13954.81,184745.94,5000.0,13954.81,148306.8,0.0,0.0,0.0,0.0,0.0,0.0,0.0,2645.03,0.0,0.0,22.0,3.5181,184745.94,5000.0,13954.806,36439.137,18884.332,3000.0,600.0,0.0,148306.8,7335.34,0.0,7335.34,0.0,7335.34,184745.94,23284.332,4400.0,0.0,18884.332,0.0,0.0,0.0,0.0,18884.332,0.0,0.0,0.0,0.0,0.0,0.0
88936,2025,1,-535.15,340.41,1852.56,926.28,12108.21,0.0,0.0,15750.0,0.0,476.39,0.0,0.0,0.0,0.0,0.0,0.0,535.15,15750.0,0.0,0.0,926.28,12108.21,3000.0,926.28,7608.21,0.0,0.0,0.0,0.0,0.0,0.0,0.0,175.57,0.0,0.0,7.65,5.0,12108.209,3000.0,926.27795,4500.0,0.0,1500.0,0.0,0.0,7608.209,340.41046,0.0,340.41046,0.0,340.41046,12108.209,0.0,0.0,0.0,0.0,535.15204,0.0,0.0,535.15204,-535.15204,0.0,0.0,0.0,0.0,0.0,0.0
88937,2025,1,0.0,0.0,0.0,0.0,-257.64,0.0,0.0,17750.0,0.0,0.0,0.0,0.0,0.0,0.0,0.0,0.0,0.0,17750.0,0.0,0.0,0.0,-257.64,3000.0,41.22,0.0,0.0,0.0,0.0,0.0,0.0,0.0,0.0,0.0,0.0,0.0,0.0,0.0,-257.6398,3000.0,41.222366,4500.0,0.0,1500.0,0.0,0.0,0.0,0.0,0.0,0.0,0.0,0.0,-257.6398,0.0,0.0,0.0,0.0,0.0,0.0,0.0,0.0,0.0,0.0,0.0,0.0,0.0,13054.203,0.0
88938,2025,1,0.0,0.0,0.0,0.0,-67160.46,0.0,0.0,15750.0,0.0,0.0,0.0,0.0,0.0,0.0,0.0,0.0,0.0,15750.0,0.0,0.0,0.0,-112976.42,3000.0,18076.23,0.0,0.0,0.0,0.0,0.0,0.0,0.0,0.0,0.0,0.0,0.0,0.0,0.0,-112976.42,3000.0,18076.227,19576.227,0.0,1500.0,0.0,0.0,0.0,0.0,0.0,0.0,0.0,0.0,-67160.46,0.0,0.0,0.0,0.0,0.0,0.0,0.0,0.0,0.0,0.0,0.0,0.0,0.0,0.0,0.0
88939,2025,1,6872.46,4535.72,16670.64,8367.51,111615.45,793.33,0.0,31500.0,0.0,5200.77,428.93,0.0,79686.52,9072.46,2200.0,0.0,0.0,111186.52,0.0,9072.46,8367.51,110854.3,5000.0,8367.51,92314.33,0.0,0.0,0.0,0.0,0.0,0.0,0.0,1573.8,0.0,0.0,12.0,4.0171,110854.305,5000.0,8367.514,18539.979,6872.465,3000.0,300.0,0.0,92314.33,4535.7163,0.0,4535.7163,0.0,4535.7163,111615.45,9072.465,2200.0,0.0,6872.465,0.0,0.0,0.0,0.0,6872.465,0.0,0.0,0.0,0.0,0.0,0.0
88940,2025,1,3.9220704e+07,4.896584e+06,894793.25,574047.44,1.3770477e+08,0.0,0.0,15750.0,0.0,10000.0,1.1108882e+07,2.3051438e+06,1.2658013e+08,2.5296604e+07,0.0,0.0,0.0,1.2659589e+08,0.0,36915559.0,574047.44,137728736.0,2500.0,574047.44,97932480.0,0.0,0.0,0.0,0.0,0.0,0.0,0.0,515206.97,0.0,0.0,4.1103238e+06,-205511.0,1.3772874e+08,2500.0,574047.44,3.9796252e+07,3.9220704e+07,1500.0,0.0,0.0,9.793248e+07,4.896584e+06,0.0,4.896584e+06,0.0,4.896584e+06,1.3770477e+08,3.691556e+07,0.0,2.3051438e+06,3.9220704e+07,0.0,0.0,0.0,0.0,3.9220704e+07,0.0,0.0,0.0,0.0,0.0,131261.390625
88941,2025,1,3205.31,2272.22,8772.4,4386.2,57335.93,0.0,0.0,23625.0,0.0,2676.8,0.0,0.0,33710.93,3705.31,500.0,0.0,0.0,57335.93,0.0,3705.31,4386.2,57335.93,2500.0,4386.2,46244.42,0.0,0.0,0.0,0.0,0.0,0.0,0.0,831.37,0.0,0.0,12.0,4.0173,57335.93,2500.0,4386.1987,11091.51,3205.3115,3000.0,500.0,0.0,46244.42,2272.2212,0.0,2272.2212,0.0,2272.2212,57335.93,3705.3115,500.0,0.0,3205.3115,0.0,0.0,0.0,0.0,3205.3115,0.0,0.0,0.0,0.0,0.0,0.0
88942,2025,1,5545.44,4932.36,18087.27,9043.64,118436.27,0.0,0.0,31500.0,0.0,5541.81,0.0,0.0,86936.27,9945.44,4400.0,0.0,0.0,118436.27,0.0,9945.44,9043.64,118436.28,5000.0,9043.64,100247.21,0.0,0.0,0.0,0.0,0.0,0.0,0.0,1714.15,0.0,0.0,12.001,4.0176,118436.28,5000.0,9043.636,18189.072,5545.4365,3000.0,600.0,0.0,100247.21,4932.3604,0.0,4932.3604,0.0,4932.3604,118436.27,9945.437,4400.0,0.0,5545.4365,0.0,0.0,0.0,0.0,5545.4365,0.0,0.0,0.0,0.0,0.0,0.0
88943,2025,1,-1770.54,3805.59,13079.21,6539.61,88751.48,0.0,0.0,31500.0,0.0,4057.57,0.0,0.0,57251.48,6029.46,4829.46,1200.0,0.0,88751.48,0.0,6029.46,6539.61,88751.48,5000.0,6539.61,77711.87,0.0,0.0,0.0,0.0,0.0,0.0,0.0,1239.53,1770.54,0.0,11.999,4.6177,88751.48,5000.0,6539.607,11039.607,0.0,3000.0,1500.0,0.0,77711.87,3805.5933,0.0,3805.5933,0.0,3805.5933,88751.48,6029.465,6029.465,0.0,0.0,0.0,0.0,1770.5352,1770.5352,-1770.5352,0.0,0.0,0.0,0.0,0.0,0.0
88944,2025,1,2.1621594e+07,2.6167505e+06,1.0335882e+06,635966.4,7.459467e+07,0.0,0.0,31500.0,0.0,10000.0,1.2848945e+06,1.5932808e+06,7.327828e+07,1.178277e+07,0.0,0.0,0.0,7.330978e+07,0.0,20028314.0,635966.4,74597472.0,5000.0,635966.4,52336612.0,0.0,0.0,0.0,0.0,0.0,0.0,0.0,608521.97,0.0,0.0,475450.0,-23767.25,7.459747e+07,5000.0,635966.4,2.226086e+07,2.1621594e+07,3000.0,300.0,0.0,5.2336612e+07,2.6167505e+06,0.0,2.6167505e+06,0.0,2.6167505e+06,7.459467e+07,2.0028314e+07,0.0,1.5932808e+06,2.1621594e+07,0.0,0.0,0.0,0.0,2.1621594e+07,0.0,0.0,0.0,0.0,0.0,325524.03125
88945,2025,1,5042.77,2406.13,9135.64,4567.82,60033.17,0.0,0.0,15750.0,0.0,2811.66,0.0,0.0,44283.17,5042.77,0.0,0.0,0.0,60033.17,0.0,5042.77,4567.82,60033.17,2500.0,4567.82,48922.57,0.0,0.0,0.0,0.0,0.0,0.0,0.0,865.8,0.0,0.0,12.0,4.0176,60033.168,2500.0,4567.822,11110.596,5042.7734,1500.0,0.0,0.0,48922.57,2406.1284,0.0,2406.1284,0.0,2406.1284,60033.168,5042.7734,0.0,0.0,5042.7734,0.0,0.0,0.0,0.0,5042.7734,0.0,0.0,0.0,0.0,0.0,0.0
88946,2025,1,110030.07,18765.99,58007.65,30198.34,520448.2,0.0,0.0,31500.0,0.0,25642.41,0.0,190.02,488948.2,109178.84,0.0,0.0,0.0,520448.2,0.0,109840.06,30198.34,520448.19,5000.0,30198.34,376919.78,0.0,0.0,0.0,0.0,0.0,0.0,0.0,9863.02,0.0,0.0,32.0,3.1914,520448.2,5000.0,30198.342,143528.4,110030.07,3000.0,300.0,0.0,376919.78,18765.988,0.0,18765.988,0.0,18765.988,520448.2,109840.055,0.0,190.01913,110030.07,0.0,0.0,0.0,0.0,110030.07,0.0,0.0,0.0,0.0,0.0,0.0
88947,2025,1,973.62,2542.41,9473.74,4736.87,61921.81,0.0,0.0,31500.0,0.0,2716.09,0.0,0.0,30421.81,3173.62,2200.0,0.0,0.0,61921.81,0.0,3173.62,4736.87,61921.81,5000.0,4736.87,52448.2,0.0,0.0,0.0,0.0,0.0,0.0,0.0,897.84,0.0,0.0,12.0,4.4001,61921.812,5000.0,4736.8726,9473.617,973.61743,3000.0,500.0,0.0,52448.195,2542.4097,0.0,2542.4097,0.0,2542.4097,61921.812,3173.6174,2200.0,0.0,973.61743,0.0,0.0,0.0,0.0,973.61743,0.0,0.0,0.0,0.0,0.0,0.0
88948,2025,1,0.0,0.0,0.0,0.0,0.0,0.0,0.0,15750.0,0.0,0.0,0.0,0.0,0.0,0.0,0.0,0.0,0.0,15750.0,0.0,0.0,0.0,0.0,3000.0,0.0,0.0,0.0,0.0,0.0,0.0,0.0,0.0,0.0,0.0,0.0,0.0,-3.825,0.0,0.0,3000.0,0.0,4500.0,0.0,1500.0,0.0,0.0,0.0,0.0,0.0,0.0,0.0,0.0,0.0,0.0,0.0,0.0,0.0,0.0,0.0,0.0,0.0,0.0,0.0,0.0,0.0,0.0,0.0,0.0
88949,2025,1,3421.7,2023.99,2124.99,1062.5,54701.41,0.0,0.0,17750.0,0.0,2545.07,0.0,0.0,30951.41,3421.7,0.0,0.0,0.0,48701.41,0.0,3421.7,1062.5,48701.41,2500.0,1062.5,41279.71,0.0,0.0,0.0,0.0,0.0,0.0,0.0,201.39,0.0,0.0,12.0,4.4,48701.41,2500.0,1062.4954,7421.7036,3421.7036,1500.0,0.0,6000.0,41279.707,2023.9854,0.0,2023.9854,0.0,2023.9854,54701.41,3421.7036,0.0,0.0,3421.7036,0.0,0.0,0.0,0.0,3421.7036,0.0,0.0,0.0,0.0,0.0,39564.60546875
88950,2025,1,-191.61,0.0,383.22,191.61,2504.74,0.0,0.0,15750.0,0.0,476.39,0.0,0.0,0.0,0.0,0.0,0.0,191.61,15750.0,0.0,0.0,191.61,2504.74,3000.0,191.61,0.0,0.0,0.0,0.0,0.0,0.0,0.0,0.0,36.32,0.0,0.0,-7.65,0.0,2504.7373,3000.0,191.61241,4500.0,0.0,1500.0,0.0,0.0,0.0,0.0,0.0,0.0,0.0,0.0,2504.7373,0.0,0.0,0.0,0.0,191.6124,0.0,0.0,191.6124,-191.6124,0.0,0.0,0.0,0.0,0.0,0.0
88951,2025,1,0.0,0.0,0.0,0.0,-613000.0,0.0,0.0,31500.0,0.0,0.0,0.0,0.0,0.0,0.0,0.0,0.0,0.0,31500.0,0.0,0.0,0.0,-15123779.0,8500.0,2.4198045e+06,0.0,0.0,0.0,0.0,0.0,0.0,0.0,0.0,0.0,0.0,0.0,0.0,0.0,-1.5123779e+07,8500.0,2.4198045e+06,2.4228045e+06,0.0,3000.0,0.0,0.0,0.0,0.0,0.0,0.0,0.0,0.0,-613000.0,0.0,0.0,0.0,0.0,0.0,0.0,0.0,0.0,0.0,0.0,0.0,0.0,0.0,0.0,0.0
88952,2025,1,0.0,921.46,0.0,0.0,39392.36,0.0,9663.15,17750.0,0.0,1779.62,0.0,0.0,15642.36,0.0,0.0,0.0,0.0,33392.36,0.0,0.0,0.0,23729.21,3000.0,0.0,19229.21,0.0,0.0,0.0,0.0,0.0,0.0,0.0,0.0,0.0,0.0,0.0,2.5,23729.207,3000.0,0.0,4500.0,0.0,1500.0,0.0,6000.0,19229.207,921.4603,0.0,921.4603,0.0,921.4603,39392.36,0.0,0.0,0.0,0.0,0.0,0.0,0.0,0.0,0.0,0.0,0.0,0.0,9663.152,20690.182,12218.4814453125
88953,2025,1,-1700.0,0.0,35657.52,19916.56,-253523.45,0.0,0.0,31500.0,0.0,0.0,0.0,0.0,0.0,0.0,0.0,0.0,0.0,31500.0,0.0,0.0,19916.56,-20483162.0,8500.0,3.2972225e+06,0.0,0.0,0.0,0.0,0.0,0.0,0.0,0.0,6379.08,1700.0,0.0,0.0,0.0,-2.0483162e+07,8500.0,3.2972225e+06,3.3012225e+06,0.0,3000.0,1000.0,0.0,0.0,0.0,0.0,0.0,0.0,0.0,-253523.45,0.0,0.0,0.0,0.0,0.0,0.0,1700.0,1700.0,-1700.0,0.0,0.0,0.0,0.0,0.0,8374.8330078125
88954,2025,1,9426.58,2392.71,18531.38,9265.69,118366.49,0.0,0.0,31500.0,0.0,5538.32,0.0,0.0,86866.49,9926.57,500.0,0.0,0.0,118366.49,0.0,9926.57,9265.69,71646.38,5000.0,9265.69,49454.11,0.0,0.0,0.0,0.0,0.0,0.0,0.0,1756.24,0.0,0.0,12.001,4.0178,71646.375,5000.0,9265.6875,22192.262,9426.575,3000.0,500.0,0.0,49454.113,2392.7056,0.0,2392.7056,0.0,2392.7056,118366.49,9926.575,500.0,0.0,9426.575,0.0,0.0,0.0,0.0,9426.575,0.0,0.0,0.0,0.0,0.0,0.0
88955,2025,1,1254.67,781.5,0.0,0.0,36424.79,0.0,8240.07,17750.0,0.0,1631.24,0.0,0.0,12674.79,1254.67,0.0,0.0,0.0,30424.79,0.0,1254.67,0.0,22184.72,3000.0,0.0,16430.05,0.0,0.0,0.0,0.0,0.0,0.0,0.0,0.0,0.0,0.0,11.1,1.9449,22184.725,3000.0,0.0,5754.6743,1254.6742,1500.0,0.0,6000.0,16430.05,781.50256,0.0,781.50256,0.0,781.50256,36424.79,1254.6742,0.0,0.0,1254.6742,0.0,0.0,0.0,0.0,1254.6742,0.0,0.0,0.0,8240.066,20430.71,27811.58984375
88956,2025,1,2.14494e+07,3.116629e+06,70084.1,48915.76,8.385015e+07,0.0,19797.36,17750.0,0.0,10000.0,1.7051152e+06,2.830253e+06,8.212729e+07,4.825066e+06,0.0,0.0,0.0,8.214504e+07,0.0,18619148.0,48915.76,83833200.0,2500.0,48915.76,62333384.0,0.0,0.0,0.0,0.0,0.0,0.0,0.0,20303.53,0.0,0.0,630928.0,-31541.252,8.38332e+07,2500.0,48915.76,2.1499816e+07,2.14494e+07,1500.0,0.0,6000.0,6.2333384e+07,3.1166292e+06,0.0,3.1166292e+06,0.0,3.1166292e+06,8.385015e+07,1.8619148e+07,0.0,2.830253e+06,2.14494e+07,0.0,0.0,0.0,0.0,2.14494e+07,0.0,0.0,0.0,19797.361,23291.012,117530.1484375
88957,2025,1,52793.99,12445.62,36308.87,18184.42,324490.84,0.0,0.0,31500.0,0.0,15844.54,9810.44,713.43,283180.4,49452.66,0.0,0.0,0.0,314680.4,0.0,52080.56,18184.42,324490.84,5000.0,18184.42,250512.44,0.0,0.0,0.0,0.0,0.0,0.0,0.0,3781.61,0.0,0.0,24.0,3.6143,324490.84,5000.0,18184.424,73978.414,52793.992,3000.0,0.0,0.0,250512.44,12445.622,0.0,12445.622,0.0,12445.622,324490.84,52080.56,0.0,713.4327,52793.992,0.0,0.0,0.0,0.0,52793.992,0.0,0.0,0.0,0.0,0.0,0.0
88958,2025,1,-11071.98,533.66,3469.0,1734.5,22673.22,0.0,0.0,23625.0,0.0,943.66,0.0,0.0,0.0,0.0,0.0,0.0,8046.0,23625.0,0.0,0.0,1734.5,22673.21,5200.0,1734.5,11473.21,0.0,0.0,0.0,0.0,0.0,0.0,0.0,328.76,3025.98,0.0,-15.0,5.0,22673.215,5200.0,1734.5009,11200.0,0.0,3000.0,3000.0,0.0,11473.215,533.66077,0.0,533.66077,0.0,533.66077,22673.215,0.0,0.0,0.0,0.0,8046.0,0.0,3025.9824,11071.982,-11071.982,0.0,0.0,0.0,0.0,0.0,0.0
88959,2025,1,0.0,144.16,0.0,0.0,14183.19,0.0,0.0,17750.0,0.0,519.16,0.0,0.0,0.0,0.0,0.0,0.0,0.0,17750.0,0.0,0.0,0.0,8183.19,3000.0,0.0,3683.19,0.0,0.0,0.0,0.0,0.0,0.0,0.0,0.0,0.0,0.0,0.0,2.5,8183.19,3000.0,0.0,4500.0,0.0,1500.0,0.0,6000.0,3683.19,144.1595,0.0,144.1595,0.0,144.1595,14183.189,0.0,0.0,0.0,0.0,0.0,0.0,0.0,0.0,0.0,0.0,0.0,0.0,0.0,3787.854,10531.1669921875
88960,2025,1,2626.59,3109.09,11576.34,5788.17,75696.61,0.0,0.0,31500.0,0.0,3532.44,0.0,0.0,44196.61,4826.59,2200.0,0.0,0.0,75696.61,0.0,4826.59,5788.17,75696.6,5000.0,5788.17,63781.84,0.0,0.0,0.0,0.0,0.0,0.0,0.0,1097.1,0.0,0.0,12.0,4.0178,75696.6,5000.0,5788.1694,11914.763,2626.5933,3000.0,500.0,0.0,63781.84,3109.092,0.0,3109.092,0.0,3109.092,75696.61,4826.5933,2200.0,0.0,2626.5933,0.0,0.0,0.0,0.0,2626.5933,0.0,0.0,0.0,0.0,0.0,0.0
88961,2025,1,4.667535e+07,5.8687665e+06,1.1395619e+06,704279.6,1.6475717e+08,0.0,0.0,31500.0,0.0,10000.0,7.471171e+06,3.7223945e+06,1.572545e+08,2.5123226e+07,0.0,0.0,0.0,1.57286e+08,0.0,42952956.0,704279.6,164760160.0,5000.0,704279.6,117376928.0,0.0,0.0,0.0,0.0,0.0,0.0,0.0,687371.34,0.0,0.0,2.764368e+06,-138213.5,1.6476016e+08,5000.0,704279.6,4.738323e+07,4.667535e+07,3000.0,600.0,0.0,1.1737693e+08,5.8687665e+06,0.0,5.8687665e+06,0.0,5.8687665e+06,1.6475717e+08,4.2952956e+07,0.0,3.7223945e+06,4.667535e+07,0.0,0.0,0.0,0.0,4.667535e+07,0.0,0.0,0.0,0.0,0.0,177072.796875
88962,2025,1,6462.33,2731.82,0.0,0.0,92069.44,0.0,20170.73,17750.0,0.0,4413.47,0.0,0.0,69343.6,3313.29,0.0,0.0,0.0,87093.6,0.0,6462.33,0.0,65898.7,2500.0,0.0,55436.38,0.0,0.0,0.0,0.0,0.0,0.0,0.0,0.0,0.0,0.0,14.3096,1.7844,65898.7,2500.0,0.0,10462.326,6462.326,1500.0,0.0,6000.0,55436.375,2731.8188,0.0,2731.8188,0.0,2731.8188,92069.44,6462.326,0.0,0.0,6462.326,0.0,0.0,0.0,0.0,6462.326,0.0,0.0,0.0,20170.73,23730.271,29091.62109375
88963,2025,1,9687.32,4947.13,17671.39,8835.7,122065.68,0.0,0.0,31500.0,0.0,5723.28,12.46,0.0,90553.22,9687.32,0.0,0.0,0.0,122053.22,0.0,9687.32,8835.7,122065.67,5000.0,8835.7,100542.66,0.0,0.0,0.0,0.0,0.0,0.0,0.0,1674.74,0.0,0.0,12.0,4.0171,122065.67,5000.0,8835.695,21523.02,9687.324,3000.0,0.0,0.0,100542.66,4947.133,0.0,4947.133,0.0,4947.133,122065.68,9687.324,0.0,0.0,9687.324,0.0,0.0,0.0,0.0,9687.324,0.0,0.0,0.0,0.0,0.0,145.5795135498047
88964,2025,1,3170.62,1765.53,6756.38,3378.19,44159.35,0.0,0.0,15750.0,0.0,2017.97,0.0,0.0,28409.35,3170.62,0.0,0.0,0.0,44159.35,0.0,3170.62,3378.19,44159.35,2500.0,3378.19,36110.54,0.0,0.0,0.0,0.0,0.0,0.0,0.0,640.31,0.0,0.0,12.0,4.0176,44159.35,2500.0,3378.1902,8048.8125,3170.622,1500.0,0.0,0.0,36110.54,1765.527,0.0,1765.527,0.0,1765.527,44159.35,3170.622,0.0,0.0,3170.622,0.0,0.0,0.0,0.0,3170.622,0.0,0.0,0.0,0.0,0.0,0.0
88965,2025,1,3498.2,3874.77,22711.31,11355.66,101439.91,0.0,0.0,31500.0,0.0,5804.58,0.0,0.0,69939.9,7898.2,4400.0,0.0,0.0,101439.91,0.0,7898.2,11355.66,97949.18,5000.0,11355.66,79095.32,0.0,0.0,0.0,0.0,0.0,0.0,0.0,2152.38,0.0,0.0,11.999,4.0176,97949.18,5000.0,11355.656,18853.857,3498.2012,3000.0,1000.0,0.0,79095.32,3874.766,0.0,3874.766,0.0,3874.766,101439.91,7898.201,4400.0,0.0,3498.2012,0.0,0.0,0.0,0.0,3498.2012,0.0,0.0,0.0,0.0,0.0,0.0
88966,2025,1,642478.4,99976.25,7597.47,5454.32,2.6718155e+06,0.0,17713.43,17750.0,0.0,10000.0,142104.72,71115.5,2.5119608e+06,200677.19,0.0,0.0,0.0,2.5297108e+06,0.0,571362.88,5454.32,2649757.75,2500.0,5454.32,2000325.0,0.0,0.0,0.0,0.0,0.0,0.0,0.0,406.22,0.0,0.0,52615.75,-2626.1719,2.6497578e+06,2500.0,5454.3193,649432.7,642478.4,1500.0,0.0,6000.0,2.000325e+06,99976.25,0.0,99976.25,0.0,99976.25,2.6718155e+06,571362.9,0.0,71115.5,642478.4,0.0,0.0,0.0,0.0,642478.4,0.0,0.0,0.0,17713.428,20839.326,44102.8984375
88967,2025,1,-5756.76,752.37,3832.25,1916.12,25047.37,0.0,0.0,23625.0,0.0,1062.37,0.0,0.0,1422.37,142.24,142.24,0.0,4056.76,25047.37,0.0,142.24,1916.12,25047.37,5200.0,1916.12,15847.37,0.0,0.0,0.0,0.0,0.0,0.0,0.0,363.19,1700.0,0.0,15.98,5.0,25047.373,5200.0,1916.124,9200.0,0.0,3000.0,1000.0,0.0,15847.373,752.36865,0.0,752.36865,0.0,752.36865,25047.373,142.2373,142.2373,0.0,0.0,4056.7598,0.0,1700.0,5756.76,-5756.76,0.0,0.0,0.0,0.0,0.0,0.0
88968,2025,1,-8569.64,263.15,2488.24,1244.12,16262.99,0.0,0.0,23625.0,0.0,633.01,0.0,0.0,0.0,0.0,0.0,0.0,6505.2,23625.0,0.0,0.0,1244.12,16262.99,5200.0,1244.12,6062.99,0.0,0.0,0.0,0.0,0.0,0.0,0.0,235.81,2064.45,0.0,-55.0,5.0,16262.986,5200.0,1244.1184,10200.0,0.0,3000.0,2000.0,0.0,6062.9863,263.14932,0.0,263.14932,0.0,263.14932,16262.986,0.0,0.0,0.0,0.0,6505.195,0.0,2064.448,8569.643,-8569.643,0.0,0.0,0.0,0.0,0.0,0.0
88969,2025,1,-45.55,2027.35,7843.31,3921.65,51146.94,0.0,0.0,31500.0,0.0,2177.35,0.0,0.0,19646.94,1959.66,1000.0,0.0,1005.21,51146.94,0.0,1959.66,3921.65,51146.95,5000.0,3921.65,42146.95,0.0,0.0,0.0,0.0,0.0,0.0,0.0,743.32,0.0,0.0,25.98,5.0,51146.945,5000.0,3921.6533,9000.0,0.0,3000.0,1000.0,0.0,42146.945,2027.3473,0.0,2027.3473,0.0,2027.3473,51146.945,1959.6625,1000.0,0.0,959.6625,1005.20825,0.0,0.0,1005.20825,-45.545776,0.0,0.0,0.0,0.0,0.0,0.0
88970,2025,1,1994.32,1655.47,6402.52,3201.26,68530.76,0.0,23827.06,34700.0,0.0,3046.54,0.0,0.0,21830.76,1994.32,0.0,0.0,0.0,56530.76,0.0,1994.32,3201.26,44703.7,5000.0,3201.26,34709.38,0.0,0.0,0.0,0.0,0.0,0.0,0.0,606.77,0.0,0.0,18.5,4.0751,44703.703,5000.0,3201.2598,9994.319,1994.3192,3000.0,0.0,0.0,34709.383,1655.4691,0.0,1655.4691,0.0,1655.4691,68530.766,1994.3192,0.0,0.0,1994.3192,0.0,0.0,0.0,0.0,1994.3192,0.0,0.0,0.0,23827.062,40538.617,0.0
88971,2025,1,0.0,0.0,20130.48,10065.24,-457508.75,0.0,0.0,34700.0,0.0,0.0,0.0,0.0,0.0,0.0,0.0,0.0,0.0,34700.0,0.0,0.0,10065.24,-2757887.25,8500.0,451327.2,0.0,0.0,0.0,0.0,0.0,0.0,0.0,0.0,1907.79,0.0,0.0,0.0,0.0,-2.7578872e+06,8500.0,451327.2,454327.2,0.0,3000.0,0.0,99.18966,0.0,0.0,0.0,0.0,0.0,0.0,-457508.75,0.0,0.0,0.0,0.0,0.0,0.0,0.0,0.0,0.0,0.0,0.0,0.0,0.0,14710.112,99.18965911865234
88972,2025,1,0.0,0.0,0.0,0.0,6052.88,0.0,0.0,17750.0,0.0,476.39,0.0,0.0,0.0,0.0,0.0,0.0,0.0,17750.0,0.0,0.0,0.0,141.46,3000.0,0.0,0.0,0.0,0.0,0.0,0.0,0.0,0.0,0.0,0.0,0.0,0.0,0.0,0.0,141.4646,3000.0,0.0,4500.0,0.0,1500.0,0.0,5911.4175,0.0,0.0,0.0,0.0,0.0,0.0,6052.882,0.0,0.0,0.0,0.0,0.0,0.0,0.0,0.0,0.0,0.0,0.0,0.0,0.0,0.0,5911.41748046875
88973,2025,1,2.168634e+06,249034.38,153030.44,91257.08,7.2450175e+06,0.0,0.0,31500.0,0.0,10000.0,303373.06,92101.48,6.9101445e+06,1.6009051e+06,0.0,0.0,0.0,6.941645e+06,0.0,2076532.56,91257.08,7245778.5,5000.0,91257.08,4982287.5,0.0,0.0,0.0,0.0,0.0,0.0,0.0,75874.7,0.0,0.0,112285.01,-5609.375,7.2457785e+06,5000.0,91257.08,2.263491e+06,2.168634e+06,3000.0,600.0,0.0,4.9822875e+06,249034.38,0.0,249034.38,0.0,249034.38,7.2450175e+06,2.0765325e+06,0.0,92101.48,2.168634e+06,0.0,0.0,0.0,0.0,2.168634e+06,0.0,0.0,0.0,0.0,0.0,75.06079864501953
88974,2025,1,0.0,0.0,22558.28,11416.22,-426994.25,0.0,0.0,31500.0,0.0,0.0,0.0,0.0,0.0,0.0,0.0,0.0,0.0,31500.0,0.0,0.0,11416.22,-9810754.0,8500.0,1.5811368e+06,0.0,0.0,0.0,0.0,0.0,0.0,0.0,0.0,2111.89,0.0,0.0,0.0,0.0,-9.810754e+06,8500.0,1.5811369e+06,1.5841369e+06,0.0,3000.0,0.0,0.0,0.0,0.0,0.0,0.0,0.0,0.0,-426994.25,0.0,0.0,0.0,0.0,0.0,0.0,0.0,0.0,0.0,0.0,0.0,0.0,0.0,0.0,5933.822265625
88975,2025,1,0.0,0.0,6623.26,3673.3,-574685.3,0.0,0.0,31500.0,0.0,0.0,0.0,0.0,0.0,0.0,0.0,0.0,0.0,31500.0,0.0,0.0,3673.3,-14191875.0,8500.0,2.2743732e+06,0.0,0.0,0.0,0.0,0.0,0.0,0.0,0.0,559.14,0.0,0.0,0.0,0.0,-1.4191875e+07,8500.0,2.2743732e+06,2.2783732e+06,0.0,3000.0,1000.0,0.0,0.0,0.0,0.0,0.0,0.0,0.0,-574685.3,0.0,0.0,0.0,0.0,0.0,0.0,0.0,0.0,0.0,0.0,0.0,0.0,0.0,0.0,0.0
88976,2025,1,0.0,0.0,0.0,0.0,-308000.0,0.0,0.0,15750.0,0.0,0.0,0.0,0.0,0.0,0.0,0.0,0.0,0.0,15750.0,0.0,0.0,0.0,-3703939.5,3000.0,592630.3,0.0,0.0,0.0,0.0,0.0,0.0,0.0,0.0,0.0,0.0,0.0,0.0,0.0,-3.7039395e+06,3000.0,592630.3,594130.3,0.0,1500.0,0.0,0.0,0.0,0.0,0.0,0.0,0.0,0.0,-308000.0,0.0,0.0,0.0,0.0,0.0,0.0,0.0,0.0,0.0,0.0,0.0,0.0,0.0,0.0,0.0
88977,2025,1,107842.16,27353.84,8455.75,4227.88,664518.9,0.0,0.0,31500.0,0.0,10000.0,81401.64,7649.03,551617.25,70378.08,0.0,0.0,0.0,583117.25,0.0,100193.12,4227.88,664518.94,5000.0,4227.88,548676.75,0.0,0.0,0.0,0.0,0.0,0.0,0.0,801.36,0.0,0.0,24393.984,-1214.6973,664518.94,5000.0,4227.8765,115842.16,107842.16,3000.0,0.0,0.0,548676.75,27353.838,0.0,27353.838,0.0,27353.838,664518.9,100193.125,0.0,7649.029,107842.16,0.0,0.0,0.0,0.0,107842.16,0.0,0.0,0.0,0.0,0.0,954.203857421875
88978,2025,1,-374.44,1634.62,6211.51,3105.76,40598.11,0.0,0.0,23625.0,0.0,1839.91,0.0,0.0,16973.11,1697.31,500.0,0.0,1571.75,40598.11,0.0,1697.31,3105.76,40598.11,2500.0,3105.76,33492.36,0.0,0.0,0.0,0.0,0.0,0.0,0.0,588.67,0.0,0.0,27.4423,4.6174,40598.113,2500.0,3105.7556,7105.756,0.0,3000.0,1000.0,0.0,33492.36,1634.6179,0.0,1634.6179,0.0,1634.6179,40598.113,1697.3113,500.0,0.0,1197.3113,1571.7517,0.0,0.0,1571.7517,-374.44043,0.0,0.0,0.0,0.0,0.0,0.0
88979,2025,1,15100.79,4101.44,16382.41,8191.2,107620.86,0.0,0.0,15750.0,0.0,5191.04,0.0,0.0,91870.86,15047.64,0.0,0.0,0.0,107620.86,0.0,15100.79,8191.2,107620.86,2500.0,8191.2,82828.88,0.0,0.0,0.0,0.0,0.0,0.0,0.0,1552.58,0.0,0.0,22.0,3.5171,107620.86,2500.0,8191.203,24791.988,15100.786,1500.0,0.0,0.0,82828.875,4101.444,0.0,4101.444,0.0,4101.444,107620.86,15100.786,0.0,0.0,15100.786,0.0,0.0,0.0,0.0,15100.786,0.0,0.0,0.0,0.0,0.0,0.0
88980,2025,1,8763.74,3080.94,12041.61,6020.81,78703.36,0.0,0.0,15750.0,0.0,3745.17,0.0,0.0,62953.36,8763.74,0.0,0.0,0.0,78703.36,0.0,8763.74,6020.81,78703.36,2500.0,6020.81,62418.81,0.0,0.0,0.0,0.0,0.0,0.0,0.0,1141.2,0.0,0.0,22.0,3.5176,78703.36,2500.0,6020.807,16284.547,8763.739,1500.0,0.0,0.0,62418.812,3080.9407,0.0,3080.9407,0.0,3080.9407,78703.36,8763.739,0.0,0.0,8763.739,0.0,0.0,0.0,0.0,8763.739,0.0,0.0,0.0,0.0,0.0,0.0
88981,2025,1,0.0,0.0,7182.4,3591.2,-565663.7,0.0,0.0,31500.0,0.0,0.0,0.0,0.0,0.0,0.0,0.0,0.0,0.0,31500.0,0.0,0.0,3591.2,-2387076.0,8500.0,385523.38,0.0,0.0,0.0,0.0,0.0,0.0,0.0,0.0,680.69,0.0,0.0,0.0,0.0,-2.387076e+06,8500.0,385523.38,388523.38,0.0,3000.0,0.0,0.0,0.0,0.0,0.0,0.0,0.0,0.0,-565663.7,0.0,0.0,0.0,0.0,0.0,0.0,0.0,0.0,0.0,0.0,0.0,0.0,0.0,0.0,0.0
88982,2025,1,9696.9,3246.22,12168.75,6084.38,83005.69,0.0,0.0,15750.0,0.0,3960.28,0.0,0.0,67255.69,9668.28,0.0,0.0,0.0,83005.69,0.0,9696.9,6084.38,83005.69,2500.0,6084.38,65724.42,0.0,0.0,0.0,0.0,0.0,0.0,0.0,1153.25,0.0,0.0,22.0,3.5171,83005.69,2500.0,6084.375,17281.27,9696.8955,1500.0,0.0,0.0,65724.42,3246.2212,0.0,3246.2212,0.0,3246.2212,83005.69,9696.8955,0.0,0.0,9696.8955,0.0,0.0,0.0,0.0,9696.8955,0.0,0.0,0.0,0.0,0.0,2967.345458984375
88983,2025,1,1.4446671e+07,2.0364434e+06,120736.91,78801.52,5.529342e+07,0.0,38187.2,17750.0,0.0,10000.0,1.2669675e+06,1.7556408e+06,5.4008704e+07,4.162547e+06,0.0,0.0,0.0,5.4026456e+07,0.0,12691029.75,78801.52,55256640.0,2500.0,78801.52,40729668.0,0.0,0.0,0.0,0.0,0.0,0.0,0.0,53067.32,0.0,0.0,468813.97,-23435.75,5.525664e+07,2500.0,78801.52,1.4526973e+07,1.4446671e+07,1500.0,0.0,6000.0,4.0729668e+07,2.0364434e+06,0.0,2.0364434e+06,0.0,2.0364434e+06,5.529342e+07,1.269103e+07,0.0,1.7556409e+06,1.4446671e+07,0.0,0.0,0.0,0.0,1.4446671e+07,0.0,0.0,0.0,38187.2,44926.113,580203.3125
88984,2025,1,0.0,0.0,0.0,0.0,-308000.0,0.0,0.0,17750.0,0.0,0.0,0.0,0.0,0.0,0.0,0.0,0.0,0.0,17750.0,0.0,0.0,0.0,-36631056.0,3000.0,5.860969e+06,0.0,0.0,0.0,0.0,0.0,0.0,0.0,0.0,0.0,0.0,0.0,0.0,0.0,-3.6631056e+07,3000.0,5.860969e+06,5.862469e+06,0.0,1500.0,0.0,0.0,0.0,0.0,0.0,0.0,0.0,0.0,-308000.0,0.0,0.0,0.0,0.0,0.0,0.0,0.0,0.0,0.0,0.0,0.0,0.0,0.0,15935.955,0.0
88985,2025,1,59476.2,14438.43,377.78,188.89,404541.8,0.0,43397.03,25625.0,0.0,20037.09,0.0,7772.59,378916.8,4578.59,0.0,0.0,0.0,404541.8,0.0,51703.61,188.89,355144.81,2500.0,188.89,289568.62,0.0,0.0,0.0,0.0,0.0,0.0,0.0,35.8,0.0,0.0,30.7969,3.459,355144.8,2500.0,188.88806,65576.2,59476.203,3000.0,600.0,6000.0,289568.62,14438.432,0.0,14438.432,0.0,14438.432,404541.8,51703.613,0.0,7772.589,59476.203,0.0,0.0,0.0,0.0,59476.203,0.0,0.0,0.0,43397.03,51055.33,16058.5751953125
88986,2025,1,0.0,0.0,0.0,0.0,-308000.0,0.0,0.0,15750.0,0.0,0.0,0.0,0.0,0.0,0.0,0.0,0.0,0.0,15750.0,0.0,0.0,0.0,-7928481.0,3000.0,1.268557e+06,0.0,0.0,0.0,0.0,0.0,0.0,0.0,0.0,0.0,0.0,0.0,0.0,0.0,-7.928481e+06,3000.0,1.268557e+06,1.270057e+06,0.0,1500.0,0.0,0.0,0.0,0.0,0.0,0.0,0.0,0.0,-308000.0,0.0,0.0,0.0,0.0,0.0,0.0,0.0,0.0,0.0,0.0,0.0,0.0,0.0,0.0,0.0
88987,2025,1,-649.0,220.52,1485.68,742.84,9710.31,0.0,0.0,15750.0,0.0,476.39,0.0,0.0,0.0,0.0,0.0,0.0,649.0,15750.0,0.0,0.0,742.84,9710.31,3000.0,742.84,5210.31,0.0,0.0,0.0,0.0,0.0,0.0,0.0,140.8,0.0,0.0,0.0,5.0,9710.309,3000.0,742.8386,4500.0,0.0,1500.0,0.0,0.0,5210.3086,220.51543,0.0,220.51543,0.0,220.51543,9710.309,0.0,0.0,0.0,0.0,649.0,0.0,0.0,649.0,-649.0,0.0,0.0,0.0,0.0,0.0,0.0
88988,2025,1,268273.3,34771.66,73921.06,39684.01,1.0085906e+06,0.0,0.0,31500.0,0.0,10000.0,6527.95,4587.87,970562.75,240761.6,0.0,0.0,0.0,1.00206275e+06,0.0,263685.43,39684.01,1008590.62,5000.0,39684.01,697033.31,0.0,0.0,0.0,0.0,0.0,0.0,0.0,17847.61,0.0,0.0,2452.3438,-117.7344,1.0085906e+06,5000.0,39684.008,311557.3,268273.3,3000.0,600.0,0.0,697033.3,34771.664,0.0,34771.664,0.0,34771.664,1.0085906e+06,263685.44,0.0,4587.874,268273.3,0.0,0.0,0.0,0.0,268273.3,0.0,0.0,0.0,0.0,0.0,0.0
88989,2025,1,12326.38,4877.43,14108.2,7054.1,158518.95,0.0,36989.8,34700.0,0.0,7545.95,0.0,0.0,112841.23,9905.2,0.0,0.0,0.0,147541.22,0.0,12326.38,7054.1,121529.15,5000.0,7054.1,99148.67,0.0,0.0,0.0,0.0,0.0,0.0,0.0,1337.05,0.0,0.0,30.2471,3.105,121529.15,5000.0,7054.0986,22380.48,12326.381,3000.0,0.0,0.0,99148.67,4877.4336,0.0,4877.4336,0.0,4877.4336,158518.95,12326.381,0.0,0.0,12326.381,0.0,0.0,0.0,0.0,12326.381,0.0,0.0,0.0,36989.805,43517.414,0.0
88990,2025,1,7400.55,4603.71,0.0,0.0,116984.93,0.0,6710.26,17750.0,0.0,5659.25,0.0,0.0,95754.02,289.95,0.0,0.0,0.0,113504.02,0.0,7400.55,0.0,104274.66,2500.0,0.0,92874.12,0.0,0.0,0.0,0.0,0.0,0.0,0.0,0.0,0.0,0.0,13.25,1.8374,104274.664,2500.0,0.0,11400.55,7400.55,1500.0,0.0,6000.0,92874.12,4603.706,0.0,4603.706,0.0,4603.706,116984.93,7400.55,0.0,0.0,7400.55,0.0,0.0,0.0,0.0,7400.55,0.0,0.0,0.0,6710.2627,7894.427,10973.359375
88991,2025,1,0.0,0.0,0.0,0.0,-6345.91,0.0,0.0,15750.0,0.0,0.0,0.0,0.0,0.0,0.0,0.0,0.0,0.0,15750.0,0.0,0.0,0.0,-24228.29,3000.0,3876.53,0.0,0.0,0.0,0.0,0.0,0.0,0.0,0.0,0.0,0.0,0.0,0.0,0.0,-24228.295,3000.0,3876.5273,5376.5273,0.0,1500.0,0.0,0.0,0.0,0.0,0.0,0.0,0.0,0.0,-6345.9126,0.0,0.0,0.0,0.0,0.0,0.0,0.0,0.0,0.0,0.0,0.0,0.0,0.0,0.0,0.0
88992,2025,1,0.0,0.0,0.0,0.0,-612982.94,0.0,0.0,33100.0,0.0,0.0,0.0,0.0,0.0,0.0,0.0,0.0,0.0,33100.0,0.0,0.0,0.0,-4979015.5,8500.0,796642.5,0.0,0.0,0.0,0.0,0.0,0.0,0.0,0.0,0.0,0.0,0.0,0.0,0.0,-4.9790155e+06,8500.0,796642.5,799642.5,0.0,3000.0,0.0,0.0,0.0,0.0,0.0,0.0,0.0,0.0,-612982.94,0.0,0.0,0.0,0.0,0.0,0.0,0.0,0.0,0.0,0.0,0.0,0.0,0.0,33463.46,0.0
88993,2025,1,0.0,0.0,0.0,0.0,-3000.0,0.0,0.0,17750.0,0.0,0.0,0.0,0.0,0.0,0.0,0.0,0.0,0.0,17750.0,0.0,0.0,0.0,-8217.35,3000.0,1314.78,0.0,0.0,0.0,0.0,0.0,0.0,0.0,0.0,0.0,0.0,0.0,0.0,0.0,-8217.354,3000.0,1314.7765,4500.0,0.0,1500.0,0.0,0.0,0.0,0.0,0.0,0.0,0.0,0.0,-3000.0,0.0,0.0,0.0,0.0,0.0,0.0,0.0,0.0,0.0,0.0,0.0,0.0,0.0,12307.461,0.0
88994,2025,1,0.0,1174.96,4997.71,2498.86,35892.45,0.0,0.0,34700.0,0.0,1523.93,0.0,0.0,0.0,0.0,0.0,0.0,0.0,34700.0,0.0,0.0,2498.86,33799.23,5700.0,2498.86,25099.23,0.0,0.0,0.0,0.0,0.0,0.0,0.0,473.64,0.0,0.0,0.0,5.0,33799.227,5700.0,2498.8557,8700.0,0.0,3000.0,0.0,2093.2256,25099.227,1174.9613,0.0,1174.9613,0.0,1174.9613,35892.453,0.0,0.0,0.0,0.0,0.0,0.0,0.0,0.0,0.0,0.0,0.0,0.0,0.0,0.0,2093.2255859375
88995,2025,1,3.22308e+07,4.235893e+06,54035.88,37117.36,1.169811e+08,0.0,0.0,15750.0,0.0,10000.0,1.3225658e+07,1.9145686e+06,1.037397e+08,2.0875674e+07,0.0,0.0,0.0,1.0375545e+08,0.0,30316233.0,37117.36,116988080.0,2500.0,37117.36,84718664.0,0.0,0.0,0.0,0.0,0.0,0.0,0.0,12252.84,0.0,0.0,4.893528e+06,-244671.48,1.1698808e+08,2500.0,37117.36,3.2269418e+07,3.22308e+07,1500.0,0.0,0.0,8.4718664e+07,4.235893e+06,0.0,4.235893e+06,0.0,4.235893e+06,1.169811e+08,3.0316232e+07,0.0,1.9145686e+06,3.22308e+07,0.0,0.0,0.0,0.0,3.22308e+07,0.0,0.0,0.0,0.0,0.0,55623.1796875
88996,2025,1,75120.48,12350.73,29133.65,14759.15,339179.12,0.0,0.0,15750.0,0.0,16768.96,19531.9,119.86,302878.28,74585.1,0.0,0.0,0.0,319647.25,0.0,75000.62,14759.15,339194.16,2500.0,14759.15,247814.53,0.0,0.0,0.0,0.0,0.0,0.0,0.0,3810.91,0.0,0.0,6869.4062,-338.5879,339194.16,2500.0,14759.146,91379.625,75120.48,1500.0,0.0,0.0,247814.53,12350.727,0.0,12350.727,0.0,12350.727,339179.12,75000.62,0.0,119.85728,75120.48,0.0,0.0,0.0,0.0,75120.48,0.0,0.0,0.0,0.0,0.0,0.0
88997,2025,1,-10035.53,536.18,3323.7,1661.85,21723.55,0.0,0.0,23625.0,0.0,896.18,0.0,0.0,0.0,0.0,0.0,0.0,7152.0,23625.0,0.0,0.0,1661.85,21723.55,5200.0,1661.85,11523.55,0.0,0.0,0.0,0.0,0.0,0.0,0.0,314.99,2883.53,0.0,-15.0,5.0,21723.55,5200.0,1661.8516,10200.0,0.0,3000.0,2000.0,0.0,11523.551,536.17755,0.0,536.17755,0.0,536.17755,21723.55,0.0,0.0,0.0,0.0,7152.0,0.0,2883.5327,10035.533,-10035.533,0.0,0.0,0.0,0.0,0.0,0.0
88998,2025,1,128054.48,25595.22,33550.51,17247.97,661806.75,0.0,0.0,31500.0,0.0,10000.0,35452.89,4897.1,594853.9,104343.97,0.0,0.0,0.0,626353.9,0.0,123157.38,17247.97,661806.75,5000.0,17247.97,513504.31,0.0,0.0,0.0,0.0,0.0,0.0,0.0,6093.62,0.0,0.0,13012.789,-645.7598,661806.75,5000.0,17247.969,148302.44,128054.48,3000.0,0.0,0.0,513504.3,25595.215,0.0,25595.215,0.0,25595.215,661806.75,123157.375,0.0,4897.104,128054.48,0.0,0.0,0.0,0.0,128054.48,0.0,0.0,0.0,0.0,0.0,623.3378295898438
88999,2025,1,3.3160154e+07,4.1741672e+06,760630.4,479809.12,1.1716535e+08,0.0,38323.52,34700.0,0.0,10000.0,8.747306e+06,2.0747459e+06,1.0838334e+08,2.056718e+07,0.0,0.0,0.0,1.0841805e+08,0.0,31085407.0,479809.12,117127904.0,5000.0,479809.12,83484944.0,0.0,0.0,0.0,0.0,0.0,0.0,0.0,443163.53,0.0,0.0,3.236538e+06,-161822.5,1.171279e+08,5000.0,479809.12,3.3642964e+07,3.3160154e+07,3000.0,0.0,12000.0,8.348494e+07,4.1741672e+06,0.0,4.1741672e+06,0.0,4.1741672e+06,1.1716535e+08,3.1085408e+07,0.0,2.0747459e+06,3.3160154e+07,0.0,0.0,0.0,0.0,3.3160154e+07,0.0,0.0,0.0,38323.523,45086.496,177924.359375
89000,2025,1,-63.82,0.0,127.63,63.82,2764.49,0.0,0.0,33100.0,0.0,843.15,0.0,0.0,0.0,0.0,0.0,0.0,63.82,33100.0,0.0,0.0,63.82,2764.49,8500.0,63.82,0.0,0.0,0.0,0.0,0.0,0.0,0.0,0.0,12.1,0.0,0.0,-7.65,0.0,2764.49,8500.0,63.81548,12500.0,0.0,3000.0,1000.0,0.0,0.0,0.0,0.0,0.0,0.0,0.0,2764.49,0.0,0.0,0.0,0.0,63.81548,0.0,0.0,63.81548,-63.81548,0.0,0.0,0.0,0.0,20997.664,0.0
89001,2025,1,0.0,0.0,29147.5,15298.28,-341451.62,0.0,0.0,33100.0,0.0,0.0,0.0,0.0,0.0,0.0,0.0,0.0,0.0,33100.0,0.0,0.0,15298.28,-12068073.0,8500.0,1.9461901e+06,0.0,0.0,0.0,0.0,0.0,0.0,0.0,0.0,2945.49,0.0,0.0,0.0,0.0,-1.2068073e+07,8500.0,1.94619e+06,1.94919e+06,0.0,3000.0,0.0,6000.0,0.0,0.0,0.0,0.0,0.0,0.0,-341451.62,0.0,0.0,0.0,0.0,0.0,0.0,0.0,0.0,0.0,0.0,0.0,0.0,0.0,21158.045,32688.849609375
89002,2025,1,-649.0,262.06,1612.81,806.41,10541.26,0.0,0.0,15750.0,0.0,476.39,0.0,0.0,0.0,0.0,0.0,0.0,649.0,15750.0,0.0,0.0,806.41,10541.26,3000.0,806.41,6041.26,0.0,0.0,0.0,0.0,0.0,0.0,0.0,152.85,0.0,0.0,1.6266,5.0,10541.264,3000.0,806.4067,4500.0,0.0,1500.0,0.0,0.0,6041.2637,262.06317,0.0,262.06317,0.0,262.06317,10541.264,0.0,0.0,0.0,0.0,649.0,0.0,0.0,649.0,-649.0,0.0,0.0,0.0,0.0,0.0,0.0
89003,2025,1,432276.7,70026.66,28274.61,14364.86,1.8493225e+06,0.0,0.0,15750.0,0.0,10000.0,17563.29,59097.3,1.8160095e+06,69215.14,0.0,0.0,0.0,1.8317594e+06,10147.19,363032.2,14364.86,1849474.75,2500.0,14364.86,1401333.25,0.0,0.0,0.0,0.0,0.0,0.0,0.0,3142.71,0.0,0.0,5828.875,-286.5625,1.8494748e+06,2500.0,14364.855,448141.53,432276.7,1500.0,0.0,0.0,1.4013332e+06,70026.664,0.0,70026.664,0.0,70026.664,1.8493226e+06,373179.38,0.0,59097.297,432276.7,0.0,0.0,0.0,0.0,432276.7,0.0,0.0,0.0,0.0,0.0,0.0
89004,2025,1,0.0,0.0,0.0,0.0,-3000.0,0.0,0.0,17750.0,0.0,0.0,0.0,0.0,0.0,0.0,0.0,0.0,0.0,17750.0,0.0,0.0,0.0,-4691.76,3000.0,750.68,0.0,0.0,0.0,0.0,0.0,0.0,0.0,0.0,0.0,0.0,0.0,0.0,0.0,-4691.7563,3000.0,750.68097,4500.0,0.0,1500.0,0.0,0.0,0.0,0.0,0.0,0.0,0.0,0.0,-3000.0,0.0,0.0,0.0,0.0,0.0,0.0,0.0,0.0,0.0,0.0,0.0,0.0,0.0,0.0,0.0
89005,2025,1,0.0,0.0,0.0,0.0,85.97,0.0,0.0,34700.0,0.0,85.97,0.0,0.0,0.0,0.0,0.0,0.0,0.0,34700.0,0.0,0.0,0.0,85.97,8500.0,0.0,0.0,0.0,0.0,0.0,0.0,0.0,0.0,0.0,0.0,0.0,0.0,-34.0,0.0,85.97079,8500.0,0.0,12500.0,0.0,3000.0,1000.0,0.0,0.0,0.0,0.0,0.0,0.0,0.0,85.97079,0.0,0.0,0.0,0.0,0.0,0.0,0.0,0.0,0.0,0.0,0.0,0.0,0.0,26649.82,0.0
89006,2025,1,0.0,0.0,1350.75,675.37,-604171.56,0.0,0.0,31500.0,0.0,0.0,0.0,0.0,0.0,0.0,0.0,0.0,0.0,31500.0,0.0,0.0,675.37,-10592636.0,8500.0,1.6954971e+06,0.0,0.0,0.0,0.0,0.0,0.0,0.0,0.0,128.01,0.0,0.0,0.0,0.0,-1.0592636e+07,8500.0,1.6954971e+06,1.7004971e+06,0.0,3000.0,2000.0,0.0,0.0,0.0,0.0,0.0,0.0,0.0,-604171.56,0.0,0.0,0.0,0.0,0.0,0.0,0.0,0.0,0.0,0.0,0.0,0.0,0.0,0.0,0.0
89007,2025,1,-2125.77,3052.25,11282.2,5641.1,72786.07,0.0,0.0,31500.0,0.0,3473.15,0.0,0.0,41286.07,4474.23,4474.23,0.0,0.0,72786.07,0.0,4474.23,5641.1,72786.07,5000.0,5641.1,62644.97,0.0,0.0,0.0,0.0,0.0,0.0,0.0,1069.23,2125.77,0.0,12.0,4.6174,72786.07,5000.0,5641.102,10141.102,0.0,3000.0,1500.0,0.0,62644.97,3052.2485,0.0,3052.2485,0.0,3052.2485,72786.07,4474.228,4474.228,0.0,0.0,0.0,0.0,2125.772,2125.772,-2125.772,0.0,0.0,0.0,0.0,0.0,0.0
89008,2025,1,198525.81,39179.92,35337.27,17739.72,1.00439275e+06,0.0,0.0,31500.0,0.0,10000.0,36094.38,22040.33,936798.3,74852.2,0.0,0.0,0.0,968298.3,0.0,176485.49,17739.72,1004463.81,5000.0,17739.72,785198.25,0.0,0.0,0.0,0.0,0.0,0.0,0.0,3335.48,0.0,0.0,11543.3125,-572.5469,1.0044638e+06,5000.0,17739.725,219265.55,198525.83,3000.0,0.0,0.0,785198.25,39179.914,0.0,39179.914,0.0,39179.914,1.0043927e+06,176485.5,0.0,22040.328,198525.83,0.0,0.0,0.0,0.0,198525.83,0.0,0.0,0.0,0.0,0.0,13878.8955078125
89009,2025,1,-10624.63,1108.11,4958.31,2479.16,32407.26,0.0,0.0,23625.0,0.0,1430.36,0.0,0.0,8782.27,878.23,0.0,878.23,6138.54,32407.26,0.0,878.23,2479.16,32407.27,3445.0,2479.16,22962.27,0.0,0.0,0.0,0.0,0.0,0.0,0.0,469.91,4486.09,0.0,6.0596,11.75,32407.266,3445.0,2479.1558,9445.0,0.0,3000.0,3000.0,0.0,22962.266,1108.1133,0.0,1108.1133,0.0,1108.1133,32407.266,878.22656,878.22656,0.0,0.0,6138.54,0.0,4486.09,10624.63,-10624.63,0.0,0.0,0.0,0.0,0.0,0.0
89010,2025,1,659.44,459.19,0.0,0.0,30344.36,0.0,9201.19,17750.0,0.0,1327.22,0.0,0.0,6594.36,659.44,0.0,0.0,0.0,24344.36,0.0,659.44,0.0,15143.17,3000.0,0.0,9983.73,0.0,0.0,0.0,0.0,0.0,0.0,0.0,0.0,0.0,0.0,9.25,2.0375,15143.171,3000.0,0.0,5159.4365,659.43634,1500.0,0.0,6000.0,9983.734,459.1867,0.0,459.1867,0.0,459.1867,30344.363,659.43634,0.0,0.0,659.43634,0.0,0.0,0.0,0.0,659.43634,0.0,0.0,0.0,9201.19,36775.28,21062.333984375
89011,2025,1,0.0,0.0,6781.6,3390.8,-568675.8,0.0,0.0,31500.0,0.0,0.0,0.0,0.0,0.0,0.0,0.0,0.0,0.0,31500.0,0.0,0.0,3390.8,-7734485.0,8500.0,1.2409084e+06,0.0,0.0,0.0,0.0,0.0,0.0,0.0,0.0,642.7,0.0,0.0,0.0,0.0,-7.734485e+06,8500.0,1.2409084e+06,1.2449084e+06,0.0,3000.0,1000.0,0.0,0.0,0.0,0.0,0.0,0.0,0.0,-568675.8,0.0,0.0,0.0,0.0,0.0,0.0,0.0,0.0,0.0,0.0,0.0,0.0,0.0,0.0,0.0
89012,2025,1,0.0,0.0,24743.41,12901.82,-339706.12,0.0,0.0,31500.0,0.0,0.0,0.0,0.0,0.0,0.0,0.0,0.0,0.0,31500.0,0.0,0.0,12901.82,-2084170.25,8500.0,346369.1,0.0,0.0,0.0,0.0,0.0,0.0,0.0,0.0,2244.48,0.0,0.0,0.0,0.0,-2.0841702e+06,8500.0,346369.06,349369.06,0.0,3000.0,0.0,0.0,0.0,0.0,0.0,0.0,0.0,0.0,-339706.12,0.0,0.0,0.0,0.0,0.0,0.0,0.0,0.0,0.0,0.0,0.0,0.0,0.0,0.0,33581.31640625
89013,2025,1,0.0,0.0,0.0,0.0,-308000.0,0.0,0.0,15750.0,0.0,0.0,0.0,0.0,0.0,0.0,0.0,0.0,0.0,15750.0,0.0,0.0,0.0,-9444600.0,3000.0,1.511136e+06,0.0,0.0,0.0,0.0,0.0,0.0,0.0,0.0,0.0,0.0,0.0,0.0,0.0,-9.4446e+06,3000.0,1.511136e+06,1.512636e+06,0.0,1500.0,0.0,0.0,0.0,0.0,0.0,0.0,0.0,0.0,-308000.0,0.0,0.0,0.0,0.0,0.0,0.0,0.0,0.0,0.0,0.0,0.0,0.0,0.0,0.0,0.0
89014,2025,1,0.0,0.0,0.0,0.0,6052.88,0.0,0.0,17750.0,0.0,639.54,0.0,0.0,0.0,0.0,0.0,0.0,0.0,17750.0,0.0,0.0,0.0,141.46,3000.0,0.0,0.0,0.0,0.0,0.0,0.0,0.0,0.0,0.0,0.0,0.0,0.0,0.0,0.0,141.4646,3000.0,0.0,4500.0,0.0,1500.0,0.0,5911.4175,0.0,0.0,0.0,0.0,0.0,0.0,6052.882,0.0,0.0,0.0,0.0,0.0,0.0,0.0,0.0,0.0,0.0,0.0,0.0,0.0,19857.63,5911.41748046875
89015,2025,1,21183.69,6854.68,26836.64,13418.32,176595.66,0.0,0.0,31500.0,0.0,8449.78,48.38,0.0,145047.28,21566.46,500.0,0.0,0.0,176547.28,0.0,21683.69,13418.32,176595.64,5000.0,13418.32,138693.62,0.0,0.0,0.0,0.0,0.0,0.0,0.0,2543.34,0.0,0.0,22.0,3.5181,176595.64,5000.0,13418.317,37902.008,21183.691,3000.0,300.0,0.0,138693.62,6854.681,0.0,6854.681,0.0,6854.681,176595.66,21683.691,500.0,0.0,21183.691,0.0,0.0,0.0,0.0,21183.691,0.0,0.0,0.0,0.0,0.0,0.0
89016,2025,1,-1533.28,1799.06,6756.38,3378.19,44159.35,0.0,0.0,23625.0,0.0,2017.97,0.0,0.0,20534.35,2124.12,1669.39,454.73,1002.67,44159.35,0.0,2124.12,3378.19,44159.35,2500.0,3378.19,36781.16,0.0,0.0,0.0,0.0,0.0,0.0,0.0,640.31,530.61,0.0,27.98,4.6176,44159.35,2500.0,3378.1902,7378.1904,0.0,3000.0,1000.0,0.0,36781.16,1799.058,0.0,1799.058,0.0,1799.058,44159.35,2124.122,2124.122,0.0,0.0,1002.6658,0.0,530.61206,1533.2778,-1533.2778,0.0,0.0,0.0,0.0,0.0,0.0
89017,2025,1,0.0,0.0,1668.88,834.44,-602084.7,0.0,0.0,31500.0,0.0,0.0,0.0,0.0,0.0,0.0,0.0,0.0,0.0,31500.0,0.0,0.0,834.44,-2082777.62,8500.0,334078.84,0.0,0.0,0.0,0.0,0.0,0.0,0.0,0.0,158.16,0.0,0.0,0.0,0.0,-2.0827776e+06,8500.0,334078.84,337078.84,0.0,3000.0,0.0,0.0,0.0,0.0,0.0,0.0,0.0,0.0,-602084.7,0.0,0.0,0.0,0.0,0.0,0.0,0.0,0.0,0.0,0.0,0.0,0.0,0.0,0.0,0.0
89018,2025,1,0.0,0.0,0.0,0.0,0.0,0.0,0.0,15750.0,0.0,0.0,0.0,0.0,0.0,0.0,0.0,0.0,0.0,15750.0,0.0,0.0,0.0,0.0,3000.0,0.0,0.0,0.0,0.0,0.0,0.0,0.0,0.0,0.0,0.0,0.0,0.0,-3.825,0.0,0.0,3000.0,0.0,4500.0,0.0,1500.0,0.0,0.0,0.0,0.0,0.0,0.0,0.0,0.0,0.0,0.0,0.0,0.0,0.0,0.0,0.0,0.0,0.0,0.0,0.0,0.0,0.0,0.0,11682.281,0.0
89019,2025,1,26694.51,9803.6,14297.46,7148.73,234515.19,0.0,0.0,31500.0,0.0,11345.76,12555.59,0.0,190459.58,15906.08,0.0,0.0,0.0,221959.58,0.0,26694.51,7148.73,234515.16,5000.0,7148.73,197671.92,0.0,0.0,0.0,0.0,0.0,0.0,0.0,1354.99,0.0,0.0,22.0039,3.5176,234515.16,5000.0,7148.728,36843.234,26694.508,3000.0,0.0,0.0,197671.92,9803.596,0.0,9803.596,0.0,9803.596,234515.17,26694.508,0.0,0.0,26694.508,0.0,0.0,0.0,0.0,26694.508,0.0,0.0,0.0,0.0,0.0,4497.89990234375
89020,2025,1,26278.38,5800.76,23912.4,12515.55,156549.69,0.0,0.0,15750.0,0.0,7637.48,1471.62,0.0,139328.06,26266.11,0.0,0.0,0.0,155078.06,0.0,26278.38,12515.55,157109.03,2500.0,12515.55,116815.1,0.0,0.0,0.0,0.0,0.0,0.0,0.0,2160.19,0.0,0.0,24.0,3.418,157109.03,2500.0,12515.553,40293.93,26278.377,1500.0,0.0,0.0,116815.1,5800.755,0.0,5800.755,0.0,5800.755,156549.69,26278.377,0.0,0.0,26278.377,0.0,0.0,0.0,0.0,26278.377,0.0,0.0,0.0,0.0,0.0,0.0
89021,2025,1,5.4832176e+07,8.220503e+06,578926.8,368652.16,2.1963642e+08,0.0,23444.24,34700.0,0.0,10000.0,1.0403345e+06,7.5928725e+06,2.1856138e+08,7.7658065e+06,0.0,0.0,0.0,2.1859608e+08,0.0,47239303.0,368652.16,219615488.0,5000.0,368652.16,164411664.0,0.0,0.0,0.0,0.0,0.0,0.0,0.0,326860.52,0.0,0.0,384960.0,-19242.0,2.1961549e+08,5000.0,368652.16,5.5203828e+07,5.4832176e+07,3000.0,0.0,12000.0,1.6441166e+08,8.220503e+06,0.0,8.220503e+06,0.0,8.220503e+06,2.1963642e+08,4.7239304e+07,0.0,7.5928725e+06,5.4832176e+07,0.0,0.0,0.0,0.0,5.4832176e+07,0.0,0.0,0.0,23444.242,27581.46,977505.0625
89022,2025,1,2844.34,2805.52,10479.66,5239.83,68494.48,0.0,0.0,23625.0,0.0,3234.72,0.0,0.0,44869.48,5044.34,2200.0,0.0,0.0,68494.48,0.0,5044.34,5239.83,68494.48,2500.0,5239.83,56910.31,0.0,0.0,0.0,0.0,0.0,0.0,0.0,993.17,0.0,0.0,12.0,4.0176,68494.48,2500.0,5239.8276,11584.165,2844.3374,3000.0,500.0,0.0,56910.312,2805.5156,0.0,2805.5156,0.0,2805.5156,68494.48,5044.3374,2200.0,0.0,2844.3374,0.0,0.0,0.0,0.0,2844.3374,0.0,0.0,0.0,0.0,0.0,0.0
89023,2025,1,-61.25,577.83,2579.05,1289.52,16856.52,0.0,0.0,15750.0,0.0,652.83,0.0,0.0,1106.53,110.65,0.0,0.0,171.91,16856.52,0.0,110.65,1289.52,16856.53,3000.0,1289.52,12356.53,0.0,0.0,0.0,0.0,0.0,0.0,0.0,244.42,0.0,0.0,17.65,5.0,16856.525,3000.0,1289.5242,4500.0,0.0,1500.0,0.0,0.0,12356.525,577.8263,0.0,577.8263,0.0,577.8263,16856.525,110.65254,0.0,0.0,110.65254,171.90582,0.0,0.0,171.90582,-61.25328,0.0,0.0,0.0,0.0,0.0,0.0
89024,2025,1,-11957.9,677.41,5377.92,2688.96,32149.79,0.0,0.0,31500.0,0.0,1254.1,0.0,0.0,649.79,64.98,64.98,0.0,7060.44,32149.79,0.0,64.98,2688.96,28598.25,7450.0,2688.96,15148.25,0.0,0.0,0.0,0.0,0.0,0.0,0.0,509.67,4897.47,0.0,6.0596,5.0,28598.246,7450.0,2688.9587,13450.0,0.0,3000.0,3000.0,0.0,15148.246,677.4123,0.0,677.4123,0.0,677.4123,32149.79,64.978905,64.97888,0.0,2.2888184e-05,7060.4365,0.0,4897.4688,11957.905,-11957.905,0.0,0.0,0.0,0.0,0.0,0.0
89025,2025,1,3032.62,5109.14,18332.66,9166.33,120181.79,0.0,0.0,31500.0,0.0,5629.09,0.0,0.0,88681.79,10132.62,7100.0,0.0,0.0,120181.79,0.0,10132.62,9166.33,120181.8,5000.0,9166.33,103782.84,0.0,0.0,0.0,0.0,0.0,0.0,0.0,1737.41,0.0,0.0,12.0,4.0176,120181.8,5000.0,9166.328,16398.95,3032.622,3000.0,1200.0,0.0,103782.84,5109.142,0.0,5109.142,0.0,5109.142,120181.79,10132.622,7100.0,0.0,3032.622,0.0,0.0,0.0,0.0,3032.622,0.0,0.0,0.0,0.0,0.0,0.0
89026,2025,1,0.0,0.0,0.0,0.0,-308000.0,0.0,0.0,15750.0,0.0,0.0,0.0,0.0,0.0,0.0,0.0,0.0,0.0,15750.0,0.0,0.0,0.0,-4367193.5,3000.0,698750.94,0.0,0.0,0.0,0.0,0.0,0.0,0.0,0.0,0.0,0.0,0.0,0.0,0.0,-4.3671935e+06,3000.0,698750.94,700250.94,0.0,1500.0,0.0,0.0,0.0,0.0,0.0,0.0,0.0,0.0,-308000.0,0.0,0.0,0.0,0.0,0.0,0.0,0.0,0.0,0.0,0.0,0.0,0.0,0.0,0.0,0.0
89027,2025,1,-363.25,4.97,726.49,363.25,4748.32,0.0,0.0,15750.0,0.0,476.39,0.0,0.0,0.0,0.0,0.0,0.0,363.25,15750.0,0.0,0.0,363.25,4748.32,3000.0,363.25,248.32,0.0,0.0,0.0,0.0,0.0,0.0,0.0,68.85,0.0,0.0,-7.65,2.0,4748.3174,3000.0,363.24628,4500.0,0.0,1500.0,0.0,0.0,248.31738,4.9663477,0.0,4.9663477,0.0,4.9663477,4748.3174,0.0,0.0,0.0,0.0,363.24628,0.0,0.0,363.24628,-363.24628,0.0,0.0,0.0,0.0,0.0,0.0
89028,2025,1,3711.93,1946.75,7446.55,3723.27,48670.25,0.0,0.0,15750.0,0.0,2243.51,0.0,0.0,32920.25,3711.93,0.0,0.0,0.0,48670.25,0.0,3711.93,3723.27,48670.25,2500.0,3723.27,39735.05,0.0,0.0,0.0,0.0,0.0,0.0,0.0,705.72,0.0,0.0,12.0,4.0176,48670.25,2500.0,3723.274,8935.204,3711.93,1500.0,0.0,0.0,39735.047,1946.7523,0.0,1946.7523,0.0,1946.7523,48670.25,3711.93,0.0,0.0,3711.93,0.0,0.0,0.0,0.0,3711.93,0.0,0.0,0.0,0.0,0.0,0.0
89029,2025,1,274025.84,42579.06,41586.2,22200.43,1.1553276e+06,0.0,0.0,34700.0,0.0,10000.0,35366.58,15687.68,1.085261e+06,177541.28,0.0,0.0,0.0,1.119961e+06,0.0,258338.17,22200.43,1152407.38,5000.0,22200.43,853181.12,0.0,0.0,0.0,0.0,0.0,0.0,0.0,10974.41,0.0,0.0,12413.344,-615.7812,1.1524074e+06,5000.0,22200.434,299226.28,274025.84,3000.0,0.0,2920.0972,853181.1,42579.055,0.0,42579.055,0.0,42579.055,1.1553276e+06,258338.17,0.0,15687.68,274025.84,0.0,0.0,0.0,0.0,274025.84,0.0,0.0,0.0,0.0,0.0,2920.09716796875
89030,2025,1,1.1651035e+06,136524.5,38786.46,32093.64,3.9204072e+06,0.0,0.0,23625.0,0.0,10000.0,108975.09,124705.56,3.7878072e+06,668194.56,0.0,0.0,0.0,3.8114322e+06,0.0,1040397.88,32093.64,3931787.25,2500.0,32093.64,2731290.0,0.0,0.0,0.0,0.0,0.0,0.0,0.0,3909.38,0.0,0.0,40360.0,-2012.7968,3.9317872e+06,2500.0,32093.645,1.2004971e+06,1.1651035e+06,3000.0,300.0,0.0,2.73129e+06,136524.5,0.0,136524.5,0.0,136524.5,3.9204072e+06,1.0403979e+06,0.0,124705.56,1.1651035e+06,0.0,0.0,0.0,0.0,1.1651035e+06,0.0,0.0,0.0,0.0,0.0,6318.7001953125
89031,2025,1,0.0,0.0,0.0,0.0,-144876.14,0.0,0.0,17750.0,0.0,0.0,0.0,0.0,0.0,0.0,0.0,0.0,0.0,17750.0,0.0,0.0,0.0,-2053427.75,3000.0,328548.44,0.0,0.0,0.0,0.0,0.0,0.0,0.0,0.0,0.0,0.0,0.0,0.0,0.0,-2.0534278e+06,3000.0,328548.44,330048.44,0.0,1500.0,0.0,0.0,0.0,0.0,0.0,0.0,0.0,0.0,-144876.14,0.0,0.0,0.0,0.0,0.0,0.0,0.0,0.0,0.0,0.0,0.0,0.0,0.0,0.0,0.0
89032,2025,1,0.0,0.0,0.0,0.0,121.51,0.0,0.0,34700.0,0.0,121.51,0.0,0.0,0.0,0.0,0.0,0.0,0.0,34700.0,0.0,0.0,0.0,121.51,8500.0,0.0,0.0,0.0,0.0,0.0,0.0,0.0,0.0,0.0,0.0,0.0,0.0,0.0,0.0,121.51015,8500.0,0.0,11500.0,0.0,3000.0,0.0,0.0,0.0,0.0,0.0,0.0,0.0,0.0,121.51015,0.0,0.0,0.0,0.0,0.0,0.0,0.0,0.0,0.0,0.0,0.0,0.0,0.0,24516.854,0.0
89033,2025,1,2795.71,2321.65,8989.6,4494.8,58828.77,0.0,0.0,31500.0,0.0,2561.44,0.0,0.0,27328.77,2795.71,0.0,0.0,0.0,58828.77,0.0,2795.71,4494.8,58828.77,5000.0,4494.8,48033.06,0.0,0.0,0.0,0.0,0.0,0.0,0.0,851.96,0.0,0.0,12.0005,4.4001,58828.773,5000.0,4494.802,10795.713,2795.7126,3000.0,0.0,0.0,48033.062,2321.653,0.0,2321.653,0.0,2321.653,58828.77,2795.7126,0.0,0.0,2795.7126,0.0,0.0,0.0,0.0,2795.7126,0.0,0.0,0.0,0.0,0.0,0.0
89034,2025,1,52385.92,10333.05,27178.62,13678.52,274936.28,0.0,0.0,15750.0,0.0,13556.82,5924.2,1834.86,253262.1,43884.17,0.0,0.0,0.0,269012.1,0.0,50551.06,13678.52,275025.5,2500.0,13678.52,207461.06,0.0,0.0,0.0,0.0,0.0,0.0,0.0,2581.9,0.0,0.0,1927.7382,-91.459,275025.5,2500.0,13678.518,67564.44,52385.918,1500.0,0.0,0.0,207461.06,10333.053,0.0,10333.053,0.0,10333.053,274936.28,50551.062,0.0,1834.8566,52385.918,0.0,0.0,0.0,0.0,52385.918,0.0,0.0,0.0,0.0,0.0,18967.736328125
89035,2025,1,166090.98,22958.82,67336.78,35612.15,680747.4,0.0,0.0,31500.0,0.0,10000.0,0.0,0.0,649247.4,165770.86,0.0,0.0,0.0,680747.4,0.0,166090.99,35612.15,665779.56,5000.0,35612.15,460776.44,0.0,0.0,0.0,0.0,0.0,0.0,0.0,13775.75,0.0,0.0,35.0,3.1309,665779.56,5000.0,35612.15,205003.12,166090.98,3000.0,300.0,0.0,460776.44,22958.822,0.0,22958.822,0.0,22958.822,680747.4,166090.98,0.0,0.0,166090.98,0.0,0.0,0.0,0.0,166090.98,0.0,0.0,0.0,0.0,0.0,0.0
89036,2025,1,3142.13,1755.99,6720.06,3360.03,43921.94,0.0,0.0,15750.0,0.0,2006.1,0.0,0.0,28171.93,3142.13,0.0,0.0,0.0,43921.94,0.0,3142.13,3360.03,43921.93,2500.0,3360.03,35919.77,0.0,0.0,0.0,0.0,0.0,0.0,0.0,636.87,0.0,0.0,12.0,4.0176,43921.934,2500.0,3360.0278,8002.16,3142.132,1500.0,0.0,0.0,35919.773,1755.9886,0.0,1755.9886,0.0,1755.9886,43921.934,3142.132,0.0,0.0,3142.132,0.0,0.0,0.0,0.0,3142.132,0.0,0.0,0.0,0.0,0.0,0.0
89037,2025,1,4.920283e+07,6.583294e+06,712851.44,445921.62,1.8130974e+08,0.0,0.0,31500.0,0.0,10000.0,1.1126154e+07,4.1117362e+06,1.701521e+08,2.4162572e+07,0.0,0.0,0.0,1.701836e+08,0.0,45091096.0,445921.62,181319232.0,5000.0,445921.62,131667480.0,0.0,0.0,0.0,0.0,0.0,0.0,0.0,411872.66,0.0,0.0,4.1167078e+06,-205830.0,1.8131923e+08,5000.0,445921.66,4.965175e+07,4.920283e+07,3000.0,0.0,0.0,1.3166748e+08,6.583294e+06,0.0,6.583294e+06,0.0,6.583294e+06,1.8130974e+08,4.5091096e+07,0.0,4.1117362e+06,4.920283e+07,0.0,0.0,0.0,0.0,4.920283e+07,0.0,0.0,0.0,0.0,0.0,104097.265625
89038,2025,1,1394.56,1723.44,6949.96,3474.98,45463.42,0.0,0.0,31500.0,0.0,1893.17,0.0,0.0,13963.42,1394.56,0.0,0.0,0.0,45463.42,0.0,1394.56,3474.98,45463.43,5000.0,3474.98,36068.86,0.0,0.0,0.0,0.0,0.0,0.0,0.0,658.66,0.0,0.0,10.0,4.5,45463.426,5000.0,3474.9817,9394.562,1394.5618,3000.0,0.0,0.0,36068.863,1723.4431,0.0,1723.4431,0.0,1723.4431,45463.42,1394.5618,0.0,0.0,1394.5618,0.0,0.0,0.0,0.0,1394.5618,0.0,0.0,0.0,0.0,0.0,0.0
89039,2025,1,8832.57,4717.56,14607.29,7303.64,115087.41,0.0,0.0,31500.0,0.0,5374.37,2851.77,0.0,80735.65,8832.57,0.0,0.0,0.0,112235.65,0.0,8832.57,7303.64,115087.42,5000.0,7303.64,95951.21,0.0,0.0,0.0,0.0,0.0,0.0,0.0,1384.35,0.0,0.0,12.0,4.0176,115087.42,5000.0,7303.643,19136.21,8832.568,3000.0,0.0,0.0,95951.21,4717.5605,0.0,4717.5605,0.0,4717.5605,115087.414,8832.568,0.0,0.0,8832.568,0.0,0.0,0.0,0.0,8832.568,0.0,0.0,0.0,0.0,0.0,2480.9375
89040,2025,1,0.0,0.0,0.0,0.0,21.79,0.0,0.0,34700.0,0.0,21.79,0.0,0.0,0.0,0.0,0.0,0.0,0.0,34700.0,0.0,0.0,0.0,21.79,8500.0,0.0,0.0,0.0,0.0,0.0,0.0,0.0,0.0,0.0,0.0,0.0,0.0,0.0,0.0,21.789927,8500.0,0.0,11500.0,0.0,3000.0,0.0,0.0,0.0,0.0,0.0,0.0,0.0,0.0,21.789927,0.0,0.0,0.0,0.0,0.0,0.0,0.0,0.0,0.0,0.0,0.0,0.0,0.0,35500.406,0.0
89041,2025,1,0.0,0.0,6724.07,3362.04,-568986.1,0.0,0.0,31500.0,0.0,0.0,0.0,0.0,0.0,0.0,0.0,0.0,0.0,31500.0,0.0,0.0,3362.04,-5754788.5,8500.0,924128.2,0.0,0.0,0.0,0.0,0.0,0.0,0.0,0.0,637.25,0.0,0.0,0.0,0.0,-5.7547885e+06,8500.0,924128.2,927128.2,0.0,3000.0,0.0,0.0,0.0,0.0,0.0,0.0,0.0,0.0,-568986.1,0.0,0.0,0.0,0.0,0.0,0.0,0.0,0.0,0.0,0.0,0.0,0.0,0.0,0.0,0.0
89042,2025,1,0.0,0.0,0.0,0.0,-542.4,0.0,0.0,17750.0,0.0,0.0,0.0,0.0,0.0,0.0,0.0,0.0,0.0,17750.0,0.0,0.0,0.0,-542.4,3000.0,86.78,0.0,0.0,0.0,0.0,0.0,0.0,0.0,0.0,0.0,0.0,0.0,0.0,0.0,-542.39954,3000.0,86.78393,4500.0,0.0,1500.0,0.0,0.0,0.0,0.0,0.0,0.0,0.0,0.0,-542.39954,0.0,0.0,0.0,0.0,0.0,0.0,0.0,0.0,0.0,0.0,0.0,0.0,0.0,20520.607,0.0
89043,2025,1,-228.87,530.34,2433.75,1216.88,15906.86,0.0,0.0,15750.0,0.0,605.34,0.0,0.0,156.86,15.69,0.0,0.0,244.56,15906.86,0.0,15.69,1216.88,15906.86,3000.0,1216.88,11406.86,0.0,0.0,0.0,0.0,0.0,0.0,0.0,230.65,0.0,0.0,17.65,5.0,15906.862,3000.0,1216.875,4500.0,0.0,1500.0,0.0,0.0,11406.862,530.34314,0.0,530.34314,0.0,530.34314,15906.862,15.686231,0.0,0.0,15.686231,244.55505,0.0,0.0,244.55505,-228.86882,0.0,0.0,0.0,0.0,0.0,0.0
89044,2025,1,0.0,0.0,0.0,0.0,-308000.0,0.0,0.0,23625.0,0.0,0.0,0.0,0.0,0.0,0.0,0.0,0.0,0.0,23625.0,0.0,0.0,0.0,-43964420.0,5200.0,7.034307e+06,0.0,0.0,0.0,0.0,0.0,0.0,0.0,0.0,0.0,0.0,0.0,0.0,0.0,-4.396442e+07,5200.0,7.034307e+06,7.038307e+06,0.0,3000.0,1000.0,0.0,0.0,0.0,0.0,0.0,0.0,0.0,-308000.0,0.0,0.0,0.0,0.0,0.0,0.0,0.0,0.0,0.0,0.0,0.0,0.0,0.0,0.0,0.0
89045,2025,1,585.48,785.97,3305.54,1652.77,21604.84,0.0,0.0,15750.0,0.0,890.24,0.0,0.0,5854.84,585.48,0.0,0.0,0.0,21604.84,0.0,585.48,1652.77,21604.84,3000.0,1652.77,16519.36,0.0,0.0,0.0,0.0,0.0,0.0,0.0,313.27,0.0,0.0,10.0,4.5,21604.844,3000.0,1652.7705,5085.4844,585.4844,1500.0,0.0,0.0,16519.36,785.96796,0.0,785.96796,0.0,785.96796,21604.844,585.4844,0.0,0.0,585.4844,0.0,0.0,0.0,0.0,585.4844,0.0,0.0,0.0,0.0,0.0,0.0
89046,2025,1,0.0,0.0,160.74,80.37,-611895.0,0.0,0.0,34700.0,0.0,0.0,0.0,0.0,0.0,0.0,0.0,0.0,0.0,34700.0,0.0,0.0,80.37,-2459987.0,8500.0,393678.28,0.0,0.0,0.0,0.0,0.0,0.0,0.0,0.0,15.23,0.0,0.0,0.0,0.0,-2.459987e+06,8500.0,393678.28,397678.28,0.0,3000.0,1000.0,0.0,0.0,0.0,0.0,0.0,0.0,0.0,-611895.0,0.0,0.0,0.0,0.0,0.0,0.0,0.0,0.0,0.0,0.0,0.0,0.0,0.0,58656.574,0.0
89047,2025,1,3492.46,2059.25,14221.45,7110.72,64691.82,0.0,0.0,31500.0,0.0,3491.11,0.0,0.0,33191.82,3492.46,0.0,0.0,0.0,64691.82,0.0,3492.46,7110.72,56388.14,5000.0,7110.72,42784.95,0.0,0.0,0.0,0.0,0.0,0.0,0.0,1347.78,0.0,0.0,12.0,4.0176,56388.14,5000.0,7110.725,13603.189,3492.4639,3000.0,0.0,0.0,42784.953,2059.2476,0.0,2059.2476,0.0,2059.2476,64691.816,3492.4639,0.0,0.0,3492.4639,0.0,0.0,0.0,0.0,3492.4639,0.0,0.0,0.0,0.0,0.0,0.0
89048,2025,1,0.0,0.0,0.0,0.0,0.0,0.0,0.0,17750.0,0.0,0.0,0.0,0.0,0.0,0.0,0.0,0.0,0.0,17750.0,0.0,0.0,0.0,0.0,3000.0,0.0,0.0,0.0,0.0,0.0,0.0,0.0,0.0,0.0,0.0,0.0,0.0,0.0,0.0,0.0,3000.0,0.0,4500.0,0.0,1500.0,0.0,0.0,0.0,0.0,0.0,0.0,0.0,0.0,0.0,0.0,0.0,0.0,0.0,0.0,0.0,0.0,0.0,0.0,0.0,0.0,0.0,0.0,22002.855,0.0
89049,2025,1,0.0,0.0,12235.52,6117.76,-531137.06,0.0,0.0,31500.0,0.0,0.0,0.0,0.0,0.0,0.0,0.0,0.0,0.0,31500.0,0.0,0.0,6117.76,-11410764.0,8500.0,1.83184e+06,0.0,0.0,0.0,0.0,0.0,0.0,0.0,0.0,1159.58,0.0,0.0,0.0,0.0,-1.1410764e+07,8500.0,1.83184e+06,1.83484e+06,0.0,3000.0,0.0,0.0,0.0,0.0,0.0,0.0,0.0,0.0,-531137.06,0.0,0.0,0.0,0.0,0.0,0.0,0.0,0.0,0.0,0.0,0.0,0.0,0.0,0.0,0.0
89050,2025,1,2358.66,1493.69,5721.13,2860.56,37393.0,0.0,0.0,15750.0,0.0,1679.65,0.0,0.0,21643.0,2358.66,0.0,0.0,0.0,37393.0,0.0,2358.66,2860.56,37393.0,2500.0,2860.56,30673.77,0.0,0.0,0.0,0.0,0.0,0.0,0.0,542.2,0.0,0.0,12.0,4.0175,37392.996,2500.0,2860.5642,6719.2236,2358.6594,1500.0,0.0,0.0,30673.773,1493.6887,0.0,1493.6887,0.0,1493.6887,37392.996,2358.6594,0.0,0.0,2358.6594,0.0,0.0,0.0,0.0,2358.6594,0.0,0.0,0.0,0.0,0.0,0.0
89051,2025,1,13528.54,4059.18,0.0,0.0,133374.33,0.0,27862.18,17750.0,0.0,6478.72,0.0,0.0,113126.79,3812.03,0.0,0.0,0.0,130876.79,0.0,13528.54,0.0,99512.15,2500.0,0.0,81983.6,0.0,0.0,0.0,0.0,0.0,0.0,0.0,0.0,0.0,0.0,14.3096,1.7847,99512.15,2500.0,0.0,17528.545,13528.545,1500.0,0.0,6000.0,81983.6,4059.1802,0.0,4059.1802,0.0,4059.1802,133374.33,13528.545,0.0,0.0,13528.545,0.0,0.0,0.0,0.0,13528.545,0.0,0.0,0.0,27862.182,32779.035,20945.966796875
89052,2025,1,0.0,0.0,0.0,0.0,10.1,0.0,0.0,17750.0,0.0,10.1,0.0,0.0,0.0,0.0,0.0,0.0,0.0,17750.0,0.0,0.0,0.0,10.1,3000.0,0.0,0.0,0.0,0.0,0.0,0.0,0.0,0.0,0.0,0.0,0.0,0.0,0.0,0.0,10.104614,3000.0,0.0,4500.0,0.0,1500.0,0.0,0.0,0.0,0.0,0.0,0.0,0.0,0.0,10.104614,0.0,0.0,0.0,0.0,0.0,0.0,0.0,0.0,0.0,0.0,0.0,0.0,0.0,23438.113,0.0
89053,2025,1,2358.66,1493.69,5721.13,2860.56,37393.0,0.0,0.0,15750.0,0.0,1679.65,0.0,0.0,21643.0,2358.66,0.0,0.0,0.0,37393.0,0.0,2358.66,2860.56,37393.0,2500.0,2860.56,30673.77,0.0,0.0,0.0,0.0,0.0,0.0,0.0,542.2,0.0,0.0,12.0,4.0175,37392.996,2500.0,2860.5642,6719.2236,2358.6594,1500.0,0.0,0.0,30673.773,1493.6887,0.0,1493.6887,0.0,1493.6887,37392.996,2358.6594,0.0,0.0,2358.6594,0.0,0.0,0.0,0.0,2358.6594,0.0,0.0,0.0,0.0,0.0,0.0
89054,2025,1,0.0,0.0,0.0,0.0,-542.4,0.0,0.0,17750.0,0.0,0.0,0.0,0.0,0.0,0.0,0.0,0.0,0.0,17750.0,0.0,0.0,0.0,-542.4,3000.0,86.78,0.0,0.0,0.0,0.0,0.0,0.0,0.0,0.0,0.0,0.0,0.0,0.0,0.0,-542.39954,3000.0,86.78393,4500.0,0.0,1500.0,0.0,0.0,0.0,0.0,0.0,0.0,0.0,0.0,-542.39954,0.0,0.0,0.0,0.0,0.0,0.0,0.0,0.0,0.0,0.0,0.0,0.0,0.0,26538.473,0.0
89055,2025,1,891.62,700.16,980.76,490.38,32734.36,0.0,6539.54,17750.0,0.0,1446.72,0.0,0.0,8984.36,891.62,0.0,0.0,0.0,26734.36,0.0,891.62,490.38,20194.82,3000.0,490.38,14803.2,0.0,0.0,0.0,0.0,0.0,0.0,0.0,92.95,0.0,0.0,18.5,4.075,20194.824,3000.0,490.38245,5391.622,891.6221,1500.0,0.0,6000.0,14803.202,700.1601,0.0,700.1601,0.0,700.1601,32734.36,891.6221,0.0,0.0,891.6221,0.0,0.0,0.0,0.0,891.6221,0.0,0.0,0.0,6539.535,20409.26,19665.935546875
89056,2025,1,10259.14,5555.92,19610.75,11673.82,135883.02,0.0,0.0,23625.0,0.0,6604.15,4915.78,0.0,107342.23,16840.82,6600.0,0.0,0.0,130967.23,0.0,16859.14,11673.82,137751.45,2500.0,11673.82,111918.49,0.0,0.0,0.0,0.0,0.0,0.0,0.0,1504.39,0.0,0.0,24.0,3.4175,137751.45,2500.0,11673.818,25832.959,10259.141,3000.0,900.0,0.0,111918.49,5555.925,0.0,5555.925,0.0,5555.925,135883.02,16859.14,6600.0,0.0,10259.141,0.0,0.0,0.0,0.0,10259.141,0.0,0.0,0.0,0.0,0.0,7400.90869140625
89057,2025,1,1406.21,1896.11,0.0,0.0,66278.94,0.0,16150.48,17750.0,0.0,3123.95,0.0,0.0,42528.94,1406.21,0.0,0.0,0.0,60278.94,0.0,1406.21,0.0,44128.46,2500.0,0.0,38722.24,0.0,0.0,0.0,0.0,0.0,0.0,0.0,0.0,0.0,0.0,6.0,2.2001,44128.457,2500.0,0.0,5406.2144,1406.2144,1500.0,0.0,6000.0,38722.242,1896.112,0.0,1896.112,0.0,1896.112,66278.94,1406.2144,0.0,0.0,1406.2144,0.0,0.0,0.0,0.0,1406.2144,0.0,0.0,0.0,16150.479,19000.562,14313.078125
89058,2025,1,-3554.84,0.0,7923.83,4088.2,-57162.03,0.0,0.0,31500.0,0.0,0.0,0.0,0.0,0.0,0.0,0.0,0.0,1854.84,31500.0,0.0,0.0,4088.2,-134786.61,8500.0,25654.06,0.0,0.0,0.0,0.0,0.0,0.0,0.0,0.0,727.02,1700.0,0.0,15.98,0.0,-134786.61,8500.0,25654.059,29654.059,0.0,3000.0,1000.0,0.0,0.0,0.0,0.0,0.0,0.0,0.0,-57162.03,0.0,0.0,0.0,0.0,1854.8447,0.0,1700.0,3554.8447,-3554.8447,0.0,0.0,0.0,0.0,0.0,0.0
89059,2025,1,5.4817104e+07,8.219545e+06,574101.8,366105.62,2.1959485e+08,0.0,18647.72,34700.0,0.0,10000.0,1.0398604e+06,7.592803e+06,2.1852029e+08,7.7510425e+06,0.0,0.0,0.0,2.1855498e+08,0.0,47224298.5,366105.62,219578704.0,5000.0,366105.62,164392496.0,0.0,0.0,0.0,0.0,0.0,0.0,0.0,326160.6,0.0,0.0,384780.0,-19234.5,2.195787e+08,5000.0,366105.62,5.518621e+07,5.4817104e+07,3000.0,0.0,12000.0,1.643925e+08,8.219545e+06,0.0,8.219545e+06,0.0,8.219545e+06,2.1959485e+08,4.72243e+07,0.0,7.5928035e+06,5.4817104e+07,0.0,0.0,0.0,0.0,5.4817104e+07,0.0,0.0,0.0,18647.725,21938.498,974685.6875
89060,2025,1,0.0,0.0,0.0,0.0,-308000.0,0.0,0.0,15750.0,0.0,0.0,0.0,0.0,0.0,0.0,0.0,0.0,0.0,15750.0,0.0,0.0,0.0,-9444600.0,3000.0,1.511136e+06,0.0,0.0,0.0,0.0,0.0,0.0,0.0,0.0,0.0,0.0,0.0,0.0,0.0,-9.4446e+06,3000.0,1.511136e+06,1.512636e+06,0.0,1500.0,0.0,0.0,0.0,0.0,0.0,0.0,0.0,0.0,-308000.0,0.0,0.0,0.0,0.0,0.0,0.0,0.0,0.0,0.0,0.0,0.0,0.0,0.0,0.0,0.0
89061,2025,1,3660.41,1973.51,7337.58,3668.79,49099.48,0.0,0.0,15750.0,0.0,2264.97,0.0,0.0,33349.48,3660.41,0.0,0.0,0.0,49099.48,0.0,3660.41,3668.79,49099.48,2500.0,3668.79,40270.28,0.0,0.0,0.0,0.0,0.0,0.0,0.0,695.39,0.0,0.0,12.0,4.0173,49099.477,2500.0,3668.7874,8829.199,3660.412,1500.0,0.0,0.0,40270.277,1973.5139,0.0,1973.5139,0.0,1973.5139,49099.477,3660.412,0.0,0.0,3660.412,0.0,0.0,0.0,0.0,3660.412,0.0,0.0,0.0,0.0,0.0,0.0
89062,2025,1,103449.46,19319.8,37125.6,19510.1,514555.53,0.0,0.0,31500.0,0.0,25347.78,4961.91,1110.99,478093.62,98123.03,0.0,0.0,0.0,509593.62,0.0,102338.47,19510.1,514555.5,5000.0,19510.1,387995.94,0.0,0.0,0.0,0.0,0.0,0.0,0.0,8571.97,0.0,0.0,1438.1016,-67.0215,514555.5,5000.0,19510.096,126559.555,103449.46,3000.0,600.0,0.0,387995.94,19319.797,0.0,19319.797,0.0,19319.797,514555.53,102338.47,0.0,1110.991,103449.46,0.0,0.0,0.0,0.0,103449.46,0.0,0.0,0.0,0.0,0.0,0.0
89063,2025,1,5643.54,3916.5,15880.56,7940.28,100841.31,0.0,0.0,31500.0,0.0,4662.07,0.0,0.0,69341.31,7843.54,2200.0,0.0,0.0,100841.31,0.0,7843.54,7940.28,97013.74,5000.0,7940.28,79929.92,0.0,0.0,0.0,0.0,0.0,0.0,0.0,1505.02,0.0,0.0,12.0,4.0171,97013.74,5000.0,7940.2793,17083.824,5643.545,3000.0,500.0,0.0,79929.92,3916.496,0.0,3916.496,0.0,3916.496,100841.31,7843.545,2200.0,0.0,5643.545,0.0,0.0,0.0,0.0,5643.545,0.0,0.0,0.0,0.0,0.0,0.0
89064,2025,1,4808.79,2313.97,8845.05,4422.52,57810.76,0.0,0.0,15750.0,0.0,2700.54,0.0,0.0,42060.76,4808.79,0.0,0.0,0.0,57810.76,0.0,4808.79,4422.52,57810.76,2500.0,4422.52,47079.45,0.0,0.0,0.0,0.0,0.0,0.0,0.0,838.26,0.0,0.0,12.0,4.0176,57810.76,2500.0,4422.523,10731.314,4808.7915,1500.0,0.0,0.0,47079.445,2313.9722,0.0,2313.9722,0.0,2313.9722,57810.76,4808.7915,0.0,0.0,4808.7915,0.0,0.0,0.0,0.0,4808.7915,0.0,0.0,0.0,0.0,0.0,0.0
89065,2025,1,-9875.28,482.76,3160.24,1580.12,20655.18,0.0,0.0,23625.0,0.0,843.15,0.0,0.0,0.0,0.0,0.0,0.0,7152.0,23625.0,0.0,0.0,1580.12,20655.18,5200.0,1580.12,10455.18,0.0,0.0,0.0,0.0,0.0,0.0,0.0,299.5,2723.28,0.0,-15.0,5.0,20655.18,5200.0,1580.1212,10200.0,0.0,3000.0,2000.0,0.0,10455.18,482.75897,0.0,482.75897,0.0,482.75897,20655.18,0.0,0.0,0.0,0.0,7152.0,0.0,2723.277,9875.277,-9875.277,0.0,0.0,0.0,0.0,0.0,0.0
89066,2025,1,2.6811696e+07,3.0852688e+06,805521.2,499893.8,8.901674e+07,0.0,0.0,31500.0,0.0,10000.0,6.3959985e+06,1.3967331e+06,8.258924e+07,1.9453646e+07,0.0,0.0,0.0,8.262074e+07,0.0,25414962.5,499893.8,89022168.0,5000.0,499893.8,61706976.0,0.0,0.0,0.0,0.0,0.0,0.0,0.0,477067.27,0.0,0.0,2.366552e+06,-118322.75,8.902217e+07,5000.0,499893.78,2.731519e+07,2.6811696e+07,3000.0,600.0,0.0,6.1706976e+07,3.0852688e+06,0.0,3.0852688e+06,0.0,3.0852688e+06,8.901674e+07,2.5414962e+07,0.0,1.3967331e+06,2.6811696e+07,0.0,0.0,0.0,0.0,2.6811696e+07,0.0,0.0,0.0,0.0,0.0,27632.767578125
89067,2025,1,0.0,0.0,0.0,0.0,557.67,0.0,0.0,17750.0,0.0,476.39,0.0,0.0,0.0,0.0,0.0,0.0,0.0,17750.0,0.0,0.0,0.0,557.67,3000.0,0.0,0.0,0.0,0.0,0.0,0.0,0.0,0.0,0.0,0.0,0.0,0.0,0.0,0.0,557.6701,3000.0,0.0,4500.0,0.0,1500.0,0.0,0.0,0.0,0.0,0.0,0.0,0.0,0.0,557.6701,0.0,0.0,0.0,0.0,0.0,0.0,0.0,0.0,0.0,0.0,0.0,0.0,0.0,2860.2996,0.0
89068,2025,1,1.3718481e+06,178552.95,83694.03,45883.22,5.025033e+06,0.0,19797.36,34700.0,0.0,10000.0,320860.25,86621.67,4.669473e+06,854001.75,0.0,0.0,0.0,4.704173e+06,0.0,1285226.5,45883.22,4993391.0,5000.0,45883.22,3572659.5,0.0,0.0,0.0,0.0,0.0,0.0,0.0,23736.03,0.0,0.0,118755.25,-5932.875,4.993391e+06,5000.0,45883.215,1.4207314e+06,1.3718481e+06,3000.0,0.0,12000.0,3.5726595e+06,178552.97,0.0,178552.97,0.0,178552.97,5.025033e+06,1.2852265e+06,0.0,86621.67,1.3718481e+06,0.0,0.0,0.0,0.0,1.3718481e+06,0.0,0.0,0.0,19797.361,23291.012,19732.33984375
89069,2025,1,99660.21,21505.5,32471.98,16546.36,550916.5,0.0,0.0,31500.0,0.0,24725.05,12261.9,6477.64,507154.6,69468.36,0.0,0.0,0.0,538654.6,0.0,93182.57,16546.36,550916.5,5000.0,16546.36,431709.94,0.0,0.0,0.0,0.0,0.0,0.0,0.0,5245.85,0.0,0.0,2966.8594,-143.4668,550916.5,5000.0,16546.363,119206.58,99660.21,3000.0,0.0,0.0,431709.94,21505.496,0.0,21505.496,0.0,21505.496,550916.5,93182.57,0.0,6477.637,99660.21,0.0,0.0,0.0,0.0,99660.21,0.0,0.0,0.0,0.0,0.0,170.368408203125
89070,2025,1,6.908919e+06,689302.2,453828.0,281090.66,2.0976774e+07,0.0,0.0,31500.0,0.0,10000.0,1.639483e+06,50139.78,1.9305792e+07,6.613571e+06,0.0,0.0,0.0,1.9337292e+07,0.0,6858779.03,281090.66,20980652.0,5000.0,281090.66,13787642.0,0.0,0.0,0.0,0.0,0.0,0.0,0.0,262415.84,0.0,0.0,606645.5,-30327.438,2.0980652e+07,5000.0,281090.66,7.1930095e+06,6.908919e+06,3000.0,0.0,0.0,1.3787642e+07,689302.1,0.0,689302.1,0.0,689302.1,2.0976774e+07,6.858779e+06,0.0,50139.773,6.908919e+06,0.0,0.0,0.0,0.0,6.908919e+06,0.0,0.0,0.0,0.0,0.0,299948.65625
89071,2025,1,61055.0,10277.01,30046.09,15308.4,284203.7,0.0,0.0,15750.0,0.0,14020.18,0.0,610.96,268453.7,58147.54,0.0,0.0,0.0,284203.7,0.0,60444.04,15308.4,284203.69,2500.0,15308.4,206340.28,0.0,0.0,0.0,0.0,0.0,0.0,0.0,4390.2,0.0,0.0,35.0,3.1328,284203.7,2500.0,15308.403,77863.41,61055.0,1500.0,0.0,0.0,206340.28,10277.014,0.0,10277.014,0.0,10277.014,284203.7,60444.04,0.0,610.9619,61055.0,0.0,0.0,0.0,0.0,61055.0,0.0,0.0,0.0,0.0,0.0,4712.8427734375
89072,2025,1,52354.3,13233.48,32058.05,16380.93,338904.9,0.0,0.0,31500.0,0.0,16571.73,300.95,349.56,307104.0,57281.05,6600.0,0.0,0.0,338604.0,0.0,58604.75,16380.93,338904.94,5000.0,16380.93,266269.69,0.0,0.0,0.0,0.0,0.0,0.0,0.0,5462.73,0.0,0.0,24.0,3.6826,338904.94,5000.0,16380.929,72635.234,52354.305,3000.0,900.0,0.0,266269.7,13233.484,0.0,13233.484,0.0,13233.484,338904.94,58604.746,6600.0,349.56006,52354.305,0.0,0.0,0.0,0.0,52354.305,0.0,0.0,0.0,0.0,0.0,0.0
89073,2025,1,7581.76,2337.26,2379.26,1189.63,83882.28,0.0,18755.39,17750.0,0.0,4004.11,0.0,0.0,60665.21,6127.65,0.0,0.0,0.0,78415.21,0.0,7581.76,1189.63,59126.88,2500.0,1189.63,47545.12,0.0,0.0,0.0,0.0,0.0,0.0,0.0,225.49,0.0,0.0,23.3203,3.834,59126.883,2500.0,1189.6315,11581.762,7581.7617,1500.0,0.0,6000.0,47545.12,2337.256,0.0,2337.256,0.0,2337.256,83882.27,7581.7617,0.0,0.0,7581.7617,0.0,0.0,0.0,0.0,7581.7617,0.0,0.0,0.0,18755.393,22065.168,38982.7734375
89074,2025,1,33675.82,10512.26,23458.68,12219.42,260550.31,0.0,0.0,31500.0,0.0,12647.52,11278.56,400.91,217771.77,25283.04,500.0,0.0,0.0,249271.77,0.0,33774.91,12219.42,261040.41,5000.0,12219.42,211845.16,0.0,0.0,0.0,0.0,0.0,0.0,0.0,2130.32,0.0,0.0,25.8008,3.3281,261040.4,5000.0,12219.421,49195.246,33675.824,3000.0,300.0,0.0,211845.16,10512.258,0.0,10512.258,0.0,10512.258,260550.31,33774.914,500.0,400.91187,33675.824,0.0,0.0,0.0,0.0,33675.824,0.0,0.0,0.0,0.0,0.0,0.0
89075,2025,1,1.6659708e+06,208021.9,95991.56,55692.17,5.887047e+06,0.0,0.0,31500.0,0.0,10000.0,318774.25,91443.08,5.536773e+06,1.1061265e+06,0.0,0.0,0.0,5.5682735e+06,0.0,1574527.59,55692.17,5887301.0,5000.0,55692.17,4162038.0,0.0,0.0,0.0,0.0,0.0,0.0,0.0,42238.24,0.0,0.0,117983.38,-5894.297,5.887301e+06,5000.0,55692.17,1.7252629e+06,1.6659708e+06,3000.0,600.0,0.0,4.162038e+06,208021.9,0.0,208021.9,0.0,208021.9,5.887047e+06,1.5745276e+06,0.0,91443.08,1.6659708e+06,0.0,0.0,0.0,0.0,1.6659708e+06,0.0,0.0,0.0,0.0,0.0,365.1017761230469
89076,2025,1,359.94,684.47,2960.46,1480.23,19349.39,0.0,0.0,15750.0,0.0,777.47,0.0,0.0,3599.39,359.94,0.0,0.0,0.0,19349.39,0.0,359.94,1480.23,19349.39,3000.0,1480.23,14489.45,0.0,0.0,0.0,0.0,0.0,0.0,0.0,280.57,0.0,0.0,10.0,4.5,19349.393,3000.0,1480.2285,4859.9395,359.93927,1500.0,0.0,0.0,14489.453,684.47266,0.0,684.47266,0.0,684.47266,19349.393,359.93927,0.0,0.0,359.93927,0.0,0.0,0.0,0.0,359.93927,0.0,0.0,0.0,0.0,0.0,0.0
89077,2025,1,9485.16,2242.09,2379.26,1189.63,92044.34,0.0,26917.46,17750.0,0.0,4412.22,0.0,0.0,69317.0,8031.05,0.0,0.0,0.0,87067.0,0.0,9485.16,1189.63,59126.88,2500.0,1189.63,45641.73,0.0,0.0,0.0,0.0,0.0,0.0,0.0,225.49,0.0,0.0,23.3203,3.834,59126.883,2500.0,1189.6315,13485.155,9485.155,1500.0,0.0,6000.0,45641.727,2242.0864,0.0,2242.0864,0.0,2242.0864,92044.34,9485.155,0.0,0.0,9485.155,0.0,0.0,0.0,0.0,9485.155,0.0,0.0,0.0,26917.463,31667.604,38982.7734375
89078,2025,1,1.7352856e+07,2.2909675e+06,99080.62,66817.0,6.3251388e+07,5317.6,13232.97,31500.0,0.0,10000.0,6.80674e+06,1.0694758e+06,5.6413148e+07,1.0973324e+07,0.0,0.0,0.0,5.644465e+07,0.0,16283379.5,66817.0,63243624.0,5000.0,66817.0,45820952.0,0.0,0.0,0.0,0.0,0.0,0.0,0.0,26725.91,0.0,0.0,2.51853e+06,-125921.5,6.3243624e+07,5000.0,66817.0,1.7422672e+07,1.7352856e+07,3000.0,0.0,0.0,4.582095e+07,2.2909675e+06,0.0,2.2909675e+06,0.0,2.2909675e+06,6.3251388e+07,1.628338e+07,0.0,1.0694758e+06,1.7352856e+07,0.0,0.0,0.0,0.0,1.7352856e+07,0.0,0.0,0.0,13232.973,15568.202,106940.6328125
89079,2025,1,-591.81,0.0,2827.06,1413.53,15478.66,0.0,0.0,31500.0,0.0,569.06,0.0,0.0,0.0,0.0,0.0,0.0,591.81,31500.0,0.0,0.0,1413.53,10975.74,8500.0,1413.53,0.0,0.0,0.0,0.0,0.0,0.0,0.0,0.0,267.92,0.0,0.0,7.65,0.0,10975.735,8500.0,1413.5304,11500.0,0.0,3000.0,0.0,0.0,0.0,0.0,0.0,0.0,0.0,0.0,15478.658,0.0,0.0,0.0,0.0,591.81445,0.0,0.0,591.81445,-591.81445,0.0,0.0,0.0,0.0,0.0,0.0
89080,2025,1,2060.31,1919.15,9564.14,4782.07,52103.1,0.0,0.0,31500.0,0.0,2447.47,0.0,0.0,20603.1,2060.31,0.0,0.0,0.0,52103.1,0.0,2060.31,4782.07,50043.3,5000.0,4782.07,39983.0,0.0,0.0,0.0,0.0,0.0,0.0,0.0,906.41,0.0,0.0,10.0002,4.4999,50043.305,5000.0,4782.0723,10060.31,2060.3098,3000.0,0.0,0.0,39982.996,1919.1498,0.0,1919.1498,0.0,1919.1498,52103.098,2060.3098,0.0,0.0,2060.3098,0.0,0.0,0.0,0.0,2060.3098,0.0,0.0,0.0,0.0,0.0,0.0
89081,2025,1,24845.45,8368.43,28277.53,14138.76,211552.73,0.0,0.0,31500.0,0.0,10201.65,549.88,0.0,179502.86,29088.65,4400.0,0.0,0.0,211002.86,0.0,29245.45,14138.76,211552.75,5000.0,14138.76,168968.53,0.0,0.0,0.0,0.0,0.0,0.0,0.0,3005.67,0.0,0.0,22.0,3.8223,211552.75,5000.0,14138.764,42584.22,24845.453,3000.0,600.0,0.0,168968.53,8368.427,0.0,8368.427,0.0,8368.427,211552.73,29245.453,4400.0,0.0,24845.453,0.0,0.0,0.0,0.0,24845.453,0.0,0.0,0.0,0.0,0.0,0.0
89082,2025,1,0.0,0.0,0.0,0.0,0.0,0.0,0.0,17750.0,0.0,0.0,0.0,0.0,0.0,0.0,0.0,0.0,0.0,17750.0,0.0,0.0,0.0,0.0,3000.0,0.0,0.0,0.0,0.0,0.0,0.0,0.0,0.0,0.0,0.0,0.0,0.0,0.0,0.0,0.0,3000.0,0.0,4500.0,0.0,1500.0,0.0,0.0,0.0,0.0,0.0,0.0,0.0,0.0,0.0,0.0,0.0,0.0,0.0,0.0,0.0,0.0,0.0,0.0,0.0,0.0,0.0,0.0,26538.473,0.0
89083,2025,1,5242.89,2792.79,0.0,0.0,87808.66,0.0,15909.96,17750.0,0.0,4200.43,0.0,0.0,64827.18,2771.31,0.0,0.0,0.0,82577.17,0.0,5242.89,0.0,65898.7,2500.0,0.0,56655.81,0.0,0.0,0.0,0.0,0.0,0.0,0.0,0.0,0.0,0.0,14.3101,1.7844,65898.7,2500.0,0.0,9242.891,5242.891,1500.0,0.0,6000.0,56655.812,2792.7905,0.0,2792.7905,0.0,2792.7905,87808.66,5242.891,0.0,0.0,5242.891,0.0,0.0,0.0,0.0,5242.891,0.0,0.0,0.0,15909.957,18717.596,29091.62109375
89084,2025,1,0.0,0.0,0.0,0.0,-613000.0,0.0,0.0,31500.0,0.0,0.0,0.0,0.0,0.0,0.0,0.0,0.0,0.0,31500.0,0.0,0.0,0.0,-20881136.0,8500.0,3.3409818e+06,0.0,0.0,0.0,0.0,0.0,0.0,0.0,0.0,0.0,0.0,0.0,0.0,0.0,-2.0881136e+07,8500.0,3.3409818e+06,3.3449818e+06,0.0,3000.0,1000.0,0.0,0.0,0.0,0.0,0.0,0.0,0.0,-613000.0,0.0,0.0,0.0,0.0,0.0,0.0,0.0,0.0,0.0,0.0,0.0,0.0,0.0,0.0,0.0
89085,2025,1,2.2377146e+07,3.0445752e+06,487567.84,364639.2,8.357016e+07,0.0,0.0,31500.0,0.0,10000.0,3.796402e+06,2.1796168e+06,7.974226e+07,9.337332e+06,0.0,0.0,0.0,7.977376e+07,0.0,20197530.0,364639.2,83638496.0,5000.0,364639.2,60893112.0,0.0,0.0,0.0,0.0,0.0,0.0,0.0,209533.16,0.0,0.0,1.4047101e+06,-70230.25,8.36385e+07,5000.0,364639.22,2.2745386e+07,2.2377146e+07,3000.0,600.0,0.0,6.089311e+07,3.0445755e+06,0.0,3.0445755e+06,0.0,3.0445755e+06,8.357016e+07,2.019753e+07,0.0,2.1796168e+06,2.2377146e+07,0.0,0.0,0.0,0.0,2.2377146e+07,0.0,0.0,0.0,0.0,0.0,22773.349609375
89086,2025,1,-1543.55,1722.32,6502.11,3251.05,42497.44,0.0,0.0,23625.0,0.0,1934.87,0.0,0.0,18872.44,1924.69,1924.69,0.0,1268.24,42497.44,0.0,1924.69,3251.05,42497.44,2500.0,3251.05,35246.38,0.0,0.0,0.0,0.0,0.0,0.0,0.0,616.21,275.31,0.0,27.98,4.6177,42497.438,2500.0,3251.054,7251.0537,0.0,3000.0,1000.0,0.0,35246.383,1722.3191,0.0,1722.3191,0.0,1722.3191,42497.438,1924.6925,1924.6925,0.0,0.0,1268.2395,0.0,275.3075,1543.547,-1543.547,0.0,0.0,0.0,0.0,0.0,0.0
89087,2025,1,-4264.1,1196.24,4921.99,2460.99,32169.85,0.0,0.0,23625.0,0.0,1418.49,0.0,0.0,8544.85,854.48,854.48,0.0,2918.59,32169.85,0.0,854.48,2460.99,32169.85,3445.0,2460.99,24724.85,0.0,0.0,0.0,0.0,0.0,0.0,0.0,466.46,1345.52,0.0,25.98,5.0,32169.85,3445.0,2460.9934,7445.0,0.0,3000.0,1000.0,0.0,24724.85,1196.2424,0.0,1196.2424,0.0,1196.2424,32169.85,854.485,854.485,0.0,0.0,2918.5881,0.0,1345.515,4264.103,-4264.103,0.0,0.0,0.0,0.0,0.0,0.0
89088,2025,1,9026.68,5294.32,19466.44,9733.22,129546.34,0.0,0.0,31500.0,0.0,6097.32,0.0,0.0,98046.34,11024.73,2200.0,0.0,0.0,129546.34,0.0,11226.68,9733.22,129546.34,5000.0,9733.22,107486.44,0.0,0.0,0.0,0.0,0.0,0.0,0.0,1844.86,0.0,0.0,27.0,3.2671,129546.336,5000.0,9733.218,22059.902,9026.684,3000.0,300.0,0.0,107486.44,5294.322,0.0,5294.322,0.0,5294.322,129546.336,11226.684,2200.0,0.0,9026.684,0.0,0.0,0.0,0.0,9026.684,0.0,0.0,0.0,0.0,0.0,0.0
89089,2025,1,3093.71,0.0,10838.86,5419.43,65422.62,0.0,0.0,31500.0,0.0,2891.13,0.0,0.0,33922.62,3593.71,500.0,0.0,0.0,65422.62,0.0,3593.71,5419.43,-45924.77,8500.0,12767.39,0.0,0.0,0.0,0.0,0.0,0.0,0.0,0.0,1027.21,0.0,0.0,12.0,0.0,-45924.766,8500.0,12767.392,19861.105,3093.714,3000.0,1000.0,0.0,0.0,0.0,0.0,0.0,0.0,0.0,65422.617,3593.714,500.0,0.0,3093.714,0.0,0.0,0.0,0.0,3093.714,0.0,0.0,0.0,0.0,0.0,0.0
89090,2025,1,1860.09,1322.66,5085.45,2542.72,33238.22,0.0,0.0,15750.0,0.0,1471.91,0.0,0.0,17488.22,1860.09,0.0,0.0,0.0,33238.22,0.0,1860.09,2542.72,33238.22,2625.0,2542.72,27253.13,0.0,0.0,0.0,0.0,0.0,0.0,0.0,481.95,0.0,0.0,12.0,4.4,33238.22,2625.0,2542.7236,5985.0864,1860.0863,1500.0,0.0,0.0,27253.133,1322.6566,0.0,1322.6566,0.0,1322.6566,33238.22,1860.0863,0.0,0.0,1860.0863,0.0,0.0,0.0,0.0,1860.0863,0.0,0.0,0.0,0.0,0.0,0.0
89091,2025,1,-4656.77,0.0,9470.21,4735.11,-551098.8,0.0,0.0,31500.0,0.0,0.0,0.0,0.0,0.0,0.0,0.0,0.0,2956.77,31500.0,0.0,0.0,4735.11,-2037737.62,8500.0,330773.12,0.0,0.0,0.0,0.0,0.0,0.0,0.0,0.0,897.5,1700.0,0.0,15.9805,0.0,-2.0377376e+06,8500.0,330773.12,334773.12,0.0,3000.0,1000.0,0.0,0.0,0.0,0.0,0.0,0.0,0.0,-551098.8,0.0,0.0,0.0,0.0,2956.7712,0.0,1700.0,4656.7715,-4656.7715,0.0,0.0,0.0,0.0,0.0,0.0
89092,2025,1,0.0,0.0,0.0,0.0,0.0,0.0,0.0,17750.0,0.0,0.0,0.0,0.0,0.0,0.0,0.0,0.0,0.0,17750.0,0.0,0.0,0.0,0.0,3000.0,0.0,0.0,0.0,0.0,0.0,0.0,0.0,0.0,0.0,0.0,0.0,0.0,0.0,0.0,0.0,3000.0,0.0,4500.0,0.0,1500.0,0.0,0.0,0.0,0.0,0.0,0.0,0.0,0.0,0.0,0.0,0.0,0.0,0.0,0.0,0.0,0.0,0.0,0.0,0.0,0.0,0.0,0.0,0.0,0.0
89093,2025,1,0.0,0.0,14290.18,9709.62,-522005.1,0.0,855.34,34700.0,0.0,0.0,0.0,0.0,0.0,0.0,0.0,0.0,0.0,34700.0,0.0,0.0,9709.62,-6740154.0,8500.0,1.0881342e+06,0.0,0.0,0.0,0.0,0.0,0.0,0.0,0.0,868.21,0.0,0.0,0.0,0.0,-6.740154e+06,8500.0,1.0881342e+06,1.0921342e+06,0.0,3000.0,1000.0,12000.0,0.0,0.0,0.0,0.0,0.0,0.0,-522005.06,0.0,0.0,0.0,0.0,0.0,0.0,0.0,0.0,0.0,0.0,0.0,0.0,855.3379,67421.35,16109.607421875
89094,2025,1,44283.36,12250.6,22216.69,11108.34,305003.6,0.0,0.0,31500.0,0.0,14870.18,16346.06,2090.14,257157.55,33172.99,0.0,0.0,0.0,288657.53,0.0,42193.22,11108.34,305003.59,5000.0,11108.34,246611.89,0.0,0.0,0.0,0.0,0.0,0.0,0.0,2105.5,0.0,0.0,25.8008,3.3271,305003.6,5000.0,11108.344,58391.7,44283.355,3000.0,0.0,0.0,246611.89,12250.595,0.0,12250.595,0.0,12250.595,305003.6,42193.22,0.0,2090.1365,44283.355,0.0,0.0,0.0,0.0,44283.355,0.0,0.0,0.0,0.0,0.0,13568.7451171875
89095,2025,1,19077.22,5361.62,15565.1,7782.55,136392.22,0.0,0.0,15750.0,0.0,6629.61,0.0,0.0,120642.22,13981.36,0.0,0.0,0.0,136392.22,0.0,19077.22,7782.55,136392.2,2500.0,7782.55,108032.43,0.0,0.0,0.0,0.0,0.0,0.0,0.0,1475.12,0.0,0.0,22.0,3.5176,136392.2,2500.0,7782.5513,28359.771,19077.22,1500.0,0.0,0.0,108032.43,5361.6216,0.0,5361.6216,0.0,5361.6216,136392.22,19077.22,0.0,0.0,19077.22,0.0,0.0,0.0,0.0,19077.22,0.0,0.0,0.0,0.0,0.0,0.0
89096,2025,1,0.0,0.0,585.22,292.61,876.77,0.0,0.0,34700.0,0.0,853.59,0.0,0.0,0.0,0.0,0.0,0.0,0.0,34700.0,0.0,0.0,292.61,-5452.5,8500.0,1165.01,0.0,0.0,0.0,0.0,0.0,0.0,0.0,0.0,55.46,0.0,0.0,0.0,0.0,-5452.5024,8500.0,1165.0123,11500.0,0.0,3000.0,0.0,0.0,0.0,0.0,0.0,0.0,0.0,0.0,876.77014,0.0,0.0,0.0,0.0,0.0,0.0,0.0,0.0,0.0,0.0,0.0,0.0,0.0,29639.855,0.0
89097,2025,1,110150.2,23964.19,37851.64,18925.82,612959.9,0.0,0.0,31500.0,0.0,10000.0,47650.22,4472.23,533809.6,88677.58,0.0,0.0,0.0,565309.6,0.0,105677.97,18925.82,612959.81,5000.0,18925.82,480883.78,0.0,0.0,0.0,0.0,0.0,0.0,0.0,3587.25,0.0,0.0,15280.077,-759.3867,612959.8,5000.0,18925.82,132076.03,110150.2,3000.0,0.0,0.0,480883.78,23964.19,0.0,23964.19,0.0,23964.19,612959.9,105677.97,0.0,4472.231,110150.2,0.0,0.0,0.0,0.0,110150.2,0.0,0.0,0.0,0.0,0.0,9622.119140625
89098,2025,1,7393.49,3886.84,14852.28,7426.14,97156.45,0.0,0.0,31500.0,0.0,4477.82,0.0,0.0,65656.44,7393.49,0.0,0.0,0.0,97156.45,0.0,7393.49,7426.14,97156.45,5000.0,7426.14,79336.82,0.0,0.0,0.0,0.0,0.0,0.0,0.0,1407.57,0.0,0.0,12.0,4.0176,97156.445,5000.0,7426.1377,17819.623,7393.486,3000.0,0.0,0.0,79336.82,3886.841,0.0,3886.841,0.0,3886.841,97156.445,7393.486,0.0,0.0,7393.486,0.0,0.0,0.0,0.0,7393.486,0.0,0.0,0.0,0.0,0.0,0.0
89099,2025,1,-133.1,0.0,266.2,133.1,-3306.83,0.0,0.0,31500.0,0.0,0.0,0.0,0.0,0.0,0.0,0.0,0.0,133.1,31500.0,0.0,0.0,133.1,-3306.83,8500.0,662.19,0.0,0.0,0.0,0.0,0.0,0.0,0.0,0.0,25.23,0.0,0.0,-7.65,0.0,-3306.8289,8500.0,662.1915,12500.0,0.0,3000.0,1000.0,0.0,0.0,0.0,0.0,0.0,0.0,0.0,-3306.829,0.0,0.0,0.0,0.0,133.09894,0.0,0.0,133.09894,-133.09894,0.0,0.0,0.0,0.0,0.0,0.0
89100,2025,1,6.202665e+06,841338.5,127463.52,92586.77,2.3146434e+07,0.0,33602.55,33100.0,0.0,10000.0,1.8273196e+06,490979.88,2.1286014e+07,3.2549758e+06,0.0,0.0,0.0,2.1319114e+07,0.0,5711685.0,92586.77,23126622.0,5000.0,92586.77,16828370.0,0.0,0.0,0.0,0.0,0.0,0.0,0.0,31168.41,0.0,0.0,676144.94,-33802.375,2.3126622e+07,5000.0,92586.77,6.298252e+06,6.202665e+06,3000.0,0.0,6000.0,1.682837e+07,841338.5,0.0,841338.5,0.0,841338.5,2.3146434e+07,5.711685e+06,0.0,490979.88,6.202665e+06,0.0,0.0,0.0,0.0,6.202665e+06,0.0,0.0,0.0,33602.547,39532.406,156375.703125
89101,2025,1,-3092.17,1453.73,5612.16,2806.08,36680.75,0.0,0.0,23625.0,0.0,1644.04,0.0,0.0,13055.75,1305.57,1305.57,0.0,2197.75,36680.75,0.0,1305.57,2806.08,36680.75,2500.0,2806.08,29874.67,0.0,0.0,0.0,0.0,0.0,0.0,0.0,531.87,894.43,0.0,25.98,4.6176,36680.75,2500.0,2806.0774,6806.077,0.0,3000.0,1000.0,0.0,29874.672,1453.7336,0.0,1453.7336,0.0,1453.7336,36680.75,1305.575,1305.575,0.0,0.0,2197.7463,0.0,894.42505,3092.1714,-3092.1714,0.0,0.0,0.0,0.0,0.0,0.0
89102,2025,1,0.0,0.0,0.0,0.0,-308000.0,0.0,0.0,15750.0,0.0,0.0,0.0,0.0,0.0,0.0,0.0,0.0,0.0,15750.0,0.0,0.0,0.0,-11205347.0,3000.0,1.7928555e+06,0.0,0.0,0.0,0.0,0.0,0.0,0.0,0.0,0.0,0.0,0.0,0.0,0.0,-1.1205347e+07,3000.0,1.7928555e+06,1.7943555e+06,0.0,1500.0,0.0,0.0,0.0,0.0,0.0,0.0,0.0,0.0,-308000.0,0.0,0.0,0.0,0.0,0.0,0.0,0.0,0.0,0.0,0.0,0.0,0.0,0.0,0.0,0.0
89103,2025,1,373330.03,45915.7,58420.42,32453.6,1.3310976e+06,0.0,0.0,31500.0,0.0,10000.0,53073.14,3609.18,1.2465245e+06,351420.0,0.0,0.0,0.0,1.2780245e+06,0.0,369720.85,32453.6,1331097.5,5000.0,32453.6,919913.88,0.0,0.0,0.0,0.0,0.0,0.0,0.0,20562.7,0.0,0.0,19674.0,-978.8281,1.3310975e+06,5000.0,32453.602,411183.62,373330.03,3000.0,2400.0,0.0,919913.9,45915.695,0.0,45915.695,0.0,45915.695,1.3310976e+06,369720.84,0.0,3609.1833,373330.03,0.0,0.0,0.0,0.0,373330.03,0.0,0.0,0.0,0.0,0.0,0.0
89104,2025,1,973.44,1533.05,6306.22,3153.11,41234.37,0.0,0.0,31500.0,0.0,1681.72,0.0,0.0,9734.37,973.44,0.0,0.0,0.0,41234.37,0.0,973.44,3153.11,41234.37,5000.0,3153.11,32260.93,0.0,0.0,0.0,0.0,0.0,0.0,0.0,597.65,0.0,0.0,10.0,4.5,41234.37,5000.0,3153.112,8973.4375,973.43713,3000.0,0.0,0.0,32260.934,1533.0466,0.0,1533.0466,0.0,1533.0466,41234.37,973.43713,0.0,0.0,973.43713,0.0,0.0,0.0,0.0,973.43713,0.0,0.0,0.0,0.0,0.0,0.0
89105,2025,1,-367.79,6.15,735.57,367.79,4807.67,0.0,0.0,15750.0,0.0,476.39,0.0,0.0,0.0,0.0,0.0,0.0,367.79,15750.0,0.0,0.0,367.79,4807.67,3000.0,367.79,307.67,0.0,0.0,0.0,0.0,0.0,0.0,0.0,69.71,0.0,0.0,-7.65,2.0,4807.6714,3000.0,367.78687,4500.0,0.0,1500.0,0.0,0.0,307.6714,6.1534276,0.0,6.1534276,0.0,6.1534276,4807.6714,0.0,0.0,0.0,0.0,367.78687,0.0,0.0,367.78687,-367.78687,0.0,0.0,0.0,0.0,0.0,0.0
89106,2025,1,1.0890645e+06,116352.65,120147.5,68299.93,3.5563798e+06,0.0,55390.93,34700.0,0.0,10000.0,136193.78,27195.24,3.385486e+06,926783.4,0.0,0.0,0.0,3.420186e+06,0.0,1061869.28,68299.93,3489017.25,5000.0,68299.93,2328653.0,0.0,0.0,0.0,0.0,0.0,0.0,0.0,46406.49,0.0,0.0,50428.75,-2516.5625,3.4890172e+06,5000.0,68299.93,1.1603644e+06,1.0890645e+06,3000.0,0.0,12000.0,2.328653e+06,116352.65,0.0,116352.65,0.0,116352.65,3.5563798e+06,1.0618692e+06,0.0,27195.234,1.0890645e+06,0.0,0.0,0.0,0.0,1.0890645e+06,0.0,0.0,0.0,55390.93,65165.797,34620.23828125
89107,2025,1,4.234016e+06,531955.9,130984.16,79262.25,1.5010394e+07,0.0,45688.49,34700.0,0.0,10000.0,1.418101e+06,211280.55,1.3557594e+07,2.9431625e+06,0.0,0.0,0.0,1.3592293e+07,0.0,4022735.25,79262.25,14956995.0,5000.0,79262.25,10640717.0,0.0,0.0,0.0,0.0,0.0,0.0,0.0,48847.41,0.0,0.0,524733.5,-26231.812,1.4956995e+07,5000.0,79262.25,4.316278e+06,4.234016e+06,3000.0,0.0,12000.0,1.0640717e+07,531955.9,0.0,531955.9,0.0,531955.9,1.5010394e+07,4.0227352e+06,0.0,211280.53,4.234016e+06,0.0,0.0,0.0,0.0,4.234016e+06,0.0,0.0,0.0,45688.49,53751.16,253117.0
89108,2025,1,0.0,0.0,0.0,0.0,-308000.0,0.0,0.0,17750.0,0.0,0.0,0.0,0.0,0.0,0.0,0.0,0.0,0.0,17750.0,0.0,0.0,0.0,-26739882.0,3000.0,4.278381e+06,0.0,0.0,0.0,0.0,0.0,0.0,0.0,0.0,0.0,0.0,0.0,0.0,0.0,-2.6739882e+07,3000.0,4.278381e+06,4.279881e+06,0.0,1500.0,0.0,0.0,0.0,0.0,0.0,0.0,0.0,0.0,-308000.0,0.0,0.0,0.0,0.0,0.0,0.0,0.0,0.0,0.0,0.0,0.0,0.0,0.0,7464.3604,0.0
89109,2025,1,22789.42,7230.06,26306.29,13153.14,185143.72,0.0,0.0,31500.0,0.0,8877.19,0.0,0.0,153643.72,20989.0,0.0,0.0,0.0,185143.72,0.0,22789.42,13153.14,185143.72,5000.0,13153.14,146201.16,0.0,0.0,0.0,0.0,0.0,0.0,0.0,2493.08,0.0,0.0,22.0,3.5176,185143.72,5000.0,13153.1455,38942.566,22789.422,3000.0,0.0,0.0,146201.16,7230.0576,0.0,7230.0576,0.0,7230.0576,185143.72,22789.422,0.0,0.0,22789.422,0.0,0.0,0.0,0.0,22789.422,0.0,0.0,0.0,0.0,0.0,0.0
89110,2025,1,0.0,0.0,86.22,43.11,6544.26,0.0,700.4,34700.0,0.0,1058.5,0.0,0.0,0.0,0.0,0.0,0.0,0.0,34700.0,0.0,0.0,43.11,5843.86,8500.0,43.11,0.0,0.0,0.0,0.0,0.0,0.0,0.0,0.0,8.17,0.0,0.0,0.0,0.0,5843.8623,8500.0,43.10831,11500.0,0.0,3000.0,0.0,0.0,0.0,0.0,0.0,0.0,0.0,0.0,6544.2646,0.0,0.0,0.0,0.0,0.0,0.0,0.0,0.0,0.0,0.0,0.0,0.0,700.40234,55113.887,0.0
89111,2025,1,7558.39,6165.96,11101.52,5550.76,141028.45,0.0,0.0,31500.0,0.0,6671.42,3044.0,0.0,106484.45,6090.72,0.0,0.0,0.0,137984.45,0.0,7558.39,5550.76,141028.45,5000.0,5550.76,124919.3,0.0,0.0,0.0,0.0,0.0,0.0,0.0,1052.11,0.0,0.0,27.0,3.2676,141028.45,5000.0,5550.761,16109.152,7558.3906,3000.0,0.0,0.0,124919.3,6165.965,0.0,6165.965,0.0,6165.965,141028.45,7558.3906,0.0,0.0,7558.3906,0.0,0.0,0.0,0.0,7558.3906,0.0,0.0,0.0,0.0,0.0,0.0
89112,2025,1,1.1707512e+06,162999.98,46982.32,25973.45,4.4729595e+06,0.0,0.0,34700.0,0.0,10000.0,307453.5,83212.31,4.130806e+06,658219.44,0.0,0.0,0.0,4.165506e+06,0.0,1087539.03,25973.45,4461324.5,5000.0,25973.45,3261599.75,0.0,0.0,0.0,0.0,0.0,0.0,0.0,14318.43,0.0,0.0,113794.99,-5684.8594,4.4613245e+06,5000.0,25973.451,1.1997248e+06,1.1707512e+06,3000.0,0.0,12000.0,3.2615998e+06,162999.98,0.0,162999.98,0.0,162999.98,4.4729595e+06,1.087539e+06,0.0,83212.31,1.1707512e+06,0.0,0.0,0.0,0.0,1.1707512e+06,0.0,0.0,0.0,0.0,0.0,50489.203125
89113,2025,1,66108.0,12407.66,28156.02,14139.55,330700.8,0.0,0.0,15750.0,0.0,16345.04,87.21,3616.81,314268.56,49134.36,0.0,0.0,0.0,330613.6,0.0,62491.19,14139.55,330700.81,2500.0,14139.55,248953.27,0.0,0.0,0.0,0.0,0.0,0.0,0.0,3221.35,0.0,0.0,58.3047,1.9678,330700.8,2500.0,14139.546,81747.55,66108.0,1500.0,0.0,0.0,248953.27,12407.663,0.0,12407.663,0.0,12407.663,330700.8,62491.19,0.0,3616.8052,66108.0,0.0,0.0,0.0,0.0,66108.0,0.0,0.0,0.0,0.0,0.0,21411.43359375
89114,2025,1,0.0,0.0,0.0,0.0,-257.64,0.0,0.0,17750.0,0.0,0.0,0.0,0.0,0.0,0.0,0.0,0.0,0.0,17750.0,0.0,0.0,0.0,-257.64,3000.0,41.22,0.0,0.0,0.0,0.0,0.0,0.0,0.0,0.0,0.0,0.0,0.0,0.0,0.0,-257.6398,3000.0,41.222366,4500.0,0.0,1500.0,0.0,0.0,0.0,0.0,0.0,0.0,0.0,0.0,-257.6398,0.0,0.0,0.0,0.0,0.0,0.0,0.0,0.0,0.0,0.0,0.0,0.0,0.0,13360.664,0.0
89115,2025,1,3048.95,2313.62,7616.93,3808.47,84614.44,0.0,24173.62,34700.0,0.0,3850.72,23.71,0.0,37890.73,3048.95,0.0,0.0,0.0,72590.74,0.0,3048.95,3808.47,58921.32,5000.0,3808.47,47872.37,0.0,0.0,0.0,0.0,0.0,0.0,0.0,721.87,0.0,0.0,12.0,4.3999,58921.32,5000.0,3808.4668,11048.954,3048.9539,3000.0,0.0,1519.4895,47872.367,2313.6184,0.0,2313.6184,0.0,2313.6184,84614.44,3048.9539,0.0,0.0,3048.9539,0.0,0.0,0.0,0.0,3048.9539,0.0,0.0,0.0,24173.62,28439.55,1519.489501953125
89116,2025,1,133534.08,24565.58,47418.93,24572.54,654018.25,0.0,0.0,31500.0,0.0,10000.0,20921.4,4086.97,601596.9,114133.95,0.0,0.0,0.0,633096.9,0.0,129447.1,24572.54,654018.25,5000.0,24572.54,492911.62,0.0,0.0,0.0,0.0,0.0,0.0,0.0,8132.16,0.0,0.0,8377.781,-414.0703,654018.25,5000.0,24572.537,161106.61,133534.08,3000.0,0.0,0.0,492911.62,24565.582,0.0,24565.582,0.0,24565.582,654018.25,129447.1,0.0,4086.969,133534.08,0.0,0.0,0.0,0.0,133534.08,0.0,0.0,0.0,0.0,0.0,65.43999481201172
89117,2025,1,0.0,0.0,18214.77,9107.38,-492617.25,0.0,0.0,31500.0,0.0,0.0,0.0,0.0,0.0,0.0,0.0,0.0,0.0,31500.0,0.0,0.0,9107.38,-859616.56,8500.0,146646.03,0.0,0.0,0.0,0.0,0.0,0.0,0.0,0.0,1726.24,0.0,0.0,0.0,0.0,-859616.56,8500.0,146646.03,149646.03,0.0,3000.0,0.0,0.0,0.0,0.0,0.0,0.0,0.0,0.0,-492617.25,0.0,0.0,0.0,0.0,0.0,0.0,0.0,0.0,0.0,0.0,0.0,0.0,0.0,0.0,0.0
89118,2025,1,4565.8,2961.01,12074.21,6983.06,76012.1,0.0,0.0,31500.0,0.0,3433.7,2488.77,0.0,42023.33,4565.8,0.0,0.0,0.0,73523.33,0.0,4565.8,6983.06,75369.09,5000.0,6983.06,60820.22,0.0,0.0,0.0,0.0,0.0,0.0,0.0,964.99,0.0,0.0,12.0,4.0173,75369.086,5000.0,6983.0645,14548.863,4565.7993,3000.0,0.0,0.0,60820.223,2961.0112,0.0,2961.0112,0.0,2961.0112,76012.1,4565.7993,0.0,0.0,4565.7993,0.0,0.0,0.0,0.0,4565.7993,0.0,0.0,0.0,0.0,0.0,0.0
89119,2025,1,3378.86,2535.86,10088.66,5044.33,63740.36,0.0,0.0,31500.0,0.0,2811.01,0.0,0.0,32240.36,3378.86,0.0,0.0,0.0,63740.36,0.0,3378.86,5044.33,63740.36,5000.0,5044.33,52317.17,0.0,0.0,0.0,0.0,0.0,0.0,0.0,956.11,0.0,0.0,12.0,4.0178,63740.355,5000.0,5044.33,11423.187,3378.8562,3000.0,0.0,0.0,52317.168,2535.8584,0.0,2535.8584,0.0,2535.8584,63740.36,3378.8562,0.0,0.0,3378.8562,0.0,0.0,0.0,0.0,3378.8562,0.0,0.0,0.0,0.0,0.0,0.0
89120,2025,1,0.0,0.0,0.0,0.0,-308000.0,0.0,0.0,15750.0,0.0,0.0,0.0,0.0,0.0,0.0,0.0,0.0,0.0,15750.0,0.0,0.0,0.0,-5334213.0,3000.0,853474.06,0.0,0.0,0.0,0.0,0.0,0.0,0.0,0.0,0.0,0.0,0.0,0.0,0.0,-5.334213e+06,3000.0,853474.06,854974.06,0.0,1500.0,0.0,0.0,0.0,0.0,0.0,0.0,0.0,0.0,-308000.0,0.0,0.0,0.0,0.0,0.0,0.0,0.0,0.0,0.0,0.0,0.0,0.0,0.0,0.0,0.0
89121,2025,1,-4351.95,0.0,1314.95,657.48,8594.45,0.0,0.0,23625.0,0.0,633.01,0.0,0.0,0.0,0.0,0.0,0.0,3437.78,23625.0,0.0,0.0,657.48,8594.45,5200.0,657.48,0.0,0.0,0.0,0.0,0.0,0.0,0.0,0.0,124.62,914.17,0.0,-55.0,0.0,8594.454,5200.0,657.4757,10200.0,0.0,3000.0,2000.0,0.0,0.0,0.0,0.0,0.0,0.0,0.0,8594.454,0.0,0.0,0.0,0.0,3437.7817,0.0,914.16815,4351.9497,-4351.9497,0.0,0.0,0.0,0.0,0.0,0.0
89122,2025,1,36492.82,9835.09,31174.45,15587.22,253381.78,0.0,0.0,31500.0,0.0,12289.09,0.0,128.51,221881.78,31483.58,0.0,0.0,0.0,253381.78,0.0,36364.32,15587.22,253381.78,5000.0,15587.22,198301.73,0.0,0.0,0.0,0.0,0.0,0.0,0.0,3182.4,0.0,0.0,25.8008,3.6035,253381.78,5000.0,15587.226,55080.05,36492.824,3000.0,0.0,0.0,198301.73,9835.087,0.0,9835.087,0.0,9835.087,253381.78,36364.316,0.0,128.50769,36492.824,0.0,0.0,0.0,0.0,36492.824,0.0,0.0,0.0,0.0,0.0,0.0
89123,2025,1,0.0,0.0,0.0,0.0,0.0,0.0,0.0,17750.0,0.0,0.0,0.0,0.0,0.0,0.0,0.0,0.0,0.0,17750.0,0.0,0.0,0.0,0.0,3000.0,0.0,0.0,0.0,0.0,0.0,0.0,0.0,0.0,0.0,0.0,0.0,0.0,0.0,0.0,0.0,3000.0,0.0,4500.0,0.0,1500.0,0.0,0.0,0.0,0.0,0.0,0.0,0.0,0.0,0.0,0.0,0.0,0.0,0.0,0.0,0.0,0.0,0.0,0.0,0.0,0.0,0.0,0.0,26478.203,0.0
89124,2025,1,0.0,0.0,0.0,0.0,-308000.0,0.0,0.0,15750.0,0.0,0.0,0.0,0.0,0.0,0.0,0.0,0.0,0.0,15750.0,0.0,0.0,0.0,-5334213.0,3000.0,853474.06,0.0,0.0,0.0,0.0,0.0,0.0,0.0,0.0,0.0,0.0,0.0,0.0,0.0,-5.334213e+06,3000.0,853474.06,854974.06,0.0,1500.0,0.0,0.0,0.0,0.0,0.0,0.0,0.0,0.0,-308000.0,0.0,0.0,0.0,0.0,0.0,0.0,0.0,0.0,0.0,0.0,0.0,0.0,0.0,0.0,0.0
89125,2025,1,-425.24,0.0,162.65,81.33,-6407.07,0.0,0.0,31500.0,0.0,0.0,0.0,0.0,0.0,0.0,0.0,0.0,425.24,31500.0,0.0,0.0,81.33,-33646.95,8500.0,5464.84,0.0,0.0,0.0,0.0,0.0,0.0,0.0,0.0,15.41,0.0,0.0,-40.0,0.0,-33646.945,8500.0,5464.838,13500.0,0.0,3000.0,2000.0,0.0,0.0,0.0,0.0,0.0,0.0,0.0,-6407.0654,0.0,0.0,0.0,0.0,425.236,0.0,0.0,425.236,-425.236,0.0,0.0,0.0,0.0,0.0,0.0
89126,2025,1,889695.6,118758.79,68624.34,37885.5,3.3559815e+06,0.0,37291.98,34700.0,0.0,10000.0,177396.1,57724.64,3.1438855e+06,531583.6,0.0,0.0,0.0,3.1785855e+06,0.0,831970.94,37885.5,3307356.75,5000.0,37885.5,2376775.75,0.0,0.0,0.0,0.0,0.0,0.0,0.0,18165.36,0.0,0.0,65673.44,-3278.836,3.3073568e+06,5000.0,37885.504,930581.06,889695.56,3000.0,0.0,12000.0,2.3767758e+06,118758.79,0.0,118758.79,0.0,118758.79,3.3559815e+06,831970.94,0.0,57724.645,889695.56,0.0,0.0,0.0,0.0,889695.56,0.0,0.0,0.0,37291.977,43872.91,60675.0390625
89127,2025,1,1.2579834e+06,165419.7,41636.01,27983.31,4.6058815e+06,0.0,0.0,34700.0,0.0,10000.0,314924.2,106849.8,4.2562575e+06,742022.8,0.0,0.0,0.0,4.2909575e+06,0.0,1151133.62,27983.31,4599560.5,5000.0,27983.31,3309994.0,0.0,0.0,0.0,0.0,0.0,0.0,0.0,5706.78,0.0,0.0,116558.88,-5823.078,4.5995605e+06,5000.0,27983.31,1.2895666e+06,1.2579834e+06,3000.0,600.0,12000.0,3.309994e+06,165419.7,0.0,165419.7,0.0,165419.7,4.6058815e+06,1.1511336e+06,0.0,106849.805,1.2579834e+06,0.0,0.0,0.0,0.0,1.2579834e+06,0.0,0.0,0.0,0.0,0.0,30837.119140625
89128,2025,1,0.0,0.0,731.17,365.59,-608221.1,0.0,0.0,31500.0,0.0,0.0,0.0,0.0,0.0,0.0,0.0,0.0,0.0,31500.0,0.0,0.0,365.59,-4888469.5,8500.0,782520.75,0.0,0.0,0.0,0.0,0.0,0.0,0.0,0.0,69.29,0.0,0.0,0.0,0.0,-4.8884695e+06,8500.0,782520.75,786520.75,0.0,3000.0,1000.0,0.0,0.0,0.0,0.0,0.0,0.0,0.0,-608221.1,0.0,0.0,0.0,0.0,0.0,0.0,0.0,0.0,0.0,0.0,0.0,0.0,0.0,0.0,0.0
89129,2025,1,0.0,0.0,0.0,0.0,159.54,0.0,0.0,17750.0,0.0,159.54,0.0,0.0,0.0,0.0,0.0,0.0,0.0,17750.0,0.0,0.0,0.0,159.54,3000.0,0.0,0.0,0.0,0.0,0.0,0.0,0.0,0.0,0.0,0.0,0.0,0.0,0.0,0.0,159.54446,3000.0,0.0,4500.0,0.0,1500.0,0.0,0.0,0.0,0.0,0.0,0.0,0.0,0.0,159.54446,0.0,0.0,0.0,0.0,0.0,0.0,0.0,0.0,0.0,0.0,0.0,0.0,0.0,33097.754,0.0
89130,2025,1,941.61,946.22,3850.41,1925.21,25166.08,0.0,0.0,15750.0,0.0,1068.3,0.0,0.0,9416.08,941.61,0.0,0.0,0.0,25166.08,0.0,941.61,1925.21,25166.08,3000.0,1925.21,19724.47,0.0,0.0,0.0,0.0,0.0,0.0,0.0,364.91,0.0,0.0,10.0,4.5,25166.082,3000.0,1925.2053,5441.6084,941.6082,1500.0,0.0,0.0,19724.473,946.22363,0.0,946.22363,0.0,946.22363,25166.082,941.6082,0.0,0.0,941.6082,0.0,0.0,0.0,0.0,941.6082,0.0,0.0,0.0,0.0,0.0,0.0
89131,2025,1,0.0,348.77,4102.56,2051.28,30825.33,0.0,6144.82,34700.0,0.0,1250.99,0.0,0.0,0.0,0.0,0.0,0.0,0.0,34700.0,0.0,0.0,2051.28,20075.34,8500.0,2051.28,8575.34,0.0,0.0,0.0,0.0,0.0,0.0,0.0,388.8,0.0,0.0,0.0,5.0,20075.344,8500.0,2051.279,11500.0,0.0,3000.0,0.0,0.0,8575.344,348.76718,0.0,348.76718,0.0,348.76718,30825.332,0.0,0.0,0.0,0.0,0.0,0.0,0.0,0.0,0.0,0.0,0.0,0.0,6144.825,38979.754,0.0
89132,2025,1,-4942.59,1031.91,4522.42,2261.21,29558.28,0.0,0.0,23625.0,0.0,1287.91,0.0,0.0,5933.28,593.33,593.33,0.0,3335.92,29558.28,0.0,593.33,2261.21,29558.28,4120.0,2261.21,21438.28,0.0,0.0,0.0,0.0,0.0,0.0,0.0,428.59,1606.67,0.0,25.9805,5.0,29558.275,4120.0,2261.208,8120.0,0.0,3000.0,1000.0,0.0,21438.275,1031.9138,0.0,1031.9138,0.0,1031.9138,29558.275,593.3275,593.3275,0.0,0.0,3335.9177,0.0,1606.6725,4942.5903,-4942.5903,0.0,0.0,0.0,0.0,0.0,0.0
89133,2025,1,1.483372e+07,1.6971364e+06,527558.6,342623.1,4.9115856e+07,0.0,0.0,34700.0,0.0,10000.0,5.424771e+06,375585.12,4.3656388e+07,1.2553677e+07,0.0,0.0,0.0,4.3691084e+07,0.0,14458135.38,342623.1,49123672.0,5000.0,342623.1,33944328.0,0.0,0.0,0.0,0.0,0.0,0.0,0.0,292076.57,0.0,0.0,2.0072018e+06,-100355.12,4.912367e+07,5000.0,342623.06,1.5179343e+07,1.483372e+07,3000.0,0.0,12000.0,3.394433e+07,1.6971364e+06,0.0,1.6971364e+06,0.0,1.6971364e+06,4.9115856e+07,1.4458135e+07,0.0,375585.12,1.483372e+07,0.0,0.0,0.0,0.0,1.483372e+07,0.0,0.0,0.0,0.0,0.0,106985.1640625
89134,2025,1,11858.45,5346.27,20480.41,10240.2,133924.0,0.0,0.0,31500.0,0.0,6316.2,0.0,0.0,102424.0,12352.38,500.0,0.0,0.0,133924.0,0.0,12358.45,10240.2,133924.0,5000.0,10240.2,108525.34,0.0,0.0,0.0,0.0,0.0,0.0,0.0,1940.95,0.0,0.0,22.0,3.5181,133924.0,5000.0,10240.204,25398.652,11858.447,3000.0,300.0,0.0,108525.34,5346.267,0.0,5346.267,0.0,5346.267,133924.0,12358.447,500.0,0.0,11858.447,0.0,0.0,0.0,0.0,11858.447,0.0,0.0,0.0,0.0,0.0,0.0
89135,2025,1,5003.43,3071.62,11686.9,5843.45,85891.45,0.0,9012.14,33100.0,0.0,3914.57,0.0,0.0,46791.44,5003.43,0.0,0.0,0.0,79891.44,0.0,5003.43,5843.45,76879.3,5000.0,5843.45,63032.42,0.0,0.0,0.0,0.0,0.0,0.0,0.0,1107.58,0.0,0.0,12.0,4.0173,76879.305,5000.0,5843.4517,13846.885,5003.4336,3000.0,0.0,0.0,63032.42,3071.621,0.0,3071.621,0.0,3071.621,85891.445,5003.4336,0.0,0.0,5003.4336,0.0,0.0,0.0,0.0,5003.4336,0.0,0.0,0.0,9012.141,10602.518,0.0
89136,2025,1,3.1116255e+06,384502.25,45361.02,28013.89,1.0828751e+07,0.0,0.0,15750.0,0.0,10000.0,1.3308819e+06,138402.83,9.482119e+06,2.3941862e+06,0.0,0.0,0.0,9.497869e+06,0.0,2973223.06,28013.89,10831985.0,2500.0,28013.89,7690845.0,0.0,0.0,0.0,0.0,0.0,0.0,0.0,10626.86,0.0,0.0,492463.25,-24618.25,1.0831985e+07,2500.0,28013.893,3.1411398e+06,3.1116258e+06,1500.0,0.0,0.0,7.690845e+06,384502.25,0.0,384502.25,0.0,384502.25,1.0828751e+07,2.973223e+06,0.0,138402.83,3.1116258e+06,0.0,0.0,0.0,0.0,3.1116258e+06,0.0,0.0,0.0,0.0,0.0,88787.625
89137,2025,1,-532.16,88.25,1064.31,532.16,6956.28,0.0,0.0,15750.0,0.0,476.39,0.0,0.0,0.0,0.0,0.0,0.0,532.16,15750.0,0.0,0.0,532.16,6956.28,3000.0,532.16,2456.28,0.0,0.0,0.0,0.0,0.0,0.0,0.0,100.87,0.0,0.0,-7.65,4.0,6956.2847,3000.0,532.15576,4500.0,0.0,1500.0,0.0,0.0,2456.2847,88.25139,0.0,88.25139,0.0,88.25139,6956.2847,0.0,0.0,0.0,0.0,532.15576,0.0,0.0,532.15576,-532.15576,0.0,0.0,0.0,0.0,0.0,0.0
89138,2025,1,0.0,0.0,0.0,0.0,-3005.23,0.0,0.0,17750.0,0.0,0.0,0.0,0.0,0.0,0.0,0.0,0.0,0.0,17750.0,0.0,0.0,0.0,-29837.21,3000.0,4773.95,0.0,0.0,0.0,0.0,0.0,0.0,0.0,0.0,0.0,0.0,0.0,0.0,0.0,-29837.205,3000.0,4773.9526,6273.9526,0.0,1500.0,0.0,0.0,0.0,0.0,0.0,0.0,0.0,0.0,-3005.228,0.0,0.0,0.0,0.0,0.0,0.0,0.0,0.0,0.0,0.0,0.0,0.0,0.0,17736.922,0.0
89139,2025,1,-10188.54,1386.62,5721.13,2860.56,37393.0,0.0,0.0,23625.0,0.0,1679.65,0.0,0.0,13768.0,1376.8,1376.8,0.0,5088.54,37393.0,0.0,1376.8,2860.56,37393.0,2500.0,2860.56,28532.43,0.0,0.0,0.0,0.0,0.0,0.0,0.0,542.2,5100.0,0.0,21.0605,4.6174,37392.996,2500.0,2860.5642,8860.564,0.0,3000.0,3000.0,0.0,28532.432,1386.6216,0.0,1386.6216,0.0,1386.6216,37392.996,1376.7996,1376.7996,0.0,0.0,5088.545,0.0,5100.0,10188.545,-10188.545,0.0,0.0,0.0,0.0,0.0,0.0
89140,2025,1,0.0,0.0,0.0,0.0,5534.29,0.0,0.0,17750.0,0.0,639.54,0.0,0.0,0.0,0.0,0.0,0.0,0.0,17750.0,0.0,0.0,0.0,134.88,3000.0,0.0,0.0,0.0,0.0,0.0,0.0,0.0,0.0,0.0,0.0,0.0,0.0,0.0,0.0,134.88306,3000.0,0.0,4500.0,0.0,1500.0,0.0,5399.405,0.0,0.0,0.0,0.0,0.0,0.0,5534.288,0.0,0.0,0.0,0.0,0.0,0.0,0.0,0.0,0.0,0.0,0.0,0.0,0.0,18130.213,5399.40478515625
89141,2025,1,2.715979e+06,418584.97,74189.86,59585.52,1.1135014e+07,0.0,0.0,31500.0,0.0,10000.0,370944.84,341382.47,1.073257e+07,585752.75,0.0,0.0,0.0,1.076407e+07,0.0,2374596.38,59585.52,11152164.0,5000.0,59585.52,8373299.5,0.0,0.0,0.0,0.0,0.0,0.0,0.0,14368.55,0.0,0.0,137286.5,-6859.4062,1.1152164e+07,5000.0,59585.516,2.7788645e+06,2.715979e+06,3000.0,300.0,0.0,8.3732995e+06,418584.97,0.0,418584.97,0.0,418584.97,1.1135015e+07,2.3745965e+06,0.0,341382.47,2.715979e+06,0.0,0.0,0.0,0.0,2.715979e+06,0.0,0.0,0.0,0.0,0.0,42323.90234375
89142,2025,1,-4657.13,0.0,10290.52,5145.26,-545735.4,0.0,0.0,31500.0,0.0,0.0,0.0,0.0,0.0,0.0,0.0,0.0,1257.13,31500.0,0.0,0.0,5145.26,-3036656.75,8500.0,491010.38,0.0,0.0,0.0,0.0,0.0,0.0,0.0,0.0,975.25,3400.0,0.0,21.0601,0.0,-3.0366568e+06,8500.0,491010.34,496010.34,0.0,3000.0,2000.0,0.0,0.0,0.0,0.0,0.0,0.0,0.0,-545735.4,0.0,0.0,0.0,0.0,1257.1289,0.0,3400.0,4657.129,-4657.129,0.0,0.0,0.0,0.0,0.0,0.0
89143,2025,1,28782.62,6101.48,25209.29,12604.64,165716.83,0.0,0.0,15750.0,0.0,8095.84,0.0,0.0,149966.83,28688.59,0.0,0.0,0.0,165716.83,0.0,28782.62,12604.64,165716.83,2500.0,12604.64,122829.56,0.0,0.0,0.0,0.0,0.0,0.0,0.0,2389.12,0.0,0.0,24.0,3.4175,165716.83,2500.0,12604.645,42887.266,28782.62,1500.0,0.0,0.0,122829.56,6101.478,0.0,6101.478,0.0,6101.478,165716.83,28782.62,0.0,0.0,28782.62,0.0,0.0,0.0,0.0,28782.62,0.0,0.0,0.0,0.0,0.0,0.0
89144,2025,1,99522.16,19397.07,54726.28,28729.26,520602.84,0.0,0.0,31500.0,0.0,25650.14,26321.23,810.24,462781.62,95619.98,0.0,0.0,0.0,494281.62,0.0,98711.92,28729.26,521392.91,5000.0,28729.26,389541.5,0.0,0.0,0.0,0.0,0.0,0.0,0.0,6483.31,0.0,0.0,8000.203,-395.2578,521392.9,5000.0,28729.254,131851.4,99522.16,3000.0,600.0,0.0,389541.5,19397.074,0.0,19397.074,0.0,19397.074,520602.84,98711.92,0.0,810.2378,99522.16,0.0,0.0,0.0,0.0,99522.16,0.0,0.0,0.0,0.0,0.0,0.0
89145,2025,1,7.487059e+06,1.0002792e+06,84713.25,76903.46,2.7559674e+07,0.0,9617.35,17750.0,0.0,10000.0,1.8658504e+06,685411.5,2.5676072e+07,3.6775065e+06,0.0,0.0,0.0,2.5693824e+07,0.0,6801647.75,76903.46,27571846.0,2500.0,76903.46,20006384.0,0.0,0.0,0.0,0.0,0.0,0.0,0.0,14998.49,0.0,0.0,690403.06,-34515.0,2.7571846e+07,2500.0,76903.45,7.565463e+06,7.4870595e+06,1500.0,0.0,6000.0,2.0006384e+07,1.0002792e+06,0.0,1.0002792e+06,0.0,1.0002792e+06,2.7559674e+07,6.801648e+06,0.0,685411.5,7.4870595e+06,0.0,0.0,0.0,0.0,7.4870595e+06,0.0,0.0,0.0,9617.35,11314.528,81572.90625
89146,2025,1,2521.66,1102.77,4540.58,2270.29,38751.32,0.0,9074.34,15750.0,0.0,1747.57,0.0,0.0,23001.32,2521.66,0.0,0.0,0.0,38751.32,0.0,2521.66,2270.29,29676.98,2800.0,2270.29,22855.32,0.0,0.0,0.0,0.0,0.0,0.0,0.0,430.32,0.0,0.0,22.2,3.89,29676.982,2800.0,2270.289,6821.658,2521.658,1500.0,0.0,0.0,22855.324,1102.7662,0.0,1102.7662,0.0,1102.7662,38751.316,2521.658,0.0,0.0,2521.658,0.0,0.0,0.0,0.0,2521.658,0.0,0.0,0.0,9074.335,19409.176,0.0
89147,2025,1,1.7729695e+06,228950.6,33644.0,18042.23,6.371814e+06,0.0,0.0,15750.0,0.0,10000.0,751267.25,85813.95,5.604797e+06,1.2828735e+06,0.0,0.0,0.0,5.620547e+06,0.0,1687155.5,18042.23,6372323.5,2500.0,18042.23,4579812.0,0.0,0.0,0.0,0.0,0.0,0.0,0.0,6106.41,0.0,0.0,278005.75,-13895.423,6.3723235e+06,2500.0,18042.232,1.7925118e+06,1.7729695e+06,1500.0,0.0,0.0,4.579812e+06,228950.6,0.0,228950.6,0.0,228950.6,6.371814e+06,1.6871555e+06,0.0,85813.95,1.7729695e+06,0.0,0.0,0.0,0.0,1.7729695e+06,0.0,0.0,0.0,0.0,0.0,34211.74609375
89148,2025,1,0.0,0.0,0.0,0.0,-3000.0,0.0,0.0,17750.0,0.0,0.0,0.0,0.0,0.0,0.0,0.0,0.0,0.0,17750.0,0.0,0.0,0.0,-29967.58,3000.0,4794.81,0.0,0.0,0.0,0.0,0.0,0.0,0.0,0.0,0.0,0.0,0.0,0.0,0.0,-29967.576,3000.0,4794.812,6294.812,0.0,1500.0,0.0,0.0,0.0,0.0,0.0,0.0,0.0,0.0,-3000.0,0.0,0.0,0.0,0.0,0.0,0.0,0.0,0.0,0.0,0.0,0.0,0.0,0.0,14648.82,0.0
89149,2025,1,0.0,0.0,0.0,0.0,0.0,0.0,0.0,15750.0,0.0,0.0,0.0,0.0,0.0,0.0,0.0,0.0,0.0,15750.0,0.0,0.0,0.0,0.0,3000.0,0.0,0.0,0.0,0.0,0.0,0.0,0.0,0.0,0.0,0.0,0.0,0.0,-3.825,0.0,0.0,3000.0,0.0,4500.0,0.0,1500.0,0.0,0.0,0.0,0.0,0.0,0.0,0.0,0.0,0.0,0.0,0.0,0.0,0.0,0.0,0.0,0.0,0.0,0.0,0.0,0.0,0.0,0.0,0.0,0.0
89150,2025,1,1.0729116e+06,113587.12,109616.98,64225.63,3.4140342e+06,0.0,0.0,31500.0,0.0,10000.0,131089.84,16308.03,3.2514445e+06,973670.2,0.0,0.0,0.0,3.2829448e+06,0.0,1056603.59,64225.63,3414079.75,5000.0,64225.63,2273342.5,0.0,0.0,0.0,0.0,0.0,0.0,0.0,52519.8,0.0,0.0,48540.125,-2422.125,3.4140798e+06,5000.0,64225.63,1.1407372e+06,1.0729116e+06,3000.0,600.0,0.0,2.2733425e+06,113587.125,0.0,113587.125,0.0,113587.125,3.4140342e+06,1.0566036e+06,0.0,16308.029,1.0729116e+06,0.0,0.0,0.0,0.0,1.0729116e+06,0.0,0.0,0.0,0.0,0.0,0.0
89151,2025,1,659920.0,105093.38,20181.99,10963.1,2.7770788e+06,0.0,0.0,31500.0,0.0,10000.0,238570.1,55621.36,2.5070088e+06,313290.28,0.0,0.0,0.0,2.5385088e+06,0.0,604298.62,10963.1,2777950.75,5000.0,10963.1,2103467.5,0.0,0.0,0.0,0.0,0.0,0.0,0.0,1747.37,0.0,0.0,88307.88,-4410.7656,2.7779508e+06,5000.0,10963.1045,674483.1,659920.0,3000.0,600.0,0.0,2.1034675e+06,105093.375,0.0,105093.375,0.0,105093.375,2.7770788e+06,604298.6,0.0,55621.355,659920.0,0.0,0.0,0.0,0.0,659920.0,0.0,0.0,0.0,0.0,0.0,0.0
89152,2025,1,1223.98,1750.81,0.0,0.0,61970.6,0.0,14930.51,17750.0,0.0,2908.53,365.45,0.0,37855.16,1223.98,0.0,0.0,0.0,55605.16,0.0,1223.98,0.0,41040.09,2500.0,0.0,35816.12,0.0,0.0,0.0,0.0,0.0,0.0,0.0,0.0,0.0,0.0,6.0,2.2,41040.094,2500.0,0.0,5223.9756,1223.9753,1500.0,0.0,6000.0,35816.117,1750.8059,0.0,1750.8059,0.0,1750.8059,61970.6,1223.9753,0.0,0.0,1223.9753,0.0,0.0,0.0,0.0,1223.9753,0.0,0.0,0.0,14930.51,17565.305,16291.3076171875
89153,2025,1,1518.21,1189.8,4649.55,2324.78,30389.23,0.0,0.0,15750.0,0.0,1329.46,0.0,0.0,14639.23,1518.21,0.0,0.0,0.0,30389.23,0.0,1518.21,2324.78,30389.23,2775.0,2324.78,24596.02,0.0,0.0,0.0,0.0,0.0,0.0,0.0,440.64,0.0,0.0,12.0,4.4,30389.23,2775.0,2324.7761,5793.2075,1518.2076,1500.0,0.0,0.0,24596.023,1189.8011,0.0,1189.8011,0.0,1189.8011,30389.23,1518.2076,0.0,0.0,1518.2076,0.0,0.0,0.0,0.0,1518.2076,0.0,0.0,0.0,0.0,0.0,0.0
89154,2025,1,2623.47,3811.08,14841.57,7420.79,94003.91,0.0,0.0,31500.0,0.0,4320.2,0.0,0.0,62503.9,7023.47,4400.0,0.0,0.0,94003.91,0.0,7023.47,7420.79,91865.91,5000.0,7420.79,77821.66,0.0,0.0,0.0,0.0,0.0,0.0,0.0,1406.55,0.0,0.0,12.0,4.0176,91865.914,5000.0,7420.7856,14044.254,2623.4688,3000.0,1000.0,0.0,77821.66,3811.0828,0.0,3811.0828,0.0,3811.0828,94003.91,7023.4688,4400.0,0.0,2623.4688,0.0,0.0,0.0,0.0,2623.4688,0.0,0.0,0.0,0.0,0.0,0.0
89155,2025,1,0.0,0.0,0.0,0.0,-13429.84,0.0,0.0,17750.0,0.0,0.0,0.0,0.0,0.0,0.0,0.0,0.0,0.0,17750.0,0.0,0.0,0.0,-605306.56,3000.0,96849.05,0.0,0.0,0.0,0.0,0.0,0.0,0.0,0.0,0.0,0.0,0.0,0.0,0.0,-605306.56,3000.0,96849.05,98349.05,0.0,1500.0,0.0,0.0,0.0,0.0,0.0,0.0,0.0,0.0,-13429.837,0.0,0.0,0.0,0.0,0.0,0.0,0.0,0.0,0.0,0.0,0.0,0.0,0.0,20250.922,0.0
89156,2025,1,0.0,0.0,0.0,0.0,7740.9,0.0,0.0,17750.0,0.0,639.54,0.0,0.0,0.0,0.0,0.0,0.0,0.0,17750.0,0.0,0.0,0.0,3819.35,3000.0,0.0,0.0,0.0,0.0,0.0,0.0,0.0,0.0,0.0,0.0,0.0,0.0,0.0,0.0,3819.351,3000.0,0.0,4500.0,0.0,1500.0,0.0,3921.5505,0.0,0.0,0.0,0.0,0.0,0.0,7740.9014,0.0,0.0,0.0,0.0,0.0,0.0,0.0,0.0,0.0,0.0,0.0,0.0,0.0,16731.73,3921.550537109375
89157,2025,1,0.0,0.0,0.0,0.0,-308000.0,0.0,0.0,17750.0,0.0,0.0,0.0,0.0,0.0,0.0,0.0,0.0,0.0,17750.0,0.0,0.0,0.0,-30862180.0,3000.0,4.9379485e+06,0.0,0.0,0.0,0.0,0.0,0.0,0.0,0.0,0.0,0.0,0.0,0.0,0.0,-3.086218e+07,3000.0,4.9379485e+06,4.9394485e+06,0.0,1500.0,0.0,0.0,0.0,0.0,0.0,0.0,0.0,0.0,-308000.0,0.0,0.0,0.0,0.0,0.0,0.0,0.0,0.0,0.0,0.0,0.0,0.0,0.0,15077.865,0.0
89158,2025,1,-408.02,423.51,2106.83,1053.41,13770.12,0.0,0.0,15750.0,0.0,498.51,0.0,0.0,0.0,0.0,0.0,0.0,408.02,15750.0,0.0,0.0,1053.41,13770.12,3000.0,1053.41,9270.12,0.0,0.0,0.0,0.0,0.0,0.0,0.0,199.67,0.0,0.0,7.65,5.0,13770.12,3000.0,1053.4142,4500.0,0.0,1500.0,0.0,0.0,9270.12,423.506,0.0,423.506,0.0,423.506,13770.12,0.0,0.0,0.0,0.0,408.0158,0.0,0.0,408.0158,-408.0158,0.0,0.0,0.0,0.0,0.0,0.0
89159,2025,1,0.0,0.0,0.0,0.0,20.21,0.0,0.0,17750.0,0.0,20.21,0.0,0.0,0.0,0.0,0.0,0.0,0.0,17750.0,0.0,0.0,0.0,20.21,3000.0,0.0,0.0,0.0,0.0,0.0,0.0,0.0,0.0,0.0,0.0,0.0,0.0,0.0,0.0,20.209229,3000.0,0.0,4500.0,0.0,1500.0,0.0,0.0,0.0,0.0,0.0,0.0,0.0,0.0,20.209229,0.0,0.0,0.0,0.0,0.0,0.0,0.0,0.0,0.0,0.0,0.0,0.0,0.0,25129.775,0.0
89160,2025,1,10070.93,4470.19,0.0,0.0,126946.12,0.0,16671.46,17750.0,0.0,6157.31,0.0,0.0,106312.89,1376.5,0.0,0.0,0.0,124062.89,0.0,10070.93,0.0,104274.66,2500.0,0.0,90203.73,0.0,0.0,0.0,0.0,0.0,0.0,0.0,0.0,0.0,0.0,14.3105,1.7847,104274.664,2500.0,0.0,14070.933,10070.933,1500.0,0.0,6000.0,90203.734,4470.1865,0.0,4470.1865,0.0,4470.1865,126946.125,10070.933,0.0,0.0,10070.933,0.0,0.0,0.0,0.0,10070.933,0.0,0.0,0.0,16671.46,19613.482,10973.359375
89161,2025,1,-55.69,3255.61,11712.06,5856.03,76568.28,0.0,0.0,31500.0,0.0,3491.22,0.0,0.0,45068.28,4931.19,4344.31,586.88,0.0,76568.28,0.0,4931.19,5856.03,76568.28,5000.0,5856.03,66712.25,0.0,0.0,0.0,0.0,0.0,0.0,0.0,1109.97,55.69,0.0,11.2334,4.6174,76568.28,5000.0,5856.0283,9856.028,0.0,3000.0,1000.0,0.0,66712.25,3255.6125,0.0,3255.6125,0.0,3255.6125,76568.28,4931.194,4931.194,0.0,0.0,0.0,0.0,55.686035,55.686035,-55.686035,0.0,0.0,0.0,0.0,0.0,0.0
89162,2025,1,621.1,801.99,3360.03,1680.01,21960.97,0.0,0.0,15750.0,0.0,908.05,0.0,0.0,6210.97,621.1,0.0,0.0,0.0,21960.97,0.0,621.1,1680.01,21960.97,3000.0,1680.01,16839.87,0.0,0.0,0.0,0.0,0.0,0.0,0.0,318.43,0.0,0.0,10.0,4.5,21960.967,3000.0,1680.0139,5121.0967,621.0967,1500.0,0.0,0.0,16839.871,801.9935,0.0,801.9935,0.0,801.9935,21960.967,621.0967,0.0,0.0,621.0967,0.0,0.0,0.0,0.0,621.0967,0.0,0.0,0.0,0.0,0.0,0.0
89163,2025,1,30377.12,5937.58,15383.48,7691.74,181791.88,0.0,16671.46,17750.0,0.0,8899.59,1025.75,0.0,163016.12,27720.88,0.0,0.0,0.0,180766.12,0.0,30377.12,7691.74,159120.41,2500.0,7691.74,119551.55,0.0,0.0,0.0,0.0,0.0,0.0,0.0,1457.91,0.0,0.0,24.0,3.4175,159120.4,2500.0,7691.7393,39568.86,30377.121,1500.0,0.0,6000.0,119551.55,5937.577,0.0,5937.577,0.0,5937.577,181791.88,30377.121,0.0,0.0,30377.121,0.0,0.0,0.0,0.0,30377.121,0.0,0.0,0.0,16671.46,19613.482,40030.0703125
89164,2025,1,0.0,0.0,0.0,0.0,2455.82,0.0,0.0,17750.0,0.0,476.39,0.0,0.0,0.0,0.0,0.0,0.0,0.0,17750.0,0.0,0.0,0.0,1129.24,3000.0,0.0,0.0,0.0,0.0,0.0,0.0,0.0,0.0,0.0,0.0,0.0,0.0,0.0,0.0,1129.2388,3000.0,0.0,4500.0,0.0,1500.0,0.0,1326.5779,0.0,0.0,0.0,0.0,0.0,0.0,2455.8167,0.0,0.0,0.0,0.0,0.0,0.0,0.0,0.0,0.0,0.0,0.0,0.0,0.0,0.0,1326.577880859375
89165,2025,1,77743.07,18037.71,37851.63,20768.63,462363.1,340.0,0.0,31500.0,0.0,22738.16,20062.24,5167.13,410800.84,53058.85,0.0,0.0,0.0,442300.84,0.0,72575.95,20768.63,463865.91,5000.0,20768.63,362354.19,0.0,0.0,0.0,0.0,0.0,0.0,0.0,3237.95,0.0,0.0,1774.8672,-84.123,463865.9,5000.0,20768.629,101511.7,77743.07,3000.0,0.0,0.0,362354.2,18037.709,0.0,18037.709,0.0,18037.709,462363.1,72575.945,0.0,5167.126,77743.07,0.0,0.0,0.0,0.0,77743.07,0.0,0.0,0.0,0.0,0.0,2427.697265625
89166,2025,1,56706.74,8879.78,28557.49,14387.82,267487.94,0.0,16497.8,15750.0,0.0,13184.4,0.0,366.51,251737.94,55211.78,0.0,0.0,0.0,267487.94,0.0,56340.23,14387.82,250990.12,2500.0,14387.82,178395.56,0.0,0.0,0.0,0.0,0.0,0.0,0.0,3469.62,0.0,0.0,32.0,3.2822,250990.12,2500.0,14387.823,72594.56,56706.74,1500.0,0.0,0.0,178395.56,8879.778,0.0,8879.778,0.0,8879.778,267487.94,56340.23,0.0,366.50867,56706.74,0.0,0.0,0.0,0.0,56706.74,0.0,0.0,0.0,16497.8,19409.176,17105.873046875
89167,2025,1,-7312.98,0.0,2479.2,1239.6,-217271.77,0.0,0.0,31500.0,0.0,0.0,0.0,0.0,0.0,0.0,0.0,0.0,5591.26,31500.0,0.0,0.0,1239.6,-289712.16,8500.0,47593.54,0.0,0.0,0.0,0.0,0.0,0.0,0.0,0.0,234.96,1721.72,0.0,-54.999,0.0,-289712.16,8500.0,47593.547,52593.547,0.0,3000.0,2000.0,0.0,0.0,0.0,0.0,0.0,0.0,0.0,-217271.75,0.0,0.0,0.0,0.0,5591.261,0.0,1721.7229,7312.9844,-7312.9844,0.0,0.0,0.0,0.0,0.0,0.0
89168,2025,1,0.0,0.0,0.0,0.0,0.0,0.0,0.0,17750.0,0.0,0.0,0.0,0.0,0.0,0.0,0.0,0.0,0.0,17750.0,0.0,0.0,0.0,0.0,3000.0,0.0,0.0,0.0,0.0,0.0,0.0,0.0,0.0,0.0,0.0,0.0,0.0,0.0,0.0,0.0,3000.0,0.0,4500.0,0.0,1500.0,0.0,0.0,0.0,0.0,0.0,0.0,0.0,0.0,0.0,0.0,0.0,0.0,0.0,0.0,0.0,0.0,0.0,0.0,0.0,0.0,0.0,0.0,28647.943,0.0
89169,2025,1,-9732.83,435.28,3014.94,1507.47,19705.52,0.0,0.0,23625.0,0.0,795.28,0.0,0.0,0.0,0.0,0.0,0.0,7152.0,23625.0,0.0,0.0,1507.47,19705.52,5200.0,1507.47,9505.52,0.0,0.0,0.0,0.0,0.0,0.0,0.0,285.73,2580.83,0.0,-15.0,5.0,19705.516,5200.0,1507.4719,10200.0,0.0,3000.0,2000.0,0.0,9505.516,435.2758,0.0,435.2758,0.0,435.2758,19705.516,0.0,0.0,0.0,0.0,7152.0,0.0,2580.8274,9732.827,-9732.827,0.0,0.0,0.0,0.0,0.0,0.0
89170,2025,1,64634.8,16768.05,21503.96,10835.62,415347.72,0.0,0.0,31500.0,0.0,20387.39,40190.32,2822.78,343657.4,51212.41,0.0,0.0,0.0,375157.4,0.0,61812.02,10835.62,415431.34,5000.0,10835.62,336960.94,0.0,0.0,0.0,0.0,0.0,0.0,0.0,2022.1,0.0,0.0,24.0,3.418,415431.34,5000.0,10835.625,78470.42,64634.793,3000.0,0.0,0.0,336960.94,16768.047,0.0,16768.047,0.0,16768.047,415347.72,61812.016,0.0,2822.7783,64634.793,0.0,0.0,0.0,0.0,64634.793,0.0,0.0,0.0,0.0,0.0,657.1102905273438
89171,2025,1,414241.9,64876.3,797.33,398.66,1.7334668e+06,0.0,10898.97,17750.0,0.0,10000.0,133679.2,38361.46,1.5820375e+06,179373.88,0.0,0.0,0.0,1.5997875e+06,0.0,375880.45,398.66,1716567.75,2500.0,398.66,1298325.88,0.0,0.0,0.0,0.0,0.0,0.0,0.0,75.56,0.0,0.0,48961.44,-2443.0742,1.7165678e+06,2500.0,398.66278,418241.9,414241.9,1500.0,0.0,6000.0,1.2983259e+06,64876.293,0.0,64876.293,0.0,64876.293,1.7334668e+06,375880.44,0.0,38361.465,414241.9,0.0,0.0,0.0,0.0,414241.9,0.0,0.0,0.0,10898.968,12822.314,39448.23828125
89172,2025,1,704.19,839.39,3487.16,1743.58,22791.92,0.0,0.0,15750.0,0.0,949.6,0.0,0.0,7041.92,704.19,0.0,0.0,0.0,22791.92,0.0,704.19,1743.58,22791.92,3000.0,1743.58,17587.73,0.0,0.0,0.0,0.0,0.0,0.0,0.0,330.48,0.0,0.0,10.0,4.5,22791.922,3000.0,1743.582,5204.1924,704.1922,1500.0,0.0,0.0,17587.73,839.38654,0.0,839.38654,0.0,839.38654,22791.922,704.1922,0.0,0.0,704.1922,0.0,0.0,0.0,0.0,704.1922,0.0,0.0,0.0,0.0,0.0,0.0
89173,2025,1,0.0,0.0,0.0,0.0,-259937.73,0.0,0.0,15750.0,0.0,0.0,0.0,0.0,0.0,0.0,0.0,0.0,0.0,15750.0,0.0,0.0,0.0,-284369.59,3000.0,45499.14,0.0,0.0,0.0,0.0,0.0,0.0,0.0,0.0,0.0,0.0,0.0,0.0,0.0,-284369.6,3000.0,45499.133,46999.133,0.0,1500.0,0.0,0.0,0.0,0.0,0.0,0.0,0.0,0.0,-259937.73,0.0,0.0,0.0,0.0,0.0,0.0,0.0,0.0,0.0,0.0,0.0,0.0,0.0,0.0,0.0
89174,2025,1,2.2390726e+07,2.8813065e+06,97951.05,81648.47,8.0137464e+07,0.0,52890.2,33100.0,0.0,10000.0,1.0418186e+07,1.0442224e+06,6.968618e+07,1.6215393e+07,0.0,0.0,0.0,6.971928e+07,0.0,21346503.0,81648.47,80103104.0,5000.0,81648.47,57627728.0,0.0,0.0,0.0,0.0,0.0,0.0,0.0,21694.44,0.0,0.0,3.854766e+06,-192733.77,8.01031e+07,5000.0,81648.47,2.2475374e+07,2.2390726e+07,3000.0,0.0,6000.0,5.762773e+07,2.8813065e+06,0.0,2.8813065e+06,0.0,2.8813065e+06,8.0137464e+07,2.1346504e+07,0.0,1.0442224e+06,2.2390726e+07,0.0,0.0,0.0,0.0,2.2390726e+07,0.0,0.0,0.0,52890.207,62223.773,142782.140625
89175,2025,1,400219.44,52350.69,52264.62,28582.25,1.4805575e+06,0.0,0.0,31500.0,0.0,10000.0,107996.61,6801.97,1.3410608e+06,361843.88,0.0,0.0,0.0,1.3725608e+06,0.0,393417.46,28582.25,1480715.5,5000.0,28582.25,1048613.75,0.0,0.0,0.0,0.0,0.0,0.0,0.0,15436.23,0.0,0.0,39995.75,-1994.914,1.4807155e+06,5000.0,28582.252,432101.7,400219.44,3000.0,300.0,0.0,1.0486138e+06,52350.688,0.0,52350.688,0.0,52350.688,1.4805574e+06,393417.47,0.0,6801.9673,400219.44,0.0,0.0,0.0,0.0,400219.44,0.0,0.0,0.0,0.0,0.0,13141.97265625
89176,2025,1,122394.84,25408.02,18634.36,9317.18,664171.4,0.0,19588.97,33100.0,0.0,10000.0,98874.74,1071.43,532196.6,118293.49,0.0,0.0,0.0,565296.6,0.0,121323.42,9317.18,644472.5,5000.0,9317.18,509760.47,0.0,0.0,0.0,0.0,0.0,0.0,0.0,1766.0,0.0,0.0,35651.14,-1777.9395,644472.5,5000.0,9317.183,134712.03,122394.84,3000.0,0.0,109.98281,509760.47,25408.023,0.0,25408.023,0.0,25408.023,664171.4,121323.414,0.0,1071.4304,122394.84,0.0,0.0,0.0,0.0,122394.84,0.0,0.0,0.0,19588.967,23045.842,219.9656219482422
89177,2025,1,5522.25,2552.87,9753.16,4876.58,63756.26,0.0,0.0,15750.0,0.0,2997.81,0.0,0.0,48006.26,5522.25,0.0,0.0,0.0,63756.26,0.0,5522.25,4876.58,63756.26,2500.0,4876.58,51857.43,0.0,0.0,0.0,0.0,0.0,0.0,0.0,924.32,0.0,0.0,12.0,4.0176,63756.26,2500.0,4876.581,11898.832,5522.2515,1500.0,0.0,0.0,51857.43,2552.8716,0.0,2552.8716,0.0,2552.8716,63756.26,5522.2515,0.0,0.0,5522.2515,0.0,0.0,0.0,0.0,5522.2515,0.0,0.0,0.0,0.0,0.0,0.0
89178,2025,1,2702.15,3075.39,8555.48,4277.74,90481.42,0.0,16671.46,34700.0,0.0,4144.07,0.0,0.0,43781.42,2702.15,0.0,0.0,0.0,78481.42,0.0,2702.15,4277.74,73809.96,5000.0,4277.74,63107.81,0.0,0.0,0.0,0.0,0.0,0.0,0.0,810.81,0.0,0.0,12.0,4.4001,73809.96,5000.0,4277.7393,10702.153,2702.1536,3000.0,0.0,0.0,63107.81,3075.3904,0.0,3075.3904,0.0,3075.3904,90481.42,2702.1536,0.0,0.0,2702.1536,0.0,0.0,0.0,0.0,2702.1536,0.0,0.0,0.0,16671.46,19613.482,0.0
89179,2025,1,3626.46,1918.14,7337.58,3668.79,47958.0,0.0,0.0,15750.0,0.0,2207.9,0.0,0.0,32208.0,3626.46,0.0,0.0,0.0,47958.0,0.0,3626.46,3668.79,47958.0,2500.0,3668.79,39162.76,0.0,0.0,0.0,0.0,0.0,0.0,0.0,695.39,0.0,0.0,12.0,4.0173,47958.004,2500.0,3668.7874,8795.248,3626.4604,1500.0,0.0,0.0,39162.758,1918.138,0.0,1918.138,0.0,1918.138,47958.004,3626.4604,0.0,0.0,3626.4604,0.0,0.0,0.0,0.0,3626.4604,0.0,0.0,0.0,0.0,0.0,0.0
89180,2025,1,0.0,0.0,0.0,0.0,0.0,0.0,0.0,15750.0,0.0,0.0,0.0,0.0,0.0,0.0,0.0,0.0,0.0,15750.0,0.0,0.0,0.0,0.0,3000.0,0.0,0.0,0.0,0.0,0.0,0.0,0.0,0.0,0.0,0.0,0.0,0.0,-3.825,0.0,0.0,3000.0,0.0,4500.0,0.0,1500.0,0.0,0.0,0.0,0.0,0.0,0.0,0.0,0.0,0.0,0.0,0.0,0.0,0.0,0.0,0.0,0.0,0.0,0.0,0.0,0.0,0.0,0.0,0.0,0.0
89181,2025,1,12242.6,5340.1,20034.93,10017.46,133662.16,0.0,0.0,31500.0,0.0,6425.23,0.0,0.0,102162.16,12111.71,0.0,0.0,0.0,133662.16,0.0,12242.6,10017.46,133662.16,5000.0,10017.46,108402.09,0.0,0.0,0.0,0.0,0.0,0.0,0.0,1898.73,0.0,0.0,22.0,3.5181,133662.16,5000.0,10017.464,25260.059,12242.595,3000.0,0.0,0.0,108402.09,5340.1045,0.0,5340.1045,0.0,5340.1045,133662.16,12242.595,0.0,0.0,12242.595,0.0,0.0,0.0,0.0,12242.595,0.0,0.0,0.0,0.0,0.0,2252.66357421875
89182,2025,1,2.8698892e+07,3.6032068e+06,347173.44,234809.14,1.01013464e+08,0.0,24048.58,34700.0,0.0,10000.0,5.192231e+06,2.5923078e+06,9.5786536e+07,1.5214237e+07,0.0,0.0,0.0,9.582123e+07,0.0,26106585.0,234809.14,101002440.0,5000.0,234809.14,72065736.0,0.0,0.0,0.0,0.0,0.0,0.0,0.0,167641.94,0.0,0.0,1.9211641e+06,-96053.25,1.0100244e+08,5000.0,234809.14,2.8936702e+07,2.8698892e+07,3000.0,0.0,12000.0,7.2065736e+07,3.6032068e+06,0.0,3.6032068e+06,0.0,3.6032068e+06,1.01013464e+08,2.6106584e+07,0.0,2.5923078e+06,2.8698892e+07,0.0,0.0,0.0,0.0,2.8698892e+07,0.0,0.0,0.0,24048.582,28292.45,241112.890625
89183,2025,1,934.79,2370.63,0.0,0.0,70067.29,0.0,10919.81,17750.0,0.0,3313.36,0.0,0.0,46317.29,934.79,0.0,0.0,0.0,64067.29,0.0,934.79,0.0,53147.48,2500.0,0.0,48212.69,0.0,0.0,0.0,0.0,0.0,0.0,0.0,0.0,0.0,0.0,5.0,2.25,53147.48,2500.0,0.0,4934.7886,934.7887,1500.0,0.0,6000.0,48212.69,2370.6345,0.0,2370.6345,0.0,2370.6345,70067.29,934.7887,0.0,0.0,934.7887,0.0,0.0,0.0,0.0,934.7887,0.0,0.0,0.0,10919.807,12846.831,20480.501953125
89184,2025,1,0.0,0.0,90.47,45.24,11285.24,0.0,5696.74,34700.0,0.0,1161.61,0.0,0.0,0.0,0.0,0.0,0.0,0.0,34700.0,0.0,0.0,45.24,5588.5,8500.0,45.24,0.0,0.0,0.0,0.0,0.0,0.0,0.0,0.0,8.57,0.0,0.0,0.0,0.0,5588.5,8500.0,45.237144,11500.0,0.0,3000.0,0.0,0.0,0.0,0.0,0.0,0.0,0.0,0.0,11285.244,0.0,0.0,0.0,0.0,0.0,0.0,0.0,0.0,0.0,0.0,0.0,0.0,5696.744,75609.98,0.0
89185,2025,1,0.0,0.0,0.0,0.0,-308000.0,0.0,0.0,17750.0,0.0,0.0,0.0,0.0,0.0,0.0,0.0,0.0,0.0,17750.0,0.0,0.0,0.0,-30862180.0,3000.0,4.9379485e+06,0.0,0.0,0.0,0.0,0.0,0.0,0.0,0.0,0.0,0.0,0.0,0.0,0.0,-3.086218e+07,3000.0,4.9379485e+06,4.9394485e+06,0.0,1500.0,0.0,0.0,0.0,0.0,0.0,0.0,0.0,0.0,-308000.0,0.0,0.0,0.0,0.0,0.0,0.0,0.0,0.0,0.0,0.0,0.0,0.0,0.0,17676.652,0.0
89186,2025,1,3.1770504e+07,4.1726375e+06,174926.62,132970.97,1.153303e+08,0.0,0.0,31500.0,0.0,10000.0,1.3528568e+07,1.7497396e+06,1.0177024e+08,2.112866e+07,0.0,0.0,0.0,1.0180175e+08,0.0,30020763.0,132970.97,115361128.0,5000.0,132970.97,83454352.0,0.0,0.0,0.0,0.0,0.0,0.0,0.0,49488.58,0.0,0.0,5.005608e+06,-250275.5,1.1536113e+08,5000.0,132970.97,3.1906774e+07,3.1770504e+07,3000.0,300.0,0.0,8.345435e+07,4.1726375e+06,0.0,4.1726375e+06,0.0,4.1726375e+06,1.153303e+08,3.0020764e+07,0.0,1.7497396e+06,3.1770504e+07,0.0,0.0,0.0,0.0,3.1770504e+07,0.0,0.0,0.0,0.0,0.0,254149.0625
89187,2025,1,0.0,0.0,0.0,0.0,-308000.0,0.0,0.0,15750.0,0.0,0.0,0.0,0.0,0.0,0.0,0.0,0.0,0.0,15750.0,0.0,0.0,0.0,-2292691.5,3000.0,366830.62,0.0,0.0,0.0,0.0,0.0,0.0,0.0,0.0,0.0,0.0,0.0,0.0,0.0,-2.2926915e+06,3000.0,366830.62,368330.62,0.0,1500.0,0.0,0.0,0.0,0.0,0.0,0.0,0.0,0.0,-308000.0,0.0,0.0,0.0,0.0,0.0,0.0,0.0,0.0,0.0,0.0,0.0,0.0,0.0,0.0,0.0
89188,2025,1,9467.79,3798.39,14628.86,7314.43,133851.88,0.0,35353.05,34700.0,0.0,6312.59,166.61,0.0,86985.27,9467.79,0.0,0.0,0.0,121685.27,0.0,9467.79,7314.43,97349.98,5000.0,7314.43,77567.77,0.0,0.0,0.0,0.0,0.0,0.0,0.0,1386.4,0.0,0.0,12.0,4.0181,97349.984,5000.0,7314.429,19782.219,9467.789,3000.0,0.0,0.0,77567.766,3798.3882,0.0,3798.3882,0.0,3798.3882,133851.88,9467.789,0.0,0.0,9467.789,0.0,0.0,0.0,0.0,9467.789,0.0,0.0,0.0,35353.047,41591.82,0.0
89189,2025,1,0.0,0.0,0.0,0.0,70.73,0.0,0.0,17750.0,0.0,70.73,0.0,0.0,0.0,0.0,0.0,0.0,0.0,17750.0,0.0,0.0,0.0,70.73,3000.0,0.0,0.0,0.0,0.0,0.0,0.0,0.0,0.0,0.0,0.0,0.0,0.0,0.0,0.0,70.7323,3000.0,0.0,4500.0,0.0,1500.0,0.0,0.0,0.0,0.0,0.0,0.0,0.0,0.0,70.7323,0.0,0.0,0.0,0.0,0.0,0.0,0.0,0.0,0.0,0.0,0.0,0.0,0.0,22347.113,0.0
89190,2025,1,0.0,0.0,0.0,0.0,-379.68,0.0,0.0,17750.0,0.0,0.0,0.0,0.0,0.0,0.0,0.0,0.0,0.0,17750.0,0.0,0.0,0.0,-379.68,3000.0,60.75,0.0,0.0,0.0,0.0,0.0,0.0,0.0,0.0,0.0,0.0,0.0,0.0,0.0,-379.6797,3000.0,60.74875,4500.0,0.0,1500.0,0.0,0.0,0.0,0.0,0.0,0.0,0.0,0.0,-379.6797,0.0,0.0,0.0,0.0,0.0,0.0,0.0,0.0,0.0,0.0,0.0,0.0,0.0,0.0,0.0
89191,2025,1,3327.32,1817.99,6956.17,3478.08,45465.14,0.0,0.0,15750.0,0.0,2083.26,0.0,0.0,29715.14,3327.32,0.0,0.0,0.0,45465.14,0.0,3327.32,3478.08,45465.14,2500.0,3478.08,37159.74,0.0,0.0,0.0,0.0,0.0,0.0,0.0,659.24,0.0,0.0,12.0,4.0173,45465.137,2500.0,3478.0828,8305.399,3327.3164,1500.0,0.0,0.0,37159.74,1817.9869,0.0,1817.9869,0.0,1817.9869,45465.137,3327.3164,0.0,0.0,3327.3164,0.0,0.0,0.0,0.0,3327.3164,0.0,0.0,0.0,0.0,0.0,0.0
89192,2025,1,5.6909696e+07,8.479251e+06,329455.44,312542.06,2.2669749e+08,0.0,0.0,15750.0,0.0,10000.0,3.1423282e+06,7.996816e+06,2.2353941e+08,9.202616e+06,0.0,0.0,0.0,2.2355515e+08,0.0,48912880.0,312542.06,226809568.0,2500.0,312542.06,169585824.0,0.0,0.0,0.0,0.0,0.0,0.0,0.0,77478.63,0.0,0.0,1.162704e+06,-58129.0,2.2680957e+08,2500.0,312542.06,5.722374e+07,5.6909696e+07,1500.0,0.0,0.0,1.6958582e+08,8.479251e+06,0.0,8.479251e+06,0.0,8.479251e+06,2.2669749e+08,4.891288e+07,0.0,7.996816e+06,5.6909696e+07,0.0,0.0,0.0,0.0,5.6909696e+07,0.0,0.0,0.0,0.0,0.0,129865.0
89193,2025,1,197.56,1140.15,5121.77,2560.89,33475.64,0.0,0.0,31500.0,0.0,1483.78,0.0,0.0,1975.64,197.56,0.0,0.0,0.0,33475.64,0.0,197.56,2560.89,33475.64,5875.0,2560.89,24403.07,0.0,0.0,0.0,0.0,0.0,0.0,0.0,485.4,0.0,0.0,10.0,13.25,33475.637,5875.0,2560.8862,9072.563,197.56367,3000.0,0.0,0.0,24403.074,1140.1537,0.0,1140.1537,0.0,1140.1537,33475.637,197.56367,0.0,0.0,197.56367,0.0,0.0,0.0,0.0,197.56367,0.0,0.0,0.0,0.0,0.0,0.0
89194,2025,1,17810.05,8743.96,13127.38,6760.25,204452.81,0.0,0.0,31500.0,0.0,9842.64,21544.44,0.0,151408.39,20221.91,4400.0,0.0,0.0,182908.4,0.0,22210.05,6760.25,204649.39,5000.0,6760.25,176479.09,0.0,0.0,0.0,0.0,0.0,0.0,0.0,1206.84,0.0,0.0,22.0,3.5166,204649.39,5000.0,6760.252,28170.3,17810.049,3000.0,600.0,0.0,176479.1,8743.955,0.0,8743.955,0.0,8743.955,204452.83,22210.049,4400.0,0.0,17810.049,0.0,0.0,0.0,0.0,17810.049,0.0,0.0,0.0,0.0,0.0,0.0
89195,2025,1,0.0,0.0,1794.97,897.48,-53195.12,0.0,0.0,34700.0,0.0,0.0,0.0,0.0,0.0,0.0,0.0,0.0,0.0,34700.0,0.0,0.0,897.48,-87762.3,8500.0,14939.45,0.0,0.0,0.0,0.0,0.0,0.0,0.0,0.0,170.11,0.0,0.0,0.0,0.0,-87762.305,8500.0,14939.453,17939.453,0.0,3000.0,0.0,0.0,0.0,0.0,0.0,0.0,0.0,0.0,-53195.125,0.0,0.0,0.0,0.0,0.0,0.0,0.0,0.0,0.0,0.0,0.0,0.0,0.0,34458.438,0.0
89196,2025,1,0.0,0.0,0.0,0.0,-57245.33,0.0,0.0,17750.0,0.0,0.0,0.0,0.0,0.0,0.0,0.0,0.0,0.0,17750.0,0.0,0.0,0.0,-150290.73,3000.0,24046.52,0.0,0.0,0.0,0.0,0.0,0.0,0.0,0.0,0.0,0.0,0.0,0.0,0.0,-150290.73,3000.0,24046.518,25546.518,0.0,1500.0,0.0,0.0,0.0,0.0,0.0,0.0,0.0,0.0,-57245.332,0.0,0.0,0.0,0.0,0.0,0.0,0.0,0.0,0.0,0.0,0.0,0.0,0.0,17222.068,0.0
89197,2025,1,1130.0,2599.75,9672.97,4836.49,63225.02,0.0,0.0,31500.0,0.0,2781.25,0.0,0.0,31725.03,3330.0,2200.0,0.0,0.0,63225.02,0.0,3330.0,4836.49,63225.03,5000.0,4836.49,53595.02,0.0,0.0,0.0,0.0,0.0,0.0,0.0,916.72,0.0,0.0,11.9998,4.3997,63225.027,5000.0,4836.4863,9630.003,1130.0032,3000.0,500.0,0.0,53595.023,2599.7512,0.0,2599.7512,0.0,2599.7512,63225.027,3330.0032,2200.0,0.0,1130.0032,0.0,0.0,0.0,0.0,1130.0032,0.0,0.0,0.0,0.0,0.0,0.0
89198,2025,1,1764.66,2819.46,10519.79,5259.89,68513.83,0.0,0.0,31500.0,0.0,3059.63,0.0,0.0,37013.83,3964.66,2200.0,0.0,0.0,68513.83,0.0,3964.66,5259.89,68513.83,5000.0,5259.89,57989.27,0.0,0.0,0.0,0.0,0.0,0.0,0.0,996.97,0.0,0.0,12.0,4.0176,68513.83,5000.0,5259.894,10524.554,1764.6594,3000.0,500.0,0.0,57989.273,2819.4636,0.0,2819.4636,0.0,2819.4636,68513.83,3964.6594,2200.0,0.0,1764.6594,0.0,0.0,0.0,0.0,1764.6594,0.0,0.0,0.0,0.0,0.0,0.0
89199,2025,1,2645.53,3115.32,11604.83,5802.42,75854.44,0.0,0.0,31500.0,0.0,3412.72,0.0,0.0,44354.44,4845.53,2200.0,0.0,0.0,75854.44,0.0,4845.53,5802.42,75854.44,5000.0,5802.42,63906.49,0.0,0.0,0.0,0.0,0.0,0.0,0.0,1099.8,0.0,0.0,12.0,4.0171,75854.44,5000.0,5802.416,11947.949,2645.5327,3000.0,500.0,0.0,63906.49,3115.3245,0.0,3115.3245,0.0,3115.3245,75854.44,4845.5327,2200.0,0.0,2645.5327,0.0,0.0,0.0,0.0,2645.5327,0.0,0.0,0.0,0.0,0.0,0.0
89200,2025,1,-649.0,0.0,2230.43,1115.21,6578.05,0.0,0.0,33100.0,0.0,569.06,0.0,0.0,0.0,0.0,0.0,0.0,649.0,33100.0,0.0,0.0,1115.21,-20659.84,8500.0,4420.79,0.0,0.0,0.0,0.0,0.0,0.0,0.0,0.0,211.38,0.0,0.0,0.0,0.0,-20659.844,8500.0,4420.789,11500.0,0.0,3000.0,0.0,0.0,0.0,0.0,0.0,0.0,0.0,0.0,6578.05,0.0,0.0,0.0,0.0,649.0,0.0,0.0,649.0,-649.0,0.0,0.0,0.0,0.0,883.6283,0.0
89201,2025,1,-61.25,577.83,2579.05,1289.52,16856.52,0.0,0.0,15750.0,0.0,652.83,0.0,0.0,1106.53,110.65,0.0,0.0,171.91,16856.52,0.0,110.65,1289.52,16856.53,3000.0,1289.52,12356.53,0.0,0.0,0.0,0.0,0.0,0.0,0.0,244.42,0.0,0.0,17.65,5.0,16856.525,3000.0,1289.5242,4500.0,0.0,1500.0,0.0,0.0,12356.525,577.8263,0.0,577.8263,0.0,577.8263,16856.525,110.65254,0.0,0.0,110.65254,171.90582,0.0,0.0,171.90582,-61.25328,0.0,0.0,0.0,0.0,0.0,0.0
89202,2025,1,74.05,0.0,17168.8,9108.1,56176.15,0.0,0.0,31500.0,0.0,4020.85,0.0,0.0,24676.15,2274.05,2200.0,0.0,0.0,56176.15,0.0,2274.05,9108.1,-278339.34,8500.0,53642.4,0.0,0.0,0.0,0.0,0.0,0.0,0.0,0.0,1527.85,0.0,0.0,10.0,0.0,-278339.34,8500.0,53642.395,57716.445,74.04932,3000.0,1000.0,0.0,0.0,0.0,0.0,0.0,0.0,0.0,56176.152,2274.0493,2200.0,0.0,74.04932,0.0,0.0,0.0,0.0,74.04932,0.0,0.0,0.0,0.0,0.0,0.0
89203,2025,1,2.959105e+07,4.0768112e+06,368626.7,346295.2,1.1135675e+08,0.0,0.0,31500.0,0.0,10000.0,9.5833e+06,2.3893615e+06,1.0174196e+08,1.5005339e+07,0.0,0.0,0.0,1.0177346e+08,0.0,27201688.0,346295.2,111479672.0,5000.0,346295.2,81537824.0,0.0,0.0,0.0,0.0,0.0,0.0,0.0,84716.15,0.0,0.0,3.5458598e+06,-177288.0,1.1147967e+08,5000.0,346295.22,2.9941846e+07,2.959105e+07,3000.0,1500.0,0.0,8.153782e+07,4.0768112e+06,0.0,4.0768112e+06,0.0,4.0768112e+06,1.1135675e+08,2.7201688e+07,0.0,2.3893615e+06,2.959105e+07,0.0,0.0,0.0,0.0,2.959105e+07,0.0,0.0,0.0,0.0,0.0,108146.3984375
89204,2025,1,0.0,0.0,0.0,0.0,-3021.92,0.0,0.0,15750.0,0.0,0.0,0.0,0.0,0.0,0.0,0.0,0.0,0.0,15750.0,0.0,0.0,0.0,-3021.92,3000.0,483.51,0.0,0.0,0.0,0.0,0.0,0.0,0.0,0.0,0.0,0.0,0.0,-3.825,0.0,-3021.9175,3000.0,483.50677,4500.0,0.0,1500.0,0.0,0.0,0.0,0.0,0.0,0.0,0.0,0.0,-3021.9175,0.0,0.0,0.0,0.0,0.0,0.0,0.0,0.0,0.0,0.0,0.0,0.0,0.0,0.0,0.0
89205,2025,1,406583.97,47897.68,65927.78,36901.43,1.406339e+06,0.0,0.0,31500.0,0.0,10000.0,34068.3,4217.52,1.3407708e+06,381447.38,0.0,0.0,0.0,1.3722708e+06,0.0,402366.45,36901.43,1406338.88,5000.0,36901.43,959553.5,0.0,0.0,0.0,0.0,0.0,0.0,0.0,24187.73,0.0,0.0,12642.219,-627.2383,1.4063389e+06,5000.0,36901.43,446785.4,406583.97,3000.0,300.0,0.0,959553.5,47897.676,0.0,47897.676,0.0,47897.676,1.406339e+06,402366.44,0.0,4217.521,406583.97,0.0,0.0,0.0,0.0,406583.97,0.0,0.0,0.0,0.0,0.0,0.0
89206,2025,1,1.096277e+06,118186.2,111788.32,65806.34,3.5305768e+06,0.0,0.0,31500.0,0.0,10000.0,48141.98,33196.48,3.4509345e+06,900930.2,0.0,0.0,0.0,3.4824345e+06,0.0,1063080.47,65806.34,3530707.25,5000.0,65806.34,2365324.0,0.0,0.0,0.0,0.0,0.0,0.0,0.0,54577.06,0.0,0.0,17849.5,-887.6016,3.5307072e+06,5000.0,65806.336,1.1653834e+06,1.096277e+06,3000.0,300.0,0.0,2.365324e+06,118186.2,0.0,118186.2,0.0,118186.2,3.5305765e+06,1.0630805e+06,0.0,33196.477,1.096277e+06,0.0,0.0,0.0,0.0,1.096277e+06,0.0,0.0,0.0,0.0,0.0,1547.7423095703125
